"tier","scenario_family","scenario_name","layer","world","condition","task","model","band","n_jobs"
"tier2_cross_condition","cross_condition_transfer","EC_train__EO_photo_test","P0_derivative_amplitude_deciles","DERIVED_DECILES_ALL","EC_train__EO_photo_test","AD_FTD_vs_CN","kTSP_CV_disjoint","alpha",1
"tier2_cross_condition","cross_condition_transfer","EO_photo_train__EC_test","P0_derivative_amplitude_deciles","REGION_AGGREGATES_ALL","EO_photo_train__EC_test","AD_FTD_vs_CN","kTSP_CV_disjoint","alpha",1
"smoke","single_condition","single_condition","P0_derivative_amplitude_deciles","REGION_AGGREGATES_ALL","ds006036__EO_or_photomark","AD_vs_CN","kTSP_CV_disjoint","alpha",2
"tier2_cross_condition","cross_condition_transfer","EC_train__EO_photo_test","P0_derivative_amplitude_deciles","DERIVED_DECILES_ALL","EC_train__EO_photo_test","AD_vs_CN","kTSP_CV_disjoint","alpha",1
"tier2_cross_condition","cross_condition_transfer","EC_train__EO_photo_test","P0_derivative_amplitude_deciles","REGION_AGGREGATES_ALL","EC_train__EO_photo_test","AD_vs_CN","kTSP_CV_disjoint","alpha",2
"tier2_cross_condition","cross_condition_transfer","EO_photo_train__EC_test","P0_derivative_amplitude_deciles","DERIVED_DECILES_ALL","EO_photo_train__EC_test","AD_vs_CN","kTSP_CV_disjoint","alpha",1
"tier1_main","single_condition","single_condition","P1_psd_bandpower_from_derivatives","PSD_ABSOLUTE_CHANNEL_BAND","ds004504__EC","AD_vs_FTD","kTSP_CV_disjoint","alpha",76
"tier1_main","single_condition","single_condition","P0_derivative_amplitude_deciles","REGION_AGGREGATES_ALL","ds004504__EC","CN_vs_FTD","kTSP_CV_disjoint","alpha",37
"tier2_cross_condition","cross_condition_transfer","EC_train__EO_photo_test","P0_derivative_amplitude_deciles","DERIVED_DECILES_ALL","EC_train__EO_photo_test","CN_vs_FTD","kTSP_CV_disjoint","alpha",1
"tier2_cross_condition","cross_condition_transfer","EO_photo_train__EC_test","P1_psd_bandpower_from_derivatives","PSD_REGION_ABSOLUTE","EO_photo_train__EC_test","AD_FTD_vs_CN","kTSP_CV_nondisjoint","alpha",1
"smoke","single_condition","single_condition","P1_psd_bandpower_from_derivatives","PSD_REGION_ABSOLUTE","ds004504__EC","AD_vs_CN","kTSP_CV_nondisjoint","alpha",2
"smoke","single_condition","single_condition","P0_derivative_amplitude_deciles","REGION_AGGREGATES_ALL","ds004504__EC","AD_vs_CN","kTSP_CV_nondisjoint","alpha",2
"smoke","single_condition","single_condition","P1_psd_bandpower_from_derivatives","PSD_REGION_ABSOLUTE","ds006036__EO_or_photomark","AD_vs_CN","kTSP_CV_nondisjoint","alpha",2
"tier2_cross_condition","cross_condition_transfer","EO_photo_train__EC_test","P1_psd_bandpower_from_derivatives","PSD_REGION_ABSOLUTE","EO_photo_train__EC_test","AD_vs_CN","kTSP_CV_nondisjoint","alpha",2
"tier1_main","single_condition","single_condition","P0_derivative_amplitude_deciles","DERIVED_DECILES_ALL","ds004504__EC","AD_vs_FTD","kTSP_CV_nondisjoint","alpha",99
"tier2_cross_condition","cross_condition_transfer","EC_train__EO_photo_test","P1_psd_bandpower_from_derivatives","PSD_REGION_ABSOLUTE","EC_train__EO_photo_test","AD_vs_FTD","kTSP_CV_nondisjoint","alpha",1
"tier2_cross_condition","cross_condition_transfer","EO_photo_train__EC_test","P1_psd_bandpower_from_derivatives","PSD_REGION_ABSOLUTE","EO_photo_train__EC_test","CN_vs_FTD","kTSP_CV_nondisjoint","alpha",1
"tier2_cross_condition","cross_condition_transfer","EC_train__EO_photo_test","P0_derivative_amplitude_deciles","REGION_AGGREGATES_ALL","EC_train__EO_photo_test","AD_vs_FTD","kTSP_k3_disjoint","alpha",1
"tier2_cross_condition","cross_condition_transfer","EO_photo_train__EC_test","P1_psd_bandpower_from_derivatives","PSD_REGION_ABSOLUTE","EO_photo_train__EC_test","AD_vs_FTD","kTSP_k3_disjoint","alpha",1
"tier1_main","single_condition","single_condition","P1_psd_bandpower_from_derivatives","PSD_ABSOLUTE_CHANNEL_BAND","ds006036__EO_or_photomark","CN_vs_FTD","kTSP_k3_disjoint","alpha",100
"tier2_cross_condition","cross_condition_transfer","EO_photo_train__EC_test","P0_derivative_amplitude_deciles","REGION_AGGREGATES_ALL","EO_photo_train__EC_test","AD_vs_CN","kTSP_k3_nondisjoint","alpha",2
"tier1_main","single_condition","single_condition","P1_psd_bandpower_from_derivatives","PSD_REGION_ABSOLUTE","ds006036__EO_or_photomark","AD_vs_FTD","kTSP_k3_nondisjoint","alpha",100
"tier2_cross_condition","cross_condition_transfer","EC_train__EO_photo_test","P0_derivative_amplitude_deciles","DERIVED_DECILES_ALL","EC_train__EO_photo_test","AD_vs_FTD","kTSP_k3_nondisjoint","alpha",1
"tier2_cross_condition","cross_condition_transfer","EC_train__EO_photo_test","P1_psd_bandpower_from_derivatives","PSD_REGION_ABSOLUTE","EC_train__EO_photo_test","AD_FTD_vs_CN","kTSP_k5_disjoint","alpha",1
"tier2_cross_condition","cross_condition_transfer","EO_photo_train__EC_test","P0_derivative_amplitude_deciles","DERIVED_DECILES_ALL","EO_photo_train__EC_test","AD_FTD_vs_CN","kTSP_k5_disjoint","alpha",1
"tier4_pooled","pooled_condition","POOLED_EC_EO_subject_grouped","P1_psd_bandpower_from_derivatives","PSD_REGION_ABSOLUTE","POOLED_EC_EO_subject_grouped","AD_FTD_vs_CN","kTSP_k5_disjoint","alpha",100
"tier1_main","single_condition","single_condition","P1_psd_bandpower_from_derivatives","PSD_REGION_ABSOLUTE","ds004504__EC","AD_vs_CN","kTSP_k5_disjoint","alpha",100
"tier2_cross_condition","cross_condition_transfer","EC_train__EO_photo_test","P1_psd_bandpower_from_derivatives","PSD_REGION_ABSOLUTE","EC_train__EO_photo_test","AD_vs_CN","kTSP_k5_disjoint","alpha",2
"tier4_pooled","pooled_condition","POOLED_EC_EO_subject_grouped","P1_psd_bandpower_from_derivatives","PSD_REGION_ABSOLUTE","POOLED_EC_EO_subject_grouped","AD_vs_CN","kTSP_k5_disjoint","alpha",100
"tier1_main","single_condition","single_condition","P0_derivative_amplitude_deciles","RAW_DECILES","ds006036__EO_or_photomark","CN_vs_FTD","kTSP_k5_disjoint","alpha",62
"tier4_pooled","pooled_condition","POOLED_EC_EO_subject_grouped","P0_derivative_amplitude_deciles","REGION_AGGREGATES_ALL","POOLED_EC_EO_subject_grouped","CN_vs_FTD","kTSP_k5_disjoint","alpha",4
"tier2_cross_condition","cross_condition_transfer","EC_train__EO_photo_test","P0_derivative_amplitude_deciles","REGION_AGGREGATES_ALL","EC_train__EO_photo_test","AD_FTD_vs_CN","kTSP_k5_nondisjoint","alpha",1
"tier1_main","single_condition","single_condition","P0_derivative_amplitude_deciles","REGION_AGGREGATES_ALL","ds004504__EC","AD_vs_CN","kTSP_k5_nondisjoint","alpha",96
"tier4_pooled","pooled_condition","POOLED_EC_EO_subject_grouped","P0_derivative_amplitude_deciles","REGION_AGGREGATES_ALL","POOLED_EC_EO_subject_grouped","AD_vs_FTD","kTSP_k5_nondisjoint","alpha",72
"tier1_main","single_condition","single_condition","P1_psd_bandpower_from_derivatives","PSD_REGION_ABSOLUTE","ds004504__EC","CN_vs_FTD","kTSP_k5_nondisjoint","alpha",100
"tier1_main","single_condition","single_condition","P0_derivative_amplitude_deciles","DERIVED_DECILES_ALL","ds004504__EC","AD_FTD_vs_CN","kTSP_k9_disjoint","alpha",98
"tier1_main","single_condition","single_condition","P1_psd_bandpower_from_derivatives","PSD_ABSOLUTE_CHANNEL_BAND","ds004504__EC","AD_FTD_vs_CN","kTSP_k9_disjoint","alpha",100
"tier1_main","single_condition","single_condition","P0_derivative_amplitude_deciles","RAW_DECILES","ds004504__EC","AD_FTD_vs_CN","kTSP_k9_disjoint","alpha",98
"tier1_main","single_condition","single_condition","P0_derivative_amplitude_deciles","REGION_AGGREGATES_ALL","ds004504__EC","AD_FTD_vs_CN","kTSP_k9_disjoint","alpha",96
"tier1_main","single_condition","single_condition","P0_derivative_amplitude_deciles","DERIVED_DECILES_ALL","ds006036__EO_or_photomark","AD_FTD_vs_CN","kTSP_k9_disjoint","alpha",99
"tier1_main","single_condition","single_condition","P1_psd_bandpower_from_derivatives","PSD_ABSOLUTE_CHANNEL_BAND","ds006036__EO_or_photomark","AD_FTD_vs_CN","kTSP_k9_disjoint","alpha",100
"tier1_main","single_condition","single_condition","P1_psd_bandpower_from_derivatives","PSD_REGION_ABSOLUTE","ds006036__EO_or_photomark","AD_FTD_vs_CN","kTSP_k9_disjoint","alpha",100
"tier1_main","single_condition","single_condition","P0_derivative_amplitude_deciles","RAW_DECILES","ds006036__EO_or_photomark","AD_FTD_vs_CN","kTSP_k9_disjoint","alpha",97
"tier1_main","single_condition","single_condition","P0_derivative_amplitude_deciles","REGION_AGGREGATES_ALL","ds006036__EO_or_photomark","AD_FTD_vs_CN","kTSP_k9_disjoint","alpha",73
"tier4_pooled","pooled_condition","POOLED_EC_EO_subject_grouped","P0_derivative_amplitude_deciles","DERIVED_DECILES_ALL","POOLED_EC_EO_subject_grouped","AD_FTD_vs_CN","kTSP_k9_disjoint","alpha",100
"tier4_pooled","pooled_condition","POOLED_EC_EO_subject_grouped","P0_derivative_amplitude_deciles","REGION_AGGREGATES_ALL","POOLED_EC_EO_subject_grouped","AD_FTD_vs_CN","kTSP_k9_disjoint","alpha",95
"tier1_main","single_condition","single_condition","P0_derivative_amplitude_deciles","DERIVED_DECILES_ALL","ds004504__EC","AD_vs_CN","kTSP_k9_disjoint","alpha",100
"tier1_main","single_condition","single_condition","P1_psd_bandpower_from_derivatives","PSD_ABSOLUTE_CHANNEL_BAND","ds004504__EC","AD_vs_CN","kTSP_k9_disjoint","alpha",100
"tier1_main","single_condition","single_condition","P0_derivative_amplitude_deciles","RAW_DECILES","ds004504__EC","AD_vs_CN","kTSP_k9_disjoint","alpha",92
"tier1_main","single_condition","single_condition","P0_derivative_amplitude_deciles","DERIVED_DECILES_ALL","ds006036__EO_or_photomark","AD_vs_CN","kTSP_k9_disjoint","alpha",100
"tier1_main","single_condition","single_condition","P1_psd_bandpower_from_derivatives","PSD_ABSOLUTE_CHANNEL_BAND","ds006036__EO_or_photomark","AD_vs_CN","kTSP_k9_disjoint","alpha",100
"tier1_main","single_condition","single_condition","P1_psd_bandpower_from_derivatives","PSD_REGION_ABSOLUTE","ds006036__EO_or_photomark","AD_vs_CN","kTSP_k9_disjoint","alpha",100
"tier1_main","single_condition","single_condition","P0_derivative_amplitude_deciles","RAW_DECILES","ds006036__EO_or_photomark","AD_vs_CN","kTSP_k9_disjoint","alpha",99
"tier1_main","single_condition","single_condition","P0_derivative_amplitude_deciles","REGION_AGGREGATES_ALL","ds006036__EO_or_photomark","AD_vs_CN","kTSP_k9_disjoint","alpha",97
"tier4_pooled","pooled_condition","POOLED_EC_EO_subject_grouped","P0_derivative_amplitude_deciles","DERIVED_DECILES_ALL","POOLED_EC_EO_subject_grouped","AD_vs_CN","kTSP_k9_disjoint","alpha",100
"tier4_pooled","pooled_condition","POOLED_EC_EO_subject_grouped","P0_derivative_amplitude_deciles","REGION_AGGREGATES_ALL","POOLED_EC_EO_subject_grouped","AD_vs_CN","kTSP_k9_disjoint","alpha",100
"tier1_main","single_condition","single_condition","P1_psd_bandpower_from_derivatives","PSD_REGION_ABSOLUTE","ds004504__EC","AD_vs_FTD","kTSP_k9_disjoint","alpha",100
"tier1_main","single_condition","single_condition","P0_derivative_amplitude_deciles","RAW_DECILES","ds004504__EC","AD_vs_FTD","kTSP_k9_disjoint","alpha",53
"tier1_main","single_condition","single_condition","P0_derivative_amplitude_deciles","REGION_AGGREGATES_ALL","ds004504__EC","AD_vs_FTD","kTSP_k9_disjoint","alpha",51
"tier1_main","single_condition","single_condition","P0_derivative_amplitude_deciles","DERIVED_DECILES_ALL","ds006036__EO_or_photomark","AD_vs_FTD","kTSP_k9_disjoint","alpha",95
"tier1_main","single_condition","single_condition","P1_psd_bandpower_from_derivatives","PSD_ABSOLUTE_CHANNEL_BAND","ds006036__EO_or_photomark","AD_vs_FTD","kTSP_k9_disjoint","alpha",85
"tier1_main","single_condition","single_condition","P0_derivative_amplitude_deciles","REGION_AGGREGATES_ALL","ds006036__EO_or_photomark","AD_vs_FTD","kTSP_k9_disjoint","alpha",52
"tier2_cross_condition","cross_condition_transfer","EO_photo_train__EC_test","P0_derivative_amplitude_deciles","DERIVED_DECILES_ALL","EO_photo_train__EC_test","AD_vs_FTD","kTSP_k9_disjoint","alpha",1
"tier4_pooled","pooled_condition","POOLED_EC_EO_subject_grouped","P0_derivative_amplitude_deciles","DERIVED_DECILES_ALL","POOLED_EC_EO_subject_grouped","AD_vs_FTD","kTSP_k9_disjoint","alpha",99
"tier1_main","single_condition","single_condition","P0_derivative_amplitude_deciles","DERIVED_DECILES_ALL","ds004504__EC","CN_vs_FTD","kTSP_k9_disjoint","alpha",75
"tier1_main","single_condition","single_condition","P1_psd_bandpower_from_derivatives","PSD_ABSOLUTE_CHANNEL_BAND","ds004504__EC","CN_vs_FTD","kTSP_k9_disjoint","alpha",97
"tier1_main","single_condition","single_condition","P0_derivative_amplitude_deciles","RAW_DECILES","ds004504__EC","CN_vs_FTD","kTSP_k9_disjoint","alpha",55
"tier1_main","single_condition","single_condition","P0_derivative_amplitude_deciles","DERIVED_DECILES_ALL","ds006036__EO_or_photomark","CN_vs_FTD","kTSP_k9_disjoint","alpha",83
"tier4_pooled","pooled_condition","POOLED_EC_EO_subject_grouped","P0_derivative_amplitude_deciles","DERIVED_DECILES_ALL","POOLED_EC_EO_subject_grouped","CN_vs_FTD","kTSP_k9_disjoint","alpha",90
"tier1_main","single_condition","single_condition","P1_psd_bandpower_from_derivatives","PSD_REGION_ABSOLUTE","ds004504__EC","AD_FTD_vs_CN","kTSP_k9_nondisjoint","alpha",100
"tier1_main","single_condition","single_condition","P0_derivative_amplitude_deciles","RAW_DECILES","ds006036__EO_or_photomark","AD_vs_FTD","kTSP_k9_nondisjoint","alpha",88
"tier4_pooled","pooled_condition","POOLED_EC_EO_subject_grouped","P1_psd_bandpower_from_derivatives","PSD_REGION_ABSOLUTE","POOLED_EC_EO_subject_grouped","AD_vs_FTD","kTSP_k9_nondisjoint","alpha",100
"tier1_main","single_condition","single_condition","P1_psd_bandpower_from_derivatives","PSD_REGION_ABSOLUTE","ds006036__EO_or_photomark","CN_vs_FTD","kTSP_k9_nondisjoint","alpha",100
"tier2_cross_condition","cross_condition_transfer","EC_train__EO_photo_test","P1_psd_bandpower_from_derivatives","PSD_REGION_ABSOLUTE","EC_train__EO_photo_test","CN_vs_FTD","kTSP_k9_nondisjoint","alpha",1
"tier4_pooled","pooled_condition","POOLED_EC_EO_subject_grouped","P1_psd_bandpower_from_derivatives","PSD_REGION_ABSOLUTE","POOLED_EC_EO_subject_grouped","CN_vs_FTD","kTSP_k9_nondisjoint","alpha",100
"tier1_main","single_condition","single_condition","P0_derivative_amplitude_deciles","REGION_AGGREGATES_ALL","ds006036__EO_or_photomark","CN_vs_FTD","TSP_k1","alpha",9
"tier2_cross_condition","cross_condition_transfer","EO_photo_train__EC_test","P0_derivative_amplitude_deciles","REGION_AGGREGATES_ALL","EO_photo_train__EC_test","AD_FTD_vs_CN","kTSP_CV_disjoint","beta",1
"tier2_cross_condition","cross_condition_transfer","EC_train__EO_photo_test","P0_derivative_amplitude_deciles","DERIVED_DECILES_ALL","EC_train__EO_photo_test","AD_vs_CN","kTSP_CV_disjoint","beta",1
"tier1_main","single_condition","single_condition","P1_psd_bandpower_from_derivatives","PSD_ABSOLUTE_CHANNEL_BAND","ds004504__EC","AD_vs_FTD","kTSP_CV_disjoint","beta",46
"tier1_main","single_condition","single_condition","P0_derivative_amplitude_deciles","REGION_AGGREGATES_ALL","ds004504__EC","CN_vs_FTD","kTSP_CV_disjoint","beta",99
"tier2_cross_condition","cross_condition_transfer","EC_train__EO_photo_test","P0_derivative_amplitude_deciles","DERIVED_DECILES_ALL","EC_train__EO_photo_test","CN_vs_FTD","kTSP_CV_disjoint","beta",1
"tier2_cross_condition","cross_condition_transfer","EO_photo_train__EC_test","P0_derivative_amplitude_deciles","REGION_AGGREGATES_ALL","EO_photo_train__EC_test","CN_vs_FTD","kTSP_CV_disjoint","beta",1
"smoke","single_condition","single_condition","P1_psd_bandpower_from_derivatives","PSD_REGION_ABSOLUTE","ds004504__EC","AD_vs_CN","kTSP_CV_nondisjoint","beta",2
"smoke","single_condition","single_condition","P0_derivative_amplitude_deciles","REGION_AGGREGATES_ALL","ds004504__EC","AD_vs_CN","kTSP_CV_nondisjoint","beta",1
"tier1_main","single_condition","single_condition","P0_derivative_amplitude_deciles","DERIVED_DECILES_ALL","ds004504__EC","AD_vs_FTD","kTSP_CV_nondisjoint","beta",78
"tier2_cross_condition","cross_condition_transfer","EC_train__EO_photo_test","P1_psd_bandpower_from_derivatives","PSD_REGION_ABSOLUTE","EC_train__EO_photo_test","AD_vs_FTD","kTSP_CV_nondisjoint","beta",1
"tier2_cross_condition","cross_condition_transfer","EO_photo_train__EC_test","P0_derivative_amplitude_deciles","REGION_AGGREGATES_ALL","EO_photo_train__EC_test","AD_vs_FTD","kTSP_CV_nondisjoint","beta",1
"tier2_cross_condition","cross_condition_transfer","EC_train__EO_photo_test","P0_derivative_amplitude_deciles","REGION_AGGREGATES_ALL","EC_train__EO_photo_test","CN_vs_FTD","kTSP_CV_nondisjoint","beta",1
"tier2_cross_condition","cross_condition_transfer","EC_train__EO_photo_test","P0_derivative_amplitude_deciles","REGION_AGGREGATES_ALL","EC_train__EO_photo_test","AD_vs_FTD","kTSP_k3_disjoint","beta",1
"tier2_cross_condition","cross_condition_transfer","EO_photo_train__EC_test","P1_psd_bandpower_from_derivatives","PSD_REGION_ABSOLUTE","EO_photo_train__EC_test","AD_vs_FTD","kTSP_k3_disjoint","beta",1
"tier1_main","single_condition","single_condition","P1_psd_bandpower_from_derivatives","PSD_ABSOLUTE_CHANNEL_BAND","ds006036__EO_or_photomark","CN_vs_FTD","kTSP_k3_disjoint","beta",99
"tier2_cross_condition","cross_condition_transfer","EO_photo_train__EC_test","P0_derivative_amplitude_deciles","DERIVED_DECILES_ALL","EO_photo_train__EC_test","CN_vs_FTD","kTSP_k3_disjoint","beta",1
"tier1_main","single_condition","single_condition","P1_psd_bandpower_from_derivatives","PSD_REGION_ABSOLUTE","ds006036__EO_or_photomark","AD_vs_FTD","kTSP_k3_nondisjoint","beta",100
"tier2_cross_condition","cross_condition_transfer","EC_train__EO_photo_test","P0_derivative_amplitude_deciles","DERIVED_DECILES_ALL","EC_train__EO_photo_test","AD_vs_FTD","kTSP_k3_nondisjoint","beta",1
"tier2_cross_condition","cross_condition_transfer","EC_train__EO_photo_test","P1_psd_bandpower_from_derivatives","PSD_REGION_ABSOLUTE","EC_train__EO_photo_test","AD_FTD_vs_CN","kTSP_k5_disjoint","beta",1
"tier4_pooled","pooled_condition","POOLED_EC_EO_subject_grouped","P1_psd_bandpower_from_derivatives","PSD_REGION_ABSOLUTE","POOLED_EC_EO_subject_grouped","AD_FTD_vs_CN","kTSP_k5_disjoint","beta",100
"tier1_main","single_condition","single_condition","P1_psd_bandpower_from_derivatives","PSD_REGION_ABSOLUTE","ds004504__EC","AD_vs_CN","kTSP_k5_disjoint","beta",100
"tier2_cross_condition","cross_condition_transfer","EC_train__EO_photo_test","P1_psd_bandpower_from_derivatives","PSD_REGION_ABSOLUTE","EC_train__EO_photo_test","AD_vs_CN","kTSP_k5_disjoint","beta",2
"tier4_pooled","pooled_condition","POOLED_EC_EO_subject_grouped","P1_psd_bandpower_from_derivatives","PSD_REGION_ABSOLUTE","POOLED_EC_EO_subject_grouped","AD_vs_CN","kTSP_k5_disjoint","beta",99
"tier1_main","single_condition","single_condition","P0_derivative_amplitude_deciles","RAW_DECILES","ds006036__EO_or_photomark","CN_vs_FTD","kTSP_k5_disjoint","beta",90
"tier4_pooled","pooled_condition","POOLED_EC_EO_subject_grouped","P0_derivative_amplitude_deciles","REGION_AGGREGATES_ALL","POOLED_EC_EO_subject_grouped","CN_vs_FTD","kTSP_k5_disjoint","beta",100
"tier1_main","single_condition","single_condition","P0_derivative_amplitude_deciles","REGION_AGGREGATES_ALL","ds004504__EC","AD_vs_CN","kTSP_k5_nondisjoint","beta",33
"tier4_pooled","pooled_condition","POOLED_EC_EO_subject_grouped","P0_derivative_amplitude_deciles","REGION_AGGREGATES_ALL","POOLED_EC_EO_subject_grouped","AD_vs_FTD","kTSP_k5_nondisjoint","beta",62
"tier1_main","single_condition","single_condition","P1_psd_bandpower_from_derivatives","PSD_REGION_ABSOLUTE","ds004504__EC","CN_vs_FTD","kTSP_k5_nondisjoint","beta",83
"tier1_main","single_condition","single_condition","P0_derivative_amplitude_deciles","DERIVED_DECILES_ALL","ds004504__EC","AD_FTD_vs_CN","kTSP_k9_disjoint","beta",58
"tier1_main","single_condition","single_condition","P1_psd_bandpower_from_derivatives","PSD_ABSOLUTE_CHANNEL_BAND","ds004504__EC","AD_FTD_vs_CN","kTSP_k9_disjoint","beta",67
"tier1_main","single_condition","single_condition","P0_derivative_amplitude_deciles","RAW_DECILES","ds004504__EC","AD_FTD_vs_CN","kTSP_k9_disjoint","beta",54
"tier1_main","single_condition","single_condition","P0_derivative_amplitude_deciles","REGION_AGGREGATES_ALL","ds004504__EC","AD_FTD_vs_CN","kTSP_k9_disjoint","beta",68
"tier1_main","single_condition","single_condition","P0_derivative_amplitude_deciles","DERIVED_DECILES_ALL","ds006036__EO_or_photomark","AD_FTD_vs_CN","kTSP_k9_disjoint","beta",53
"tier1_main","single_condition","single_condition","P1_psd_bandpower_from_derivatives","PSD_ABSOLUTE_CHANNEL_BAND","ds006036__EO_or_photomark","AD_FTD_vs_CN","kTSP_k9_disjoint","beta",73
"tier1_main","single_condition","single_condition","P1_psd_bandpower_from_derivatives","PSD_REGION_ABSOLUTE","ds006036__EO_or_photomark","AD_FTD_vs_CN","kTSP_k9_disjoint","beta",98
"tier1_main","single_condition","single_condition","P0_derivative_amplitude_deciles","RAW_DECILES","ds006036__EO_or_photomark","AD_FTD_vs_CN","kTSP_k9_disjoint","beta",33
"tier1_main","single_condition","single_condition","P0_derivative_amplitude_deciles","REGION_AGGREGATES_ALL","ds006036__EO_or_photomark","AD_FTD_vs_CN","kTSP_k9_disjoint","beta",85
"tier4_pooled","pooled_condition","POOLED_EC_EO_subject_grouped","P0_derivative_amplitude_deciles","DERIVED_DECILES_ALL","POOLED_EC_EO_subject_grouped","AD_FTD_vs_CN","kTSP_k9_disjoint","beta",35
"tier4_pooled","pooled_condition","POOLED_EC_EO_subject_grouped","P0_derivative_amplitude_deciles","REGION_AGGREGATES_ALL","POOLED_EC_EO_subject_grouped","AD_FTD_vs_CN","kTSP_k9_disjoint","beta",50
"tier1_main","single_condition","single_condition","P0_derivative_amplitude_deciles","DERIVED_DECILES_ALL","ds004504__EC","AD_vs_CN","kTSP_k9_disjoint","beta",92
"tier1_main","single_condition","single_condition","P1_psd_bandpower_from_derivatives","PSD_ABSOLUTE_CHANNEL_BAND","ds004504__EC","AD_vs_CN","kTSP_k9_disjoint","beta",56
"tier1_main","single_condition","single_condition","P0_derivative_amplitude_deciles","RAW_DECILES","ds004504__EC","AD_vs_CN","kTSP_k9_disjoint","beta",56
"tier1_main","single_condition","single_condition","P0_derivative_amplitude_deciles","DERIVED_DECILES_ALL","ds006036__EO_or_photomark","AD_vs_CN","kTSP_k9_disjoint","beta",47
"tier1_main","single_condition","single_condition","P1_psd_bandpower_from_derivatives","PSD_ABSOLUTE_CHANNEL_BAND","ds006036__EO_or_photomark","AD_vs_CN","kTSP_k9_disjoint","beta",17
"tier1_main","single_condition","single_condition","P1_psd_bandpower_from_derivatives","PSD_REGION_ABSOLUTE","ds006036__EO_or_photomark","AD_vs_CN","kTSP_k9_disjoint","beta",82
"tier1_main","single_condition","single_condition","P0_derivative_amplitude_deciles","RAW_DECILES","ds006036__EO_or_photomark","AD_vs_CN","kTSP_k9_disjoint","beta",15
"tier1_main","single_condition","single_condition","P0_derivative_amplitude_deciles","REGION_AGGREGATES_ALL","ds006036__EO_or_photomark","AD_vs_CN","kTSP_k9_disjoint","beta",40
"tier4_pooled","pooled_condition","POOLED_EC_EO_subject_grouped","P0_derivative_amplitude_deciles","DERIVED_DECILES_ALL","POOLED_EC_EO_subject_grouped","AD_vs_CN","kTSP_k9_disjoint","beta",46
"tier4_pooled","pooled_condition","POOLED_EC_EO_subject_grouped","P0_derivative_amplitude_deciles","REGION_AGGREGATES_ALL","POOLED_EC_EO_subject_grouped","AD_vs_CN","kTSP_k9_disjoint","beta",27
"tier1_main","single_condition","single_condition","P1_psd_bandpower_from_derivatives","PSD_REGION_ABSOLUTE","ds004504__EC","AD_vs_FTD","kTSP_k9_disjoint","beta",97
"tier1_main","single_condition","single_condition","P0_derivative_amplitude_deciles","RAW_DECILES","ds004504__EC","AD_vs_FTD","kTSP_k9_disjoint","beta",89
"tier1_main","single_condition","single_condition","P0_derivative_amplitude_deciles","REGION_AGGREGATES_ALL","ds004504__EC","AD_vs_FTD","kTSP_k9_disjoint","beta",93
"tier1_main","single_condition","single_condition","P0_derivative_amplitude_deciles","DERIVED_DECILES_ALL","ds006036__EO_or_photomark","AD_vs_FTD","kTSP_k9_disjoint","beta",98
"tier1_main","single_condition","single_condition","P1_psd_bandpower_from_derivatives","PSD_ABSOLUTE_CHANNEL_BAND","ds006036__EO_or_photomark","AD_vs_FTD","kTSP_k9_disjoint","beta",98
"tier1_main","single_condition","single_condition","P0_derivative_amplitude_deciles","REGION_AGGREGATES_ALL","ds006036__EO_or_photomark","AD_vs_FTD","kTSP_k9_disjoint","beta",88
"tier2_cross_condition","cross_condition_transfer","EO_photo_train__EC_test","P0_derivative_amplitude_deciles","DERIVED_DECILES_ALL","EO_photo_train__EC_test","AD_vs_FTD","kTSP_k9_disjoint","beta",1
"tier4_pooled","pooled_condition","POOLED_EC_EO_subject_grouped","P0_derivative_amplitude_deciles","DERIVED_DECILES_ALL","POOLED_EC_EO_subject_grouped","AD_vs_FTD","kTSP_k9_disjoint","beta",94
"tier1_main","single_condition","single_condition","P0_derivative_amplitude_deciles","DERIVED_DECILES_ALL","ds004504__EC","CN_vs_FTD","kTSP_k9_disjoint","beta",90
"tier1_main","single_condition","single_condition","P1_psd_bandpower_from_derivatives","PSD_ABSOLUTE_CHANNEL_BAND","ds004504__EC","CN_vs_FTD","kTSP_k9_disjoint","beta",87
"tier1_main","single_condition","single_condition","P0_derivative_amplitude_deciles","RAW_DECILES","ds004504__EC","CN_vs_FTD","kTSP_k9_disjoint","beta",97
"tier1_main","single_condition","single_condition","P0_derivative_amplitude_deciles","DERIVED_DECILES_ALL","ds006036__EO_or_photomark","CN_vs_FTD","kTSP_k9_disjoint","beta",90
"tier4_pooled","pooled_condition","POOLED_EC_EO_subject_grouped","P0_derivative_amplitude_deciles","DERIVED_DECILES_ALL","POOLED_EC_EO_subject_grouped","CN_vs_FTD","kTSP_k9_disjoint","beta",97
"tier1_main","single_condition","single_condition","P1_psd_bandpower_from_derivatives","PSD_REGION_ABSOLUTE","ds004504__EC","AD_FTD_vs_CN","kTSP_k9_nondisjoint","beta",48
"tier1_main","single_condition","single_condition","P0_derivative_amplitude_deciles","RAW_DECILES","ds006036__EO_or_photomark","AD_vs_FTD","kTSP_k9_nondisjoint","beta",81
"tier4_pooled","pooled_condition","POOLED_EC_EO_subject_grouped","P1_psd_bandpower_from_derivatives","PSD_REGION_ABSOLUTE","POOLED_EC_EO_subject_grouped","AD_vs_FTD","kTSP_k9_nondisjoint","beta",99
"tier1_main","single_condition","single_condition","P1_psd_bandpower_from_derivatives","PSD_REGION_ABSOLUTE","ds006036__EO_or_photomark","CN_vs_FTD","kTSP_k9_nondisjoint","beta",47
"tier2_cross_condition","cross_condition_transfer","EC_train__EO_photo_test","P1_psd_bandpower_from_derivatives","PSD_REGION_ABSOLUTE","EC_train__EO_photo_test","CN_vs_FTD","kTSP_k9_nondisjoint","beta",1
"tier4_pooled","pooled_condition","POOLED_EC_EO_subject_grouped","P1_psd_bandpower_from_derivatives","PSD_REGION_ABSOLUTE","POOLED_EC_EO_subject_grouped","CN_vs_FTD","kTSP_k9_nondisjoint","beta",63
"tier1_main","single_condition","single_condition","P0_derivative_amplitude_deciles","REGION_AGGREGATES_ALL","ds006036__EO_or_photomark","CN_vs_FTD","TSP_k1","beta",92
"tier1_main","single_condition","single_condition","P1_psd_bandpower_from_derivatives","PSD_ABSOLUTE_CHANNEL_BAND","ds004504__EC","AD_vs_FTD","kTSP_CV_disjoint","delta",81
"tier1_main","single_condition","single_condition","P0_derivative_amplitude_deciles","REGION_AGGREGATES_ALL","ds004504__EC","CN_vs_FTD","kTSP_CV_disjoint","delta",1
"tier1_main","single_condition","single_condition","P0_derivative_amplitude_deciles","DERIVED_DECILES_ALL","ds004504__EC","AD_vs_FTD","kTSP_CV_nondisjoint","delta",42
"tier2_cross_condition","cross_condition_transfer","EO_photo_train__EC_test","P0_derivative_amplitude_deciles","REGION_AGGREGATES_ALL","EO_photo_train__EC_test","AD_vs_FTD","kTSP_CV_nondisjoint","delta",1
"tier1_main","single_condition","single_condition","P1_psd_bandpower_from_derivatives","PSD_REGION_ABSOLUTE","ds006036__EO_or_photomark","AD_vs_FTD","kTSP_k3_nondisjoint","delta",7
"tier1_main","single_condition","single_condition","P0_derivative_amplitude_deciles","RAW_DECILES","ds006036__EO_or_photomark","CN_vs_FTD","kTSP_k5_disjoint","delta",6
"tier4_pooled","pooled_condition","POOLED_EC_EO_subject_grouped","P0_derivative_amplitude_deciles","REGION_AGGREGATES_ALL","POOLED_EC_EO_subject_grouped","CN_vs_FTD","kTSP_k5_disjoint","delta",1
"tier1_main","single_condition","single_condition","P0_derivative_amplitude_deciles","REGION_AGGREGATES_ALL","ds004504__EC","AD_vs_CN","kTSP_k5_nondisjoint","delta",2
"tier4_pooled","pooled_condition","POOLED_EC_EO_subject_grouped","P0_derivative_amplitude_deciles","REGION_AGGREGATES_ALL","POOLED_EC_EO_subject_grouped","AD_vs_FTD","kTSP_k5_nondisjoint","delta",11
"tier1_main","single_condition","single_condition","P0_derivative_amplitude_deciles","DERIVED_DECILES_ALL","ds004504__EC","AD_FTD_vs_CN","kTSP_k9_disjoint","delta",1
"tier1_main","single_condition","single_condition","P0_derivative_amplitude_deciles","RAW_DECILES","ds004504__EC","AD_FTD_vs_CN","kTSP_k9_disjoint","delta",2
"tier1_main","single_condition","single_condition","P0_derivative_amplitude_deciles","REGION_AGGREGATES_ALL","ds004504__EC","AD_FTD_vs_CN","kTSP_k9_disjoint","delta",2
"tier1_main","single_condition","single_condition","P0_derivative_amplitude_deciles","DERIVED_DECILES_ALL","ds006036__EO_or_photomark","AD_FTD_vs_CN","kTSP_k9_disjoint","delta",4
"tier1_main","single_condition","single_condition","P1_psd_bandpower_from_derivatives","PSD_REGION_ABSOLUTE","ds006036__EO_or_photomark","AD_FTD_vs_CN","kTSP_k9_disjoint","delta",23
"tier1_main","single_condition","single_condition","P0_derivative_amplitude_deciles","RAW_DECILES","ds006036__EO_or_photomark","AD_FTD_vs_CN","kTSP_k9_disjoint","delta",2
"tier1_main","single_condition","single_condition","P0_derivative_amplitude_deciles","REGION_AGGREGATES_ALL","ds006036__EO_or_photomark","AD_FTD_vs_CN","kTSP_k9_disjoint","delta",3
"tier1_main","single_condition","single_condition","P0_derivative_amplitude_deciles","RAW_DECILES","ds004504__EC","AD_vs_CN","kTSP_k9_disjoint","delta",8
"tier1_main","single_condition","single_condition","P0_derivative_amplitude_deciles","DERIVED_DECILES_ALL","ds006036__EO_or_photomark","AD_vs_CN","kTSP_k9_disjoint","delta",7
"tier1_main","single_condition","single_condition","P1_psd_bandpower_from_derivatives","PSD_REGION_ABSOLUTE","ds006036__EO_or_photomark","AD_vs_CN","kTSP_k9_disjoint","delta",23
"tier1_main","single_condition","single_condition","P0_derivative_amplitude_deciles","RAW_DECILES","ds006036__EO_or_photomark","AD_vs_CN","kTSP_k9_disjoint","delta",2
"tier1_main","single_condition","single_condition","P0_derivative_amplitude_deciles","REGION_AGGREGATES_ALL","ds006036__EO_or_photomark","AD_vs_CN","kTSP_k9_disjoint","delta",12
"tier4_pooled","pooled_condition","POOLED_EC_EO_subject_grouped","P0_derivative_amplitude_deciles","REGION_AGGREGATES_ALL","POOLED_EC_EO_subject_grouped","AD_vs_CN","kTSP_k9_disjoint","delta",1
"tier1_main","single_condition","single_condition","P1_psd_bandpower_from_derivatives","PSD_REGION_ABSOLUTE","ds004504__EC","AD_vs_FTD","kTSP_k9_disjoint","delta",43
"tier1_main","single_condition","single_condition","P0_derivative_amplitude_deciles","RAW_DECILES","ds004504__EC","AD_vs_FTD","kTSP_k9_disjoint","delta",43
"tier1_main","single_condition","single_condition","P0_derivative_amplitude_deciles","REGION_AGGREGATES_ALL","ds004504__EC","AD_vs_FTD","kTSP_k9_disjoint","delta",58
"tier1_main","single_condition","single_condition","P0_derivative_amplitude_deciles","DERIVED_DECILES_ALL","ds006036__EO_or_photomark","AD_vs_FTD","kTSP_k9_disjoint","delta",39
"tier1_main","single_condition","single_condition","P1_psd_bandpower_from_derivatives","PSD_ABSOLUTE_CHANNEL_BAND","ds006036__EO_or_photomark","AD_vs_FTD","kTSP_k9_disjoint","delta",14
"tier1_main","single_condition","single_condition","P0_derivative_amplitude_deciles","REGION_AGGREGATES_ALL","ds006036__EO_or_photomark","AD_vs_FTD","kTSP_k9_disjoint","delta",75
"tier2_cross_condition","cross_condition_transfer","EO_photo_train__EC_test","P0_derivative_amplitude_deciles","DERIVED_DECILES_ALL","EO_photo_train__EC_test","AD_vs_FTD","kTSP_k9_disjoint","delta",1
"tier4_pooled","pooled_condition","POOLED_EC_EO_subject_grouped","P0_derivative_amplitude_deciles","DERIVED_DECILES_ALL","POOLED_EC_EO_subject_grouped","AD_vs_FTD","kTSP_k9_disjoint","delta",2
"tier1_main","single_condition","single_condition","P1_psd_bandpower_from_derivatives","PSD_ABSOLUTE_CHANNEL_BAND","ds004504__EC","CN_vs_FTD","kTSP_k9_disjoint","delta",1
"tier1_main","single_condition","single_condition","P0_derivative_amplitude_deciles","RAW_DECILES","ds004504__EC","CN_vs_FTD","kTSP_k9_disjoint","delta",6
"tier1_main","single_condition","single_condition","P0_derivative_amplitude_deciles","DERIVED_DECILES_ALL","ds006036__EO_or_photomark","CN_vs_FTD","kTSP_k9_disjoint","delta",2
"tier1_main","single_condition","single_condition","P0_derivative_amplitude_deciles","RAW_DECILES","ds006036__EO_or_photomark","AD_vs_FTD","kTSP_k9_nondisjoint","delta",26
"tier2_cross_condition","cross_condition_transfer","EO_photo_train__EC_test","P0_derivative_amplitude_deciles","REGION_AGGREGATES_ALL","EO_photo_train__EC_test","AD_FTD_vs_CN","kTSP_CV_disjoint","gamma",1
"tier1_main","single_condition","single_condition","P1_psd_bandpower_from_derivatives","PSD_ABSOLUTE_CHANNEL_BAND","ds004504__EC","AD_vs_FTD","kTSP_CV_disjoint","gamma",65
"tier1_main","single_condition","single_condition","P0_derivative_amplitude_deciles","REGION_AGGREGATES_ALL","ds004504__EC","CN_vs_FTD","kTSP_CV_disjoint","gamma",99
"tier2_cross_condition","cross_condition_transfer","EC_train__EO_photo_test","P0_derivative_amplitude_deciles","DERIVED_DECILES_ALL","EC_train__EO_photo_test","CN_vs_FTD","kTSP_CV_disjoint","gamma",1
"tier2_cross_condition","cross_condition_transfer","EO_photo_train__EC_test","P0_derivative_amplitude_deciles","REGION_AGGREGATES_ALL","EO_photo_train__EC_test","CN_vs_FTD","kTSP_CV_disjoint","gamma",1
"tier1_main","single_condition","single_condition","P0_derivative_amplitude_deciles","DERIVED_DECILES_ALL","ds004504__EC","AD_vs_FTD","kTSP_CV_nondisjoint","gamma",56
"tier2_cross_condition","cross_condition_transfer","EC_train__EO_photo_test","P1_psd_bandpower_from_derivatives","PSD_REGION_ABSOLUTE","EC_train__EO_photo_test","AD_vs_FTD","kTSP_CV_nondisjoint","gamma",1
"tier2_cross_condition","cross_condition_transfer","EO_photo_train__EC_test","P0_derivative_amplitude_deciles","REGION_AGGREGATES_ALL","EO_photo_train__EC_test","AD_vs_FTD","kTSP_CV_nondisjoint","gamma",1
"tier2_cross_condition","cross_condition_transfer","EC_train__EO_photo_test","P0_derivative_amplitude_deciles","REGION_AGGREGATES_ALL","EC_train__EO_photo_test","CN_vs_FTD","kTSP_CV_nondisjoint","gamma",1
"tier2_cross_condition","cross_condition_transfer","EC_train__EO_photo_test","P0_derivative_amplitude_deciles","REGION_AGGREGATES_ALL","EC_train__EO_photo_test","AD_vs_FTD","kTSP_k3_disjoint","gamma",1
"tier1_main","single_condition","single_condition","P1_psd_bandpower_from_derivatives","PSD_ABSOLUTE_CHANNEL_BAND","ds006036__EO_or_photomark","CN_vs_FTD","kTSP_k3_disjoint","gamma",2
"tier2_cross_condition","cross_condition_transfer","EO_photo_train__EC_test","P0_derivative_amplitude_deciles","DERIVED_DECILES_ALL","EO_photo_train__EC_test","CN_vs_FTD","kTSP_k3_disjoint","gamma",1
"tier1_main","single_condition","single_condition","P1_psd_bandpower_from_derivatives","PSD_REGION_ABSOLUTE","ds006036__EO_or_photomark","AD_vs_FTD","kTSP_k3_nondisjoint","gamma",1
"tier2_cross_condition","cross_condition_transfer","EC_train__EO_photo_test","P0_derivative_amplitude_deciles","DERIVED_DECILES_ALL","EC_train__EO_photo_test","AD_vs_FTD","kTSP_k3_nondisjoint","gamma",1
"tier4_pooled","pooled_condition","POOLED_EC_EO_subject_grouped","P1_psd_bandpower_from_derivatives","PSD_REGION_ABSOLUTE","POOLED_EC_EO_subject_grouped","AD_FTD_vs_CN","kTSP_k5_disjoint","gamma",3
"tier1_main","single_condition","single_condition","P0_derivative_amplitude_deciles","RAW_DECILES","ds006036__EO_or_photomark","CN_vs_FTD","kTSP_k5_disjoint","gamma",98
"tier4_pooled","pooled_condition","POOLED_EC_EO_subject_grouped","P0_derivative_amplitude_deciles","REGION_AGGREGATES_ALL","POOLED_EC_EO_subject_grouped","CN_vs_FTD","kTSP_k5_disjoint","gamma",100
"tier1_main","single_condition","single_condition","P0_derivative_amplitude_deciles","REGION_AGGREGATES_ALL","ds004504__EC","AD_vs_CN","kTSP_k5_nondisjoint","gamma",8
"tier4_pooled","pooled_condition","POOLED_EC_EO_subject_grouped","P0_derivative_amplitude_deciles","REGION_AGGREGATES_ALL","POOLED_EC_EO_subject_grouped","AD_vs_FTD","kTSP_k5_nondisjoint","gamma",72
"tier1_main","single_condition","single_condition","P0_derivative_amplitude_deciles","DERIVED_DECILES_ALL","ds004504__EC","AD_FTD_vs_CN","kTSP_k9_disjoint","gamma",10
"tier1_main","single_condition","single_condition","P1_psd_bandpower_from_derivatives","PSD_ABSOLUTE_CHANNEL_BAND","ds004504__EC","AD_FTD_vs_CN","kTSP_k9_disjoint","gamma",11
"tier1_main","single_condition","single_condition","P0_derivative_amplitude_deciles","RAW_DECILES","ds004504__EC","AD_FTD_vs_CN","kTSP_k9_disjoint","gamma",21
"tier1_main","single_condition","single_condition","P0_derivative_amplitude_deciles","REGION_AGGREGATES_ALL","ds004504__EC","AD_FTD_vs_CN","kTSP_k9_disjoint","gamma",57
"tier1_main","single_condition","single_condition","P0_derivative_amplitude_deciles","DERIVED_DECILES_ALL","ds006036__EO_or_photomark","AD_FTD_vs_CN","kTSP_k9_disjoint","gamma",25
"tier1_main","single_condition","single_condition","P1_psd_bandpower_from_derivatives","PSD_ABSOLUTE_CHANNEL_BAND","ds006036__EO_or_photomark","AD_FTD_vs_CN","kTSP_k9_disjoint","gamma",1
"tier1_main","single_condition","single_condition","P1_psd_bandpower_from_derivatives","PSD_REGION_ABSOLUTE","ds006036__EO_or_photomark","AD_FTD_vs_CN","kTSP_k9_disjoint","gamma",13
"tier1_main","single_condition","single_condition","P0_derivative_amplitude_deciles","RAW_DECILES","ds006036__EO_or_photomark","AD_FTD_vs_CN","kTSP_k9_disjoint","gamma",59
"tier1_main","single_condition","single_condition","P0_derivative_amplitude_deciles","REGION_AGGREGATES_ALL","ds006036__EO_or_photomark","AD_FTD_vs_CN","kTSP_k9_disjoint","gamma",84
"tier4_pooled","pooled_condition","POOLED_EC_EO_subject_grouped","P0_derivative_amplitude_deciles","DERIVED_DECILES_ALL","POOLED_EC_EO_subject_grouped","AD_FTD_vs_CN","kTSP_k9_disjoint","gamma",7
"tier4_pooled","pooled_condition","POOLED_EC_EO_subject_grouped","P0_derivative_amplitude_deciles","REGION_AGGREGATES_ALL","POOLED_EC_EO_subject_grouped","AD_FTD_vs_CN","kTSP_k9_disjoint","gamma",50
"tier1_main","single_condition","single_condition","P0_derivative_amplitude_deciles","DERIVED_DECILES_ALL","ds004504__EC","AD_vs_CN","kTSP_k9_disjoint","gamma",2
"tier1_main","single_condition","single_condition","P1_psd_bandpower_from_derivatives","PSD_ABSOLUTE_CHANNEL_BAND","ds004504__EC","AD_vs_CN","kTSP_k9_disjoint","gamma",7
"tier1_main","single_condition","single_condition","P0_derivative_amplitude_deciles","RAW_DECILES","ds004504__EC","AD_vs_CN","kTSP_k9_disjoint","gamma",4
"tier1_main","single_condition","single_condition","P0_derivative_amplitude_deciles","DERIVED_DECILES_ALL","ds006036__EO_or_photomark","AD_vs_CN","kTSP_k9_disjoint","gamma",5
"tier1_main","single_condition","single_condition","P1_psd_bandpower_from_derivatives","PSD_REGION_ABSOLUTE","ds006036__EO_or_photomark","AD_vs_CN","kTSP_k9_disjoint","gamma",10
"tier1_main","single_condition","single_condition","P0_derivative_amplitude_deciles","RAW_DECILES","ds006036__EO_or_photomark","AD_vs_CN","kTSP_k9_disjoint","gamma",18
"tier1_main","single_condition","single_condition","P0_derivative_amplitude_deciles","REGION_AGGREGATES_ALL","ds006036__EO_or_photomark","AD_vs_CN","kTSP_k9_disjoint","gamma",36
"tier4_pooled","pooled_condition","POOLED_EC_EO_subject_grouped","P0_derivative_amplitude_deciles","REGION_AGGREGATES_ALL","POOLED_EC_EO_subject_grouped","AD_vs_CN","kTSP_k9_disjoint","gamma",9
"tier1_main","single_condition","single_condition","P1_psd_bandpower_from_derivatives","PSD_REGION_ABSOLUTE","ds004504__EC","AD_vs_FTD","kTSP_k9_disjoint","gamma",70
"tier1_main","single_condition","single_condition","P0_derivative_amplitude_deciles","RAW_DECILES","ds004504__EC","AD_vs_FTD","kTSP_k9_disjoint","gamma",89
"tier1_main","single_condition","single_condition","P0_derivative_amplitude_deciles","REGION_AGGREGATES_ALL","ds004504__EC","AD_vs_FTD","kTSP_k9_disjoint","gamma",39
"tier1_main","single_condition","single_condition","P0_derivative_amplitude_deciles","DERIVED_DECILES_ALL","ds006036__EO_or_photomark","AD_vs_FTD","kTSP_k9_disjoint","gamma",70
"tier1_main","single_condition","single_condition","P1_psd_bandpower_from_derivatives","PSD_ABSOLUTE_CHANNEL_BAND","ds006036__EO_or_photomark","AD_vs_FTD","kTSP_k9_disjoint","gamma",91
"tier1_main","single_condition","single_condition","P0_derivative_amplitude_deciles","REGION_AGGREGATES_ALL","ds006036__EO_or_photomark","AD_vs_FTD","kTSP_k9_disjoint","gamma",85
"tier2_cross_condition","cross_condition_transfer","EO_photo_train__EC_test","P0_derivative_amplitude_deciles","DERIVED_DECILES_ALL","EO_photo_train__EC_test","AD_vs_FTD","kTSP_k9_disjoint","gamma",1
"tier4_pooled","pooled_condition","POOLED_EC_EO_subject_grouped","P0_derivative_amplitude_deciles","DERIVED_DECILES_ALL","POOLED_EC_EO_subject_grouped","AD_vs_FTD","kTSP_k9_disjoint","gamma",94
"tier1_main","single_condition","single_condition","P0_derivative_amplitude_deciles","DERIVED_DECILES_ALL","ds004504__EC","CN_vs_FTD","kTSP_k9_disjoint","gamma",81
"tier1_main","single_condition","single_condition","P1_psd_bandpower_from_derivatives","PSD_ABSOLUTE_CHANNEL_BAND","ds004504__EC","CN_vs_FTD","kTSP_k9_disjoint","gamma",50
"tier1_main","single_condition","single_condition","P0_derivative_amplitude_deciles","RAW_DECILES","ds004504__EC","CN_vs_FTD","kTSP_k9_disjoint","gamma",95
"tier1_main","single_condition","single_condition","P0_derivative_amplitude_deciles","DERIVED_DECILES_ALL","ds006036__EO_or_photomark","CN_vs_FTD","kTSP_k9_disjoint","gamma",96
"tier4_pooled","pooled_condition","POOLED_EC_EO_subject_grouped","P0_derivative_amplitude_deciles","DERIVED_DECILES_ALL","POOLED_EC_EO_subject_grouped","CN_vs_FTD","kTSP_k9_disjoint","gamma",95
"tier1_main","single_condition","single_condition","P0_derivative_amplitude_deciles","RAW_DECILES","ds006036__EO_or_photomark","AD_vs_FTD","kTSP_k9_nondisjoint","gamma",90
"tier4_pooled","pooled_condition","POOLED_EC_EO_subject_grouped","P1_psd_bandpower_from_derivatives","PSD_REGION_ABSOLUTE","POOLED_EC_EO_subject_grouped","AD_vs_FTD","kTSP_k9_nondisjoint","gamma",27
"tier1_main","single_condition","single_condition","P0_derivative_amplitude_deciles","REGION_AGGREGATES_ALL","ds006036__EO_or_photomark","CN_vs_FTD","TSP_k1","gamma",96
"tier2_cross_condition","cross_condition_transfer","EC_train__EO_photo_test","P0_derivative_amplitude_deciles","DERIVED_DECILES_ALL","EC_train__EO_photo_test","AD_FTD_vs_CN","kTSP_CV_disjoint","theta",1
"tier2_cross_condition","cross_condition_transfer","EO_photo_train__EC_test","P0_derivative_amplitude_deciles","REGION_AGGREGATES_ALL","EO_photo_train__EC_test","AD_FTD_vs_CN","kTSP_CV_disjoint","theta",1
"smoke","single_condition","single_condition","P0_derivative_amplitude_deciles","REGION_AGGREGATES_ALL","ds006036__EO_or_photomark","AD_vs_CN","kTSP_CV_disjoint","theta",2
"tier2_cross_condition","cross_condition_transfer","EC_train__EO_photo_test","P0_derivative_amplitude_deciles","DERIVED_DECILES_ALL","EC_train__EO_photo_test","AD_vs_CN","kTSP_CV_disjoint","theta",1
"tier2_cross_condition","cross_condition_transfer","EC_train__EO_photo_test","P0_derivative_amplitude_deciles","REGION_AGGREGATES_ALL","EC_train__EO_photo_test","AD_vs_CN","kTSP_CV_disjoint","theta",2
"tier2_cross_condition","cross_condition_transfer","EO_photo_train__EC_test","P0_derivative_amplitude_deciles","DERIVED_DECILES_ALL","EO_photo_train__EC_test","AD_vs_CN","kTSP_CV_disjoint","theta",1
"tier1_main","single_condition","single_condition","P1_psd_bandpower_from_derivatives","PSD_ABSOLUTE_CHANNEL_BAND","ds004504__EC","AD_vs_FTD","kTSP_CV_disjoint","theta",86
"tier1_main","single_condition","single_condition","P0_derivative_amplitude_deciles","REGION_AGGREGATES_ALL","ds004504__EC","CN_vs_FTD","kTSP_CV_disjoint","theta",34
"tier2_cross_condition","cross_condition_transfer","EC_train__EO_photo_test","P0_derivative_amplitude_deciles","DERIVED_DECILES_ALL","EC_train__EO_photo_test","CN_vs_FTD","kTSP_CV_disjoint","theta",1
"tier2_cross_condition","cross_condition_transfer","EO_photo_train__EC_test","P1_psd_bandpower_from_derivatives","PSD_REGION_ABSOLUTE","EO_photo_train__EC_test","AD_FTD_vs_CN","kTSP_CV_nondisjoint","theta",1
"smoke","single_condition","single_condition","P1_psd_bandpower_from_derivatives","PSD_REGION_ABSOLUTE","ds004504__EC","AD_vs_CN","kTSP_CV_nondisjoint","theta",2
"smoke","single_condition","single_condition","P0_derivative_amplitude_deciles","REGION_AGGREGATES_ALL","ds004504__EC","AD_vs_CN","kTSP_CV_nondisjoint","theta",2
"smoke","single_condition","single_condition","P1_psd_bandpower_from_derivatives","PSD_REGION_ABSOLUTE","ds006036__EO_or_photomark","AD_vs_CN","kTSP_CV_nondisjoint","theta",2
"tier2_cross_condition","cross_condition_transfer","EO_photo_train__EC_test","P1_psd_bandpower_from_derivatives","PSD_REGION_ABSOLUTE","EO_photo_train__EC_test","AD_vs_CN","kTSP_CV_nondisjoint","theta",2
"tier1_main","single_condition","single_condition","P0_derivative_amplitude_deciles","DERIVED_DECILES_ALL","ds004504__EC","AD_vs_FTD","kTSP_CV_nondisjoint","theta",42
"tier2_cross_condition","cross_condition_transfer","EC_train__EO_photo_test","P1_psd_bandpower_from_derivatives","PSD_REGION_ABSOLUTE","EC_train__EO_photo_test","AD_vs_FTD","kTSP_CV_nondisjoint","theta",1
"tier2_cross_condition","cross_condition_transfer","EO_photo_train__EC_test","P0_derivative_amplitude_deciles","REGION_AGGREGATES_ALL","EO_photo_train__EC_test","AD_vs_FTD","kTSP_CV_nondisjoint","theta",1
"tier2_cross_condition","cross_condition_transfer","EO_photo_train__EC_test","P1_psd_bandpower_from_derivatives","PSD_REGION_ABSOLUTE","EO_photo_train__EC_test","CN_vs_FTD","kTSP_CV_nondisjoint","theta",1
"tier2_cross_condition","cross_condition_transfer","EC_train__EO_photo_test","P0_derivative_amplitude_deciles","REGION_AGGREGATES_ALL","EC_train__EO_photo_test","AD_vs_FTD","kTSP_k3_disjoint","theta",1
"tier1_main","single_condition","single_condition","P1_psd_bandpower_from_derivatives","PSD_ABSOLUTE_CHANNEL_BAND","ds006036__EO_or_photomark","CN_vs_FTD","kTSP_k3_disjoint","theta",97
"tier2_cross_condition","cross_condition_transfer","EO_photo_train__EC_test","P0_derivative_amplitude_deciles","REGION_AGGREGATES_ALL","EO_photo_train__EC_test","AD_vs_CN","kTSP_k3_nondisjoint","theta",2
"tier1_main","single_condition","single_condition","P1_psd_bandpower_from_derivatives","PSD_REGION_ABSOLUTE","ds006036__EO_or_photomark","AD_vs_FTD","kTSP_k3_nondisjoint","theta",6
"tier2_cross_condition","cross_condition_transfer","EC_train__EO_photo_test","P1_psd_bandpower_from_derivatives","PSD_REGION_ABSOLUTE","EC_train__EO_photo_test","AD_FTD_vs_CN","kTSP_k5_disjoint","theta",1
"tier2_cross_condition","cross_condition_transfer","EO_photo_train__EC_test","P0_derivative_amplitude_deciles","DERIVED_DECILES_ALL","EO_photo_train__EC_test","AD_FTD_vs_CN","kTSP_k5_disjoint","theta",1
"tier4_pooled","pooled_condition","POOLED_EC_EO_subject_grouped","P1_psd_bandpower_from_derivatives","PSD_REGION_ABSOLUTE","POOLED_EC_EO_subject_grouped","AD_FTD_vs_CN","kTSP_k5_disjoint","theta",100
"tier1_main","single_condition","single_condition","P1_psd_bandpower_from_derivatives","PSD_REGION_ABSOLUTE","ds004504__EC","AD_vs_CN","kTSP_k5_disjoint","theta",100
"tier2_cross_condition","cross_condition_transfer","EC_train__EO_photo_test","P1_psd_bandpower_from_derivatives","PSD_REGION_ABSOLUTE","EC_train__EO_photo_test","AD_vs_CN","kTSP_k5_disjoint","theta",2
"tier4_pooled","pooled_condition","POOLED_EC_EO_subject_grouped","P1_psd_bandpower_from_derivatives","PSD_REGION_ABSOLUTE","POOLED_EC_EO_subject_grouped","AD_vs_CN","kTSP_k5_disjoint","theta",100
"tier1_main","single_condition","single_condition","P0_derivative_amplitude_deciles","RAW_DECILES","ds006036__EO_or_photomark","CN_vs_FTD","kTSP_k5_disjoint","theta",9
"tier4_pooled","pooled_condition","POOLED_EC_EO_subject_grouped","P0_derivative_amplitude_deciles","REGION_AGGREGATES_ALL","POOLED_EC_EO_subject_grouped","CN_vs_FTD","kTSP_k5_disjoint","theta",4
"tier2_cross_condition","cross_condition_transfer","EC_train__EO_photo_test","P0_derivative_amplitude_deciles","REGION_AGGREGATES_ALL","EC_train__EO_photo_test","AD_FTD_vs_CN","kTSP_k5_nondisjoint","theta",1
"tier1_main","single_condition","single_condition","P0_derivative_amplitude_deciles","REGION_AGGREGATES_ALL","ds004504__EC","AD_vs_CN","kTSP_k5_nondisjoint","theta",78
"tier4_pooled","pooled_condition","POOLED_EC_EO_subject_grouped","P0_derivative_amplitude_deciles","REGION_AGGREGATES_ALL","POOLED_EC_EO_subject_grouped","AD_vs_FTD","kTSP_k5_nondisjoint","theta",57
"tier1_main","single_condition","single_condition","P1_psd_bandpower_from_derivatives","PSD_REGION_ABSOLUTE","ds004504__EC","CN_vs_FTD","kTSP_k5_nondisjoint","theta",100
"tier1_main","single_condition","single_condition","P0_derivative_amplitude_deciles","DERIVED_DECILES_ALL","ds004504__EC","AD_FTD_vs_CN","kTSP_k9_disjoint","theta",99
"tier1_main","single_condition","single_condition","P1_psd_bandpower_from_derivatives","PSD_ABSOLUTE_CHANNEL_BAND","ds004504__EC","AD_FTD_vs_CN","kTSP_k9_disjoint","theta",97
"tier1_main","single_condition","single_condition","P0_derivative_amplitude_deciles","RAW_DECILES","ds004504__EC","AD_FTD_vs_CN","kTSP_k9_disjoint","theta",96
"tier1_main","single_condition","single_condition","P0_derivative_amplitude_deciles","REGION_AGGREGATES_ALL","ds004504__EC","AD_FTD_vs_CN","kTSP_k9_disjoint","theta",96
"tier1_main","single_condition","single_condition","P0_derivative_amplitude_deciles","DERIVED_DECILES_ALL","ds006036__EO_or_photomark","AD_FTD_vs_CN","kTSP_k9_disjoint","theta",94
"tier1_main","single_condition","single_condition","P1_psd_bandpower_from_derivatives","PSD_ABSOLUTE_CHANNEL_BAND","ds006036__EO_or_photomark","AD_FTD_vs_CN","kTSP_k9_disjoint","theta",100
"tier1_main","single_condition","single_condition","P1_psd_bandpower_from_derivatives","PSD_REGION_ABSOLUTE","ds006036__EO_or_photomark","AD_FTD_vs_CN","kTSP_k9_disjoint","theta",100
"tier1_main","single_condition","single_condition","P0_derivative_amplitude_deciles","RAW_DECILES","ds006036__EO_or_photomark","AD_FTD_vs_CN","kTSP_k9_disjoint","theta",81
"tier1_main","single_condition","single_condition","P0_derivative_amplitude_deciles","REGION_AGGREGATES_ALL","ds006036__EO_or_photomark","AD_FTD_vs_CN","kTSP_k9_disjoint","theta",68
"tier4_pooled","pooled_condition","POOLED_EC_EO_subject_grouped","P0_derivative_amplitude_deciles","DERIVED_DECILES_ALL","POOLED_EC_EO_subject_grouped","AD_FTD_vs_CN","kTSP_k9_disjoint","theta",98
"tier4_pooled","pooled_condition","POOLED_EC_EO_subject_grouped","P0_derivative_amplitude_deciles","REGION_AGGREGATES_ALL","POOLED_EC_EO_subject_grouped","AD_FTD_vs_CN","kTSP_k9_disjoint","theta",95
"tier1_main","single_condition","single_condition","P0_derivative_amplitude_deciles","DERIVED_DECILES_ALL","ds004504__EC","AD_vs_CN","kTSP_k9_disjoint","theta",94
"tier1_main","single_condition","single_condition","P1_psd_bandpower_from_derivatives","PSD_ABSOLUTE_CHANNEL_BAND","ds004504__EC","AD_vs_CN","kTSP_k9_disjoint","theta",100
"tier1_main","single_condition","single_condition","P0_derivative_amplitude_deciles","RAW_DECILES","ds004504__EC","AD_vs_CN","kTSP_k9_disjoint","theta",100
"tier1_main","single_condition","single_condition","P0_derivative_amplitude_deciles","DERIVED_DECILES_ALL","ds006036__EO_or_photomark","AD_vs_CN","kTSP_k9_disjoint","theta",99
"tier1_main","single_condition","single_condition","P1_psd_bandpower_from_derivatives","PSD_ABSOLUTE_CHANNEL_BAND","ds006036__EO_or_photomark","AD_vs_CN","kTSP_k9_disjoint","theta",100
"tier1_main","single_condition","single_condition","P1_psd_bandpower_from_derivatives","PSD_REGION_ABSOLUTE","ds006036__EO_or_photomark","AD_vs_CN","kTSP_k9_disjoint","theta",100
"tier1_main","single_condition","single_condition","P0_derivative_amplitude_deciles","RAW_DECILES","ds006036__EO_or_photomark","AD_vs_CN","kTSP_k9_disjoint","theta",98
"tier1_main","single_condition","single_condition","P0_derivative_amplitude_deciles","REGION_AGGREGATES_ALL","ds006036__EO_or_photomark","AD_vs_CN","kTSP_k9_disjoint","theta",93
"tier4_pooled","pooled_condition","POOLED_EC_EO_subject_grouped","P0_derivative_amplitude_deciles","DERIVED_DECILES_ALL","POOLED_EC_EO_subject_grouped","AD_vs_CN","kTSP_k9_disjoint","theta",99
"tier4_pooled","pooled_condition","POOLED_EC_EO_subject_grouped","P0_derivative_amplitude_deciles","REGION_AGGREGATES_ALL","POOLED_EC_EO_subject_grouped","AD_vs_CN","kTSP_k9_disjoint","theta",100
"tier1_main","single_condition","single_condition","P1_psd_bandpower_from_derivatives","PSD_REGION_ABSOLUTE","ds004504__EC","AD_vs_FTD","kTSP_k9_disjoint","theta",68
"tier1_main","single_condition","single_condition","P0_derivative_amplitude_deciles","RAW_DECILES","ds004504__EC","AD_vs_FTD","kTSP_k9_disjoint","theta",79
"tier1_main","single_condition","single_condition","P0_derivative_amplitude_deciles","REGION_AGGREGATES_ALL","ds004504__EC","AD_vs_FTD","kTSP_k9_disjoint","theta",81
"tier1_main","single_condition","single_condition","P0_derivative_amplitude_deciles","DERIVED_DECILES_ALL","ds006036__EO_or_photomark","AD_vs_FTD","kTSP_k9_disjoint","theta",78
"tier1_main","single_condition","single_condition","P1_psd_bandpower_from_derivatives","PSD_ABSOLUTE_CHANNEL_BAND","ds006036__EO_or_photomark","AD_vs_FTD","kTSP_k9_disjoint","theta",45
"tier1_main","single_condition","single_condition","P0_derivative_amplitude_deciles","REGION_AGGREGATES_ALL","ds006036__EO_or_photomark","AD_vs_FTD","kTSP_k9_disjoint","theta",85
"tier2_cross_condition","cross_condition_transfer","EO_photo_train__EC_test","P0_derivative_amplitude_deciles","DERIVED_DECILES_ALL","EO_photo_train__EC_test","AD_vs_FTD","kTSP_k9_disjoint","theta",1
"tier4_pooled","pooled_condition","POOLED_EC_EO_subject_grouped","P0_derivative_amplitude_deciles","DERIVED_DECILES_ALL","POOLED_EC_EO_subject_grouped","AD_vs_FTD","kTSP_k9_disjoint","theta",59
"tier1_main","single_condition","single_condition","P0_derivative_amplitude_deciles","DERIVED_DECILES_ALL","ds004504__EC","CN_vs_FTD","kTSP_k9_disjoint","theta",68
"tier1_main","single_condition","single_condition","P1_psd_bandpower_from_derivatives","PSD_ABSOLUTE_CHANNEL_BAND","ds004504__EC","CN_vs_FTD","kTSP_k9_disjoint","theta",100
"tier1_main","single_condition","single_condition","P0_derivative_amplitude_deciles","RAW_DECILES","ds004504__EC","CN_vs_FTD","kTSP_k9_disjoint","theta",44
"tier1_main","single_condition","single_condition","P0_derivative_amplitude_deciles","DERIVED_DECILES_ALL","ds006036__EO_or_photomark","CN_vs_FTD","kTSP_k9_disjoint","theta",30
"tier4_pooled","pooled_condition","POOLED_EC_EO_subject_grouped","P0_derivative_amplitude_deciles","DERIVED_DECILES_ALL","POOLED_EC_EO_subject_grouped","CN_vs_FTD","kTSP_k9_disjoint","theta",84
"tier1_main","single_condition","single_condition","P1_psd_bandpower_from_derivatives","PSD_REGION_ABSOLUTE","ds004504__EC","AD_FTD_vs_CN","kTSP_k9_nondisjoint","theta",100
"tier1_main","single_condition","single_condition","P0_derivative_amplitude_deciles","RAW_DECILES","ds006036__EO_or_photomark","AD_vs_FTD","kTSP_k9_nondisjoint","theta",54
"tier4_pooled","pooled_condition","POOLED_EC_EO_subject_grouped","P1_psd_bandpower_from_derivatives","PSD_REGION_ABSOLUTE","POOLED_EC_EO_subject_grouped","AD_vs_FTD","kTSP_k9_nondisjoint","theta",32
"tier1_main","single_condition","single_condition","P1_psd_bandpower_from_derivatives","PSD_REGION_ABSOLUTE","ds006036__EO_or_photomark","CN_vs_FTD","kTSP_k9_nondisjoint","theta",100
"tier2_cross_condition","cross_condition_transfer","EC_train__EO_photo_test","P1_psd_bandpower_from_derivatives","PSD_REGION_ABSOLUTE","EC_train__EO_photo_test","CN_vs_FTD","kTSP_k9_nondisjoint","theta",1
"tier4_pooled","pooled_condition","POOLED_EC_EO_subject_grouped","P1_psd_bandpower_from_derivatives","PSD_REGION_ABSOLUTE","POOLED_EC_EO_subject_grouped","CN_vs_FTD","kTSP_k9_nondisjoint","theta",100
"tier1_main","single_condition","single_condition","P0_derivative_amplitude_deciles","REGION_AGGREGATES_ALL","ds006036__EO_or_photomark","CN_vs_FTD","TSP_k1","theta",3
