"tier","scenario_family","scenario_name","layer","world","condition","task","model","channel","n_jobs"
"tier1_main","single_condition","single_condition","P1_psd_bandpower_from_derivatives","PSD_ABSOLUTE_CHANNEL_BAND","ds004504__EC","AD_vs_FTD","kTSP_CV_disjoint","C3",5
"tier1_main","single_condition","single_condition","P0_derivative_amplitude_deciles","DERIVED_DECILES_ALL","ds004504__EC","AD_vs_FTD","kTSP_CV_nondisjoint","C3",12
"tier1_main","single_condition","single_condition","P0_derivative_amplitude_deciles","RAW_DECILES","ds006036__EO_or_photomark","CN_vs_FTD","kTSP_k5_disjoint","C3",37
"tier1_main","single_condition","single_condition","P0_derivative_amplitude_deciles","DERIVED_DECILES_ALL","ds004504__EC","AD_FTD_vs_CN","kTSP_k9_disjoint","C3",1
"tier1_main","single_condition","single_condition","P0_derivative_amplitude_deciles","DERIVED_DECILES_ALL","ds006036__EO_or_photomark","AD_FTD_vs_CN","kTSP_k9_disjoint","C3",5
"tier1_main","single_condition","single_condition","P1_psd_bandpower_from_derivatives","PSD_ABSOLUTE_CHANNEL_BAND","ds006036__EO_or_photomark","AD_FTD_vs_CN","kTSP_k9_disjoint","C3",1
"tier1_main","single_condition","single_condition","P0_derivative_amplitude_deciles","RAW_DECILES","ds006036__EO_or_photomark","AD_FTD_vs_CN","kTSP_k9_disjoint","C3",18
"tier4_pooled","pooled_condition","POOLED_EC_EO_subject_grouped","P0_derivative_amplitude_deciles","DERIVED_DECILES_ALL","POOLED_EC_EO_subject_grouped","AD_FTD_vs_CN","kTSP_k9_disjoint","C3",1
"tier1_main","single_condition","single_condition","P0_derivative_amplitude_deciles","DERIVED_DECILES_ALL","ds004504__EC","AD_vs_CN","kTSP_k9_disjoint","C3",4
"tier1_main","single_condition","single_condition","P0_derivative_amplitude_deciles","RAW_DECILES","ds004504__EC","AD_vs_CN","kTSP_k9_disjoint","C3",2
"tier1_main","single_condition","single_condition","P0_derivative_amplitude_deciles","DERIVED_DECILES_ALL","ds006036__EO_or_photomark","AD_vs_CN","kTSP_k9_disjoint","C3",5
"tier1_main","single_condition","single_condition","P1_psd_bandpower_from_derivatives","PSD_ABSOLUTE_CHANNEL_BAND","ds006036__EO_or_photomark","AD_vs_CN","kTSP_k9_disjoint","C3",1
"tier1_main","single_condition","single_condition","P0_derivative_amplitude_deciles","RAW_DECILES","ds006036__EO_or_photomark","AD_vs_CN","kTSP_k9_disjoint","C3",8
"tier4_pooled","pooled_condition","POOLED_EC_EO_subject_grouped","P0_derivative_amplitude_deciles","DERIVED_DECILES_ALL","POOLED_EC_EO_subject_grouped","AD_vs_CN","kTSP_k9_disjoint","C3",2
"tier1_main","single_condition","single_condition","P0_derivative_amplitude_deciles","RAW_DECILES","ds004504__EC","AD_vs_FTD","kTSP_k9_disjoint","C3",5
"tier1_main","single_condition","single_condition","P0_derivative_amplitude_deciles","DERIVED_DECILES_ALL","ds006036__EO_or_photomark","AD_vs_FTD","kTSP_k9_disjoint","C3",43
"tier1_main","single_condition","single_condition","P1_psd_bandpower_from_derivatives","PSD_ABSOLUTE_CHANNEL_BAND","ds006036__EO_or_photomark","AD_vs_FTD","kTSP_k9_disjoint","C3",8
"tier2_cross_condition","cross_condition_transfer","EO_photo_train__EC_test","P0_derivative_amplitude_deciles","DERIVED_DECILES_ALL","EO_photo_train__EC_test","AD_vs_FTD","kTSP_k9_disjoint","C3",1
"tier4_pooled","pooled_condition","POOLED_EC_EO_subject_grouped","P0_derivative_amplitude_deciles","DERIVED_DECILES_ALL","POOLED_EC_EO_subject_grouped","AD_vs_FTD","kTSP_k9_disjoint","C3",6
"tier1_main","single_condition","single_condition","P1_psd_bandpower_from_derivatives","PSD_ABSOLUTE_CHANNEL_BAND","ds004504__EC","CN_vs_FTD","kTSP_k9_disjoint","C3",8
"tier1_main","single_condition","single_condition","P0_derivative_amplitude_deciles","RAW_DECILES","ds004504__EC","CN_vs_FTD","kTSP_k9_disjoint","C3",7
"tier1_main","single_condition","single_condition","P0_derivative_amplitude_deciles","DERIVED_DECILES_ALL","ds006036__EO_or_photomark","CN_vs_FTD","kTSP_k9_disjoint","C3",32
"tier4_pooled","pooled_condition","POOLED_EC_EO_subject_grouped","P0_derivative_amplitude_deciles","DERIVED_DECILES_ALL","POOLED_EC_EO_subject_grouped","CN_vs_FTD","kTSP_k9_disjoint","C3",3
"tier1_main","single_condition","single_condition","P0_derivative_amplitude_deciles","RAW_DECILES","ds006036__EO_or_photomark","AD_vs_FTD","kTSP_k9_nondisjoint","C3",7
"tier1_main","single_condition","single_condition","P1_psd_bandpower_from_derivatives","PSD_ABSOLUTE_CHANNEL_BAND","ds004504__EC","AD_vs_FTD","kTSP_CV_disjoint","C4",18
"tier1_main","single_condition","single_condition","P0_derivative_amplitude_deciles","DERIVED_DECILES_ALL","ds004504__EC","AD_vs_FTD","kTSP_CV_nondisjoint","C4",41
"tier1_main","single_condition","single_condition","P0_derivative_amplitude_deciles","RAW_DECILES","ds006036__EO_or_photomark","CN_vs_FTD","kTSP_k5_disjoint","C4",4
"tier1_main","single_condition","single_condition","P0_derivative_amplitude_deciles","DERIVED_DECILES_ALL","ds006036__EO_or_photomark","AD_FTD_vs_CN","kTSP_k9_disjoint","C4",4
"tier1_main","single_condition","single_condition","P0_derivative_amplitude_deciles","RAW_DECILES","ds006036__EO_or_photomark","AD_FTD_vs_CN","kTSP_k9_disjoint","C4",1
"tier1_main","single_condition","single_condition","P0_derivative_amplitude_deciles","DERIVED_DECILES_ALL","ds004504__EC","AD_vs_CN","kTSP_k9_disjoint","C4",3
"tier1_main","single_condition","single_condition","P1_psd_bandpower_from_derivatives","PSD_ABSOLUTE_CHANNEL_BAND","ds004504__EC","AD_vs_CN","kTSP_k9_disjoint","C4",1
"tier1_main","single_condition","single_condition","P0_derivative_amplitude_deciles","RAW_DECILES","ds004504__EC","AD_vs_CN","kTSP_k9_disjoint","C4",1
"tier1_main","single_condition","single_condition","P0_derivative_amplitude_deciles","DERIVED_DECILES_ALL","ds006036__EO_or_photomark","AD_vs_CN","kTSP_k9_disjoint","C4",1
"tier1_main","single_condition","single_condition","P0_derivative_amplitude_deciles","RAW_DECILES","ds006036__EO_or_photomark","AD_vs_CN","kTSP_k9_disjoint","C4",1
"tier1_main","single_condition","single_condition","P0_derivative_amplitude_deciles","RAW_DECILES","ds004504__EC","AD_vs_FTD","kTSP_k9_disjoint","C4",9
"tier1_main","single_condition","single_condition","P0_derivative_amplitude_deciles","DERIVED_DECILES_ALL","ds006036__EO_or_photomark","AD_vs_FTD","kTSP_k9_disjoint","C4",26
"tier1_main","single_condition","single_condition","P1_psd_bandpower_from_derivatives","PSD_ABSOLUTE_CHANNEL_BAND","ds006036__EO_or_photomark","AD_vs_FTD","kTSP_k9_disjoint","C4",15
"tier4_pooled","pooled_condition","POOLED_EC_EO_subject_grouped","P0_derivative_amplitude_deciles","DERIVED_DECILES_ALL","POOLED_EC_EO_subject_grouped","AD_vs_FTD","kTSP_k9_disjoint","C4",11
"tier1_main","single_condition","single_condition","P0_derivative_amplitude_deciles","DERIVED_DECILES_ALL","ds004504__EC","CN_vs_FTD","kTSP_k9_disjoint","C4",16
"tier1_main","single_condition","single_condition","P1_psd_bandpower_from_derivatives","PSD_ABSOLUTE_CHANNEL_BAND","ds004504__EC","CN_vs_FTD","kTSP_k9_disjoint","C4",1
"tier1_main","single_condition","single_condition","P0_derivative_amplitude_deciles","RAW_DECILES","ds004504__EC","CN_vs_FTD","kTSP_k9_disjoint","C4",12
"tier1_main","single_condition","single_condition","P0_derivative_amplitude_deciles","DERIVED_DECILES_ALL","ds006036__EO_or_photomark","CN_vs_FTD","kTSP_k9_disjoint","C4",32
"tier4_pooled","pooled_condition","POOLED_EC_EO_subject_grouped","P0_derivative_amplitude_deciles","DERIVED_DECILES_ALL","POOLED_EC_EO_subject_grouped","CN_vs_FTD","kTSP_k9_disjoint","C4",3
"tier1_main","single_condition","single_condition","P0_derivative_amplitude_deciles","RAW_DECILES","ds006036__EO_or_photomark","AD_vs_FTD","kTSP_k9_nondisjoint","C4",2
"tier1_main","single_condition","single_condition","P1_psd_bandpower_from_derivatives","PSD_ABSOLUTE_CHANNEL_BAND","ds004504__EC","AD_vs_FTD","kTSP_CV_disjoint","Cz",66
"tier1_main","single_condition","single_condition","P0_derivative_amplitude_deciles","DERIVED_DECILES_ALL","ds004504__EC","AD_vs_FTD","kTSP_CV_nondisjoint","Cz",8
"tier1_main","single_condition","single_condition","P1_psd_bandpower_from_derivatives","PSD_ABSOLUTE_CHANNEL_BAND","ds006036__EO_or_photomark","CN_vs_FTD","kTSP_k3_disjoint","Cz",8
"tier1_main","single_condition","single_condition","P0_derivative_amplitude_deciles","RAW_DECILES","ds006036__EO_or_photomark","CN_vs_FTD","kTSP_k5_disjoint","Cz",1
"tier1_main","single_condition","single_condition","P0_derivative_amplitude_deciles","DERIVED_DECILES_ALL","ds004504__EC","AD_FTD_vs_CN","kTSP_k9_disjoint","Cz",1
"tier1_main","single_condition","single_condition","P0_derivative_amplitude_deciles","DERIVED_DECILES_ALL","ds006036__EO_or_photomark","AD_FTD_vs_CN","kTSP_k9_disjoint","Cz",1
"tier1_main","single_condition","single_condition","P0_derivative_amplitude_deciles","RAW_DECILES","ds006036__EO_or_photomark","AD_FTD_vs_CN","kTSP_k9_disjoint","Cz",1
"tier4_pooled","pooled_condition","POOLED_EC_EO_subject_grouped","P0_derivative_amplitude_deciles","DERIVED_DECILES_ALL","POOLED_EC_EO_subject_grouped","AD_FTD_vs_CN","kTSP_k9_disjoint","Cz",1
"tier1_main","single_condition","single_condition","P0_derivative_amplitude_deciles","RAW_DECILES","ds006036__EO_or_photomark","AD_vs_CN","kTSP_k9_disjoint","Cz",3
"tier4_pooled","pooled_condition","POOLED_EC_EO_subject_grouped","P0_derivative_amplitude_deciles","DERIVED_DECILES_ALL","POOLED_EC_EO_subject_grouped","AD_vs_CN","kTSP_k9_disjoint","Cz",1
"tier1_main","single_condition","single_condition","P0_derivative_amplitude_deciles","RAW_DECILES","ds004504__EC","AD_vs_FTD","kTSP_k9_disjoint","Cz",6
"tier1_main","single_condition","single_condition","P0_derivative_amplitude_deciles","DERIVED_DECILES_ALL","ds006036__EO_or_photomark","AD_vs_FTD","kTSP_k9_disjoint","Cz",12
"tier1_main","single_condition","single_condition","P1_psd_bandpower_from_derivatives","PSD_ABSOLUTE_CHANNEL_BAND","ds006036__EO_or_photomark","AD_vs_FTD","kTSP_k9_disjoint","Cz",7
"tier4_pooled","pooled_condition","POOLED_EC_EO_subject_grouped","P0_derivative_amplitude_deciles","DERIVED_DECILES_ALL","POOLED_EC_EO_subject_grouped","AD_vs_FTD","kTSP_k9_disjoint","Cz",1
"tier1_main","single_condition","single_condition","P0_derivative_amplitude_deciles","DERIVED_DECILES_ALL","ds004504__EC","CN_vs_FTD","kTSP_k9_disjoint","Cz",11
"tier1_main","single_condition","single_condition","P1_psd_bandpower_from_derivatives","PSD_ABSOLUTE_CHANNEL_BAND","ds004504__EC","CN_vs_FTD","kTSP_k9_disjoint","Cz",5
"tier1_main","single_condition","single_condition","P0_derivative_amplitude_deciles","RAW_DECILES","ds004504__EC","CN_vs_FTD","kTSP_k9_disjoint","Cz",7
"tier1_main","single_condition","single_condition","P0_derivative_amplitude_deciles","DERIVED_DECILES_ALL","ds006036__EO_or_photomark","CN_vs_FTD","kTSP_k9_disjoint","Cz",3
"tier4_pooled","pooled_condition","POOLED_EC_EO_subject_grouped","P0_derivative_amplitude_deciles","DERIVED_DECILES_ALL","POOLED_EC_EO_subject_grouped","CN_vs_FTD","kTSP_k9_disjoint","Cz",1
"tier1_main","single_condition","single_condition","P1_psd_bandpower_from_derivatives","PSD_ABSOLUTE_CHANNEL_BAND","ds004504__EC","AD_vs_FTD","kTSP_CV_disjoint","F3",26
"tier1_main","single_condition","single_condition","P0_derivative_amplitude_deciles","DERIVED_DECILES_ALL","ds004504__EC","AD_vs_FTD","kTSP_CV_nondisjoint","F3",28
"tier1_main","single_condition","single_condition","P1_psd_bandpower_from_derivatives","PSD_ABSOLUTE_CHANNEL_BAND","ds006036__EO_or_photomark","CN_vs_FTD","kTSP_k3_disjoint","F3",4
"tier2_cross_condition","cross_condition_transfer","EO_photo_train__EC_test","P0_derivative_amplitude_deciles","DERIVED_DECILES_ALL","EO_photo_train__EC_test","CN_vs_FTD","kTSP_k3_disjoint","F3",1
"tier2_cross_condition","cross_condition_transfer","EC_train__EO_photo_test","P0_derivative_amplitude_deciles","DERIVED_DECILES_ALL","EC_train__EO_photo_test","AD_vs_FTD","kTSP_k3_nondisjoint","F3",1
"tier1_main","single_condition","single_condition","P0_derivative_amplitude_deciles","RAW_DECILES","ds006036__EO_or_photomark","CN_vs_FTD","kTSP_k5_disjoint","F3",61
"tier1_main","single_condition","single_condition","P0_derivative_amplitude_deciles","DERIVED_DECILES_ALL","ds004504__EC","AD_FTD_vs_CN","kTSP_k9_disjoint","F3",8
"tier1_main","single_condition","single_condition","P1_psd_bandpower_from_derivatives","PSD_ABSOLUTE_CHANNEL_BAND","ds004504__EC","AD_FTD_vs_CN","kTSP_k9_disjoint","F3",4
"tier1_main","single_condition","single_condition","P0_derivative_amplitude_deciles","RAW_DECILES","ds004504__EC","AD_FTD_vs_CN","kTSP_k9_disjoint","F3",20
"tier1_main","single_condition","single_condition","P0_derivative_amplitude_deciles","DERIVED_DECILES_ALL","ds006036__EO_or_photomark","AD_FTD_vs_CN","kTSP_k9_disjoint","F3",9
"tier1_main","single_condition","single_condition","P1_psd_bandpower_from_derivatives","PSD_ABSOLUTE_CHANNEL_BAND","ds006036__EO_or_photomark","AD_FTD_vs_CN","kTSP_k9_disjoint","F3",5
"tier1_main","single_condition","single_condition","P0_derivative_amplitude_deciles","RAW_DECILES","ds006036__EO_or_photomark","AD_FTD_vs_CN","kTSP_k9_disjoint","F3",15
"tier4_pooled","pooled_condition","POOLED_EC_EO_subject_grouped","P0_derivative_amplitude_deciles","DERIVED_DECILES_ALL","POOLED_EC_EO_subject_grouped","AD_FTD_vs_CN","kTSP_k9_disjoint","F3",6
"tier1_main","single_condition","single_condition","P0_derivative_amplitude_deciles","DERIVED_DECILES_ALL","ds004504__EC","AD_vs_CN","kTSP_k9_disjoint","F3",17
"tier1_main","single_condition","single_condition","P1_psd_bandpower_from_derivatives","PSD_ABSOLUTE_CHANNEL_BAND","ds004504__EC","AD_vs_CN","kTSP_k9_disjoint","F3",18
"tier1_main","single_condition","single_condition","P0_derivative_amplitude_deciles","RAW_DECILES","ds004504__EC","AD_vs_CN","kTSP_k9_disjoint","F3",32
"tier1_main","single_condition","single_condition","P0_derivative_amplitude_deciles","DERIVED_DECILES_ALL","ds006036__EO_or_photomark","AD_vs_CN","kTSP_k9_disjoint","F3",10
"tier1_main","single_condition","single_condition","P1_psd_bandpower_from_derivatives","PSD_ABSOLUTE_CHANNEL_BAND","ds006036__EO_or_photomark","AD_vs_CN","kTSP_k9_disjoint","F3",6
"tier1_main","single_condition","single_condition","P0_derivative_amplitude_deciles","RAW_DECILES","ds006036__EO_or_photomark","AD_vs_CN","kTSP_k9_disjoint","F3",25
"tier4_pooled","pooled_condition","POOLED_EC_EO_subject_grouped","P0_derivative_amplitude_deciles","DERIVED_DECILES_ALL","POOLED_EC_EO_subject_grouped","AD_vs_CN","kTSP_k9_disjoint","F3",23
"tier1_main","single_condition","single_condition","P0_derivative_amplitude_deciles","RAW_DECILES","ds004504__EC","AD_vs_FTD","kTSP_k9_disjoint","F3",24
"tier1_main","single_condition","single_condition","P0_derivative_amplitude_deciles","DERIVED_DECILES_ALL","ds006036__EO_or_photomark","AD_vs_FTD","kTSP_k9_disjoint","F3",35
"tier1_main","single_condition","single_condition","P1_psd_bandpower_from_derivatives","PSD_ABSOLUTE_CHANNEL_BAND","ds006036__EO_or_photomark","AD_vs_FTD","kTSP_k9_disjoint","F3",14
"tier2_cross_condition","cross_condition_transfer","EO_photo_train__EC_test","P0_derivative_amplitude_deciles","DERIVED_DECILES_ALL","EO_photo_train__EC_test","AD_vs_FTD","kTSP_k9_disjoint","F3",1
"tier4_pooled","pooled_condition","POOLED_EC_EO_subject_grouped","P0_derivative_amplitude_deciles","DERIVED_DECILES_ALL","POOLED_EC_EO_subject_grouped","AD_vs_FTD","kTSP_k9_disjoint","F3",23
"tier1_main","single_condition","single_condition","P0_derivative_amplitude_deciles","DERIVED_DECILES_ALL","ds004504__EC","CN_vs_FTD","kTSP_k9_disjoint","F3",19
"tier1_main","single_condition","single_condition","P1_psd_bandpower_from_derivatives","PSD_ABSOLUTE_CHANNEL_BAND","ds004504__EC","CN_vs_FTD","kTSP_k9_disjoint","F3",21
"tier1_main","single_condition","single_condition","P0_derivative_amplitude_deciles","RAW_DECILES","ds004504__EC","CN_vs_FTD","kTSP_k9_disjoint","F3",18
"tier1_main","single_condition","single_condition","P0_derivative_amplitude_deciles","DERIVED_DECILES_ALL","ds006036__EO_or_photomark","CN_vs_FTD","kTSP_k9_disjoint","F3",68
"tier4_pooled","pooled_condition","POOLED_EC_EO_subject_grouped","P0_derivative_amplitude_deciles","DERIVED_DECILES_ALL","POOLED_EC_EO_subject_grouped","CN_vs_FTD","kTSP_k9_disjoint","F3",24
"tier1_main","single_condition","single_condition","P0_derivative_amplitude_deciles","RAW_DECILES","ds006036__EO_or_photomark","AD_vs_FTD","kTSP_k9_nondisjoint","F3",62
"tier1_main","single_condition","single_condition","P1_psd_bandpower_from_derivatives","PSD_ABSOLUTE_CHANNEL_BAND","ds004504__EC","AD_vs_FTD","kTSP_CV_disjoint","F4",57
"tier1_main","single_condition","single_condition","P0_derivative_amplitude_deciles","DERIVED_DECILES_ALL","ds004504__EC","AD_vs_FTD","kTSP_CV_nondisjoint","F4",4
"tier1_main","single_condition","single_condition","P1_psd_bandpower_from_derivatives","PSD_ABSOLUTE_CHANNEL_BAND","ds006036__EO_or_photomark","CN_vs_FTD","kTSP_k3_disjoint","F4",55
"tier1_main","single_condition","single_condition","P0_derivative_amplitude_deciles","RAW_DECILES","ds006036__EO_or_photomark","CN_vs_FTD","kTSP_k5_disjoint","F4",32
"tier1_main","single_condition","single_condition","P0_derivative_amplitude_deciles","DERIVED_DECILES_ALL","ds004504__EC","AD_FTD_vs_CN","kTSP_k9_disjoint","F4",8
"tier1_main","single_condition","single_condition","P1_psd_bandpower_from_derivatives","PSD_ABSOLUTE_CHANNEL_BAND","ds004504__EC","AD_FTD_vs_CN","kTSP_k9_disjoint","F4",70
"tier1_main","single_condition","single_condition","P0_derivative_amplitude_deciles","RAW_DECILES","ds004504__EC","AD_FTD_vs_CN","kTSP_k9_disjoint","F4",10
"tier1_main","single_condition","single_condition","P0_derivative_amplitude_deciles","DERIVED_DECILES_ALL","ds006036__EO_or_photomark","AD_FTD_vs_CN","kTSP_k9_disjoint","F4",20
"tier1_main","single_condition","single_condition","P1_psd_bandpower_from_derivatives","PSD_ABSOLUTE_CHANNEL_BAND","ds006036__EO_or_photomark","AD_FTD_vs_CN","kTSP_k9_disjoint","F4",8
"tier1_main","single_condition","single_condition","P0_derivative_amplitude_deciles","RAW_DECILES","ds006036__EO_or_photomark","AD_FTD_vs_CN","kTSP_k9_disjoint","F4",54
"tier4_pooled","pooled_condition","POOLED_EC_EO_subject_grouped","P0_derivative_amplitude_deciles","DERIVED_DECILES_ALL","POOLED_EC_EO_subject_grouped","AD_FTD_vs_CN","kTSP_k9_disjoint","F4",3
"tier1_main","single_condition","single_condition","P0_derivative_amplitude_deciles","DERIVED_DECILES_ALL","ds004504__EC","AD_vs_CN","kTSP_k9_disjoint","F4",9
"tier1_main","single_condition","single_condition","P1_psd_bandpower_from_derivatives","PSD_ABSOLUTE_CHANNEL_BAND","ds004504__EC","AD_vs_CN","kTSP_k9_disjoint","F4",17
"tier1_main","single_condition","single_condition","P0_derivative_amplitude_deciles","RAW_DECILES","ds004504__EC","AD_vs_CN","kTSP_k9_disjoint","F4",6
"tier1_main","single_condition","single_condition","P0_derivative_amplitude_deciles","DERIVED_DECILES_ALL","ds006036__EO_or_photomark","AD_vs_CN","kTSP_k9_disjoint","F4",7
"tier1_main","single_condition","single_condition","P1_psd_bandpower_from_derivatives","PSD_ABSOLUTE_CHANNEL_BAND","ds006036__EO_or_photomark","AD_vs_CN","kTSP_k9_disjoint","F4",4
"tier1_main","single_condition","single_condition","P0_derivative_amplitude_deciles","RAW_DECILES","ds006036__EO_or_photomark","AD_vs_CN","kTSP_k9_disjoint","F4",25
"tier4_pooled","pooled_condition","POOLED_EC_EO_subject_grouped","P0_derivative_amplitude_deciles","DERIVED_DECILES_ALL","POOLED_EC_EO_subject_grouped","AD_vs_CN","kTSP_k9_disjoint","F4",9
"tier1_main","single_condition","single_condition","P0_derivative_amplitude_deciles","RAW_DECILES","ds004504__EC","AD_vs_FTD","kTSP_k9_disjoint","F4",18
"tier1_main","single_condition","single_condition","P0_derivative_amplitude_deciles","DERIVED_DECILES_ALL","ds006036__EO_or_photomark","AD_vs_FTD","kTSP_k9_disjoint","F4",48
"tier1_main","single_condition","single_condition","P1_psd_bandpower_from_derivatives","PSD_ABSOLUTE_CHANNEL_BAND","ds006036__EO_or_photomark","AD_vs_FTD","kTSP_k9_disjoint","F4",11
"tier2_cross_condition","cross_condition_transfer","EO_photo_train__EC_test","P0_derivative_amplitude_deciles","DERIVED_DECILES_ALL","EO_photo_train__EC_test","AD_vs_FTD","kTSP_k9_disjoint","F4",1
"tier4_pooled","pooled_condition","POOLED_EC_EO_subject_grouped","P0_derivative_amplitude_deciles","DERIVED_DECILES_ALL","POOLED_EC_EO_subject_grouped","AD_vs_FTD","kTSP_k9_disjoint","F4",28
"tier1_main","single_condition","single_condition","P0_derivative_amplitude_deciles","DERIVED_DECILES_ALL","ds004504__EC","CN_vs_FTD","kTSP_k9_disjoint","F4",22
"tier1_main","single_condition","single_condition","P1_psd_bandpower_from_derivatives","PSD_ABSOLUTE_CHANNEL_BAND","ds004504__EC","CN_vs_FTD","kTSP_k9_disjoint","F4",95
"tier1_main","single_condition","single_condition","P0_derivative_amplitude_deciles","RAW_DECILES","ds004504__EC","CN_vs_FTD","kTSP_k9_disjoint","F4",29
"tier1_main","single_condition","single_condition","P0_derivative_amplitude_deciles","DERIVED_DECILES_ALL","ds006036__EO_or_photomark","CN_vs_FTD","kTSP_k9_disjoint","F4",29
"tier4_pooled","pooled_condition","POOLED_EC_EO_subject_grouped","P0_derivative_amplitude_deciles","DERIVED_DECILES_ALL","POOLED_EC_EO_subject_grouped","CN_vs_FTD","kTSP_k9_disjoint","F4",3
"tier1_main","single_condition","single_condition","P0_derivative_amplitude_deciles","RAW_DECILES","ds006036__EO_or_photomark","AD_vs_FTD","kTSP_k9_nondisjoint","F4",22
"tier2_cross_condition","cross_condition_transfer","EC_train__EO_photo_test","P0_derivative_amplitude_deciles","DERIVED_DECILES_ALL","EC_train__EO_photo_test","AD_FTD_vs_CN","kTSP_CV_disjoint","F7",1
"tier2_cross_condition","cross_condition_transfer","EC_train__EO_photo_test","P0_derivative_amplitude_deciles","DERIVED_DECILES_ALL","EC_train__EO_photo_test","AD_vs_CN","kTSP_CV_disjoint","F7",1
"tier1_main","single_condition","single_condition","P1_psd_bandpower_from_derivatives","PSD_ABSOLUTE_CHANNEL_BAND","ds004504__EC","AD_vs_FTD","kTSP_CV_disjoint","F7",41
"tier1_main","single_condition","single_condition","P0_derivative_amplitude_deciles","DERIVED_DECILES_ALL","ds004504__EC","AD_vs_FTD","kTSP_CV_nondisjoint","F7",30
"tier1_main","single_condition","single_condition","P1_psd_bandpower_from_derivatives","PSD_ABSOLUTE_CHANNEL_BAND","ds006036__EO_or_photomark","CN_vs_FTD","kTSP_k3_disjoint","F7",11
"tier2_cross_condition","cross_condition_transfer","EO_photo_train__EC_test","P0_derivative_amplitude_deciles","DERIVED_DECILES_ALL","EO_photo_train__EC_test","AD_FTD_vs_CN","kTSP_k5_disjoint","F7",1
"tier1_main","single_condition","single_condition","P0_derivative_amplitude_deciles","RAW_DECILES","ds006036__EO_or_photomark","CN_vs_FTD","kTSP_k5_disjoint","F7",2
"tier1_main","single_condition","single_condition","P0_derivative_amplitude_deciles","DERIVED_DECILES_ALL","ds004504__EC","AD_FTD_vs_CN","kTSP_k9_disjoint","F7",90
"tier1_main","single_condition","single_condition","P1_psd_bandpower_from_derivatives","PSD_ABSOLUTE_CHANNEL_BAND","ds004504__EC","AD_FTD_vs_CN","kTSP_k9_disjoint","F7",39
"tier1_main","single_condition","single_condition","P0_derivative_amplitude_deciles","RAW_DECILES","ds004504__EC","AD_FTD_vs_CN","kTSP_k9_disjoint","F7",96
"tier1_main","single_condition","single_condition","P0_derivative_amplitude_deciles","DERIVED_DECILES_ALL","ds006036__EO_or_photomark","AD_FTD_vs_CN","kTSP_k9_disjoint","F7",66
"tier1_main","single_condition","single_condition","P1_psd_bandpower_from_derivatives","PSD_ABSOLUTE_CHANNEL_BAND","ds006036__EO_or_photomark","AD_FTD_vs_CN","kTSP_k9_disjoint","F7",82
"tier1_main","single_condition","single_condition","P0_derivative_amplitude_deciles","RAW_DECILES","ds006036__EO_or_photomark","AD_FTD_vs_CN","kTSP_k9_disjoint","F7",31
"tier4_pooled","pooled_condition","POOLED_EC_EO_subject_grouped","P0_derivative_amplitude_deciles","DERIVED_DECILES_ALL","POOLED_EC_EO_subject_grouped","AD_FTD_vs_CN","kTSP_k9_disjoint","F7",61
"tier1_main","single_condition","single_condition","P0_derivative_amplitude_deciles","DERIVED_DECILES_ALL","ds004504__EC","AD_vs_CN","kTSP_k9_disjoint","F7",87
"tier1_main","single_condition","single_condition","P1_psd_bandpower_from_derivatives","PSD_ABSOLUTE_CHANNEL_BAND","ds004504__EC","AD_vs_CN","kTSP_k9_disjoint","F7",51
"tier1_main","single_condition","single_condition","P0_derivative_amplitude_deciles","RAW_DECILES","ds004504__EC","AD_vs_CN","kTSP_k9_disjoint","F7",99
"tier1_main","single_condition","single_condition","P0_derivative_amplitude_deciles","DERIVED_DECILES_ALL","ds006036__EO_or_photomark","AD_vs_CN","kTSP_k9_disjoint","F7",67
"tier1_main","single_condition","single_condition","P1_psd_bandpower_from_derivatives","PSD_ABSOLUTE_CHANNEL_BAND","ds006036__EO_or_photomark","AD_vs_CN","kTSP_k9_disjoint","F7",92
"tier1_main","single_condition","single_condition","P0_derivative_amplitude_deciles","RAW_DECILES","ds006036__EO_or_photomark","AD_vs_CN","kTSP_k9_disjoint","F7",60
"tier4_pooled","pooled_condition","POOLED_EC_EO_subject_grouped","P0_derivative_amplitude_deciles","DERIVED_DECILES_ALL","POOLED_EC_EO_subject_grouped","AD_vs_CN","kTSP_k9_disjoint","F7",89
"tier1_main","single_condition","single_condition","P0_derivative_amplitude_deciles","RAW_DECILES","ds004504__EC","AD_vs_FTD","kTSP_k9_disjoint","F7",44
"tier1_main","single_condition","single_condition","P0_derivative_amplitude_deciles","DERIVED_DECILES_ALL","ds006036__EO_or_photomark","AD_vs_FTD","kTSP_k9_disjoint","F7",47
"tier1_main","single_condition","single_condition","P1_psd_bandpower_from_derivatives","PSD_ABSOLUTE_CHANNEL_BAND","ds006036__EO_or_photomark","AD_vs_FTD","kTSP_k9_disjoint","F7",76
"tier4_pooled","pooled_condition","POOLED_EC_EO_subject_grouped","P0_derivative_amplitude_deciles","DERIVED_DECILES_ALL","POOLED_EC_EO_subject_grouped","AD_vs_FTD","kTSP_k9_disjoint","F7",79
"tier1_main","single_condition","single_condition","P0_derivative_amplitude_deciles","DERIVED_DECILES_ALL","ds004504__EC","CN_vs_FTD","kTSP_k9_disjoint","F7",21
"tier1_main","single_condition","single_condition","P1_psd_bandpower_from_derivatives","PSD_ABSOLUTE_CHANNEL_BAND","ds004504__EC","CN_vs_FTD","kTSP_k9_disjoint","F7",14
"tier1_main","single_condition","single_condition","P0_derivative_amplitude_deciles","RAW_DECILES","ds004504__EC","CN_vs_FTD","kTSP_k9_disjoint","F7",17
"tier1_main","single_condition","single_condition","P0_derivative_amplitude_deciles","DERIVED_DECILES_ALL","ds006036__EO_or_photomark","CN_vs_FTD","kTSP_k9_disjoint","F7",13
"tier4_pooled","pooled_condition","POOLED_EC_EO_subject_grouped","P0_derivative_amplitude_deciles","DERIVED_DECILES_ALL","POOLED_EC_EO_subject_grouped","CN_vs_FTD","kTSP_k9_disjoint","F7",4
"tier1_main","single_condition","single_condition","P0_derivative_amplitude_deciles","RAW_DECILES","ds006036__EO_or_photomark","AD_vs_FTD","kTSP_k9_nondisjoint","F7",59
"tier2_cross_condition","cross_condition_transfer","EC_train__EO_photo_test","P0_derivative_amplitude_deciles","DERIVED_DECILES_ALL","EC_train__EO_photo_test","AD_vs_CN","kTSP_CV_disjoint","F8",1
"tier2_cross_condition","cross_condition_transfer","EO_photo_train__EC_test","P0_derivative_amplitude_deciles","DERIVED_DECILES_ALL","EO_photo_train__EC_test","AD_vs_CN","kTSP_CV_disjoint","F8",1
"tier1_main","single_condition","single_condition","P1_psd_bandpower_from_derivatives","PSD_ABSOLUTE_CHANNEL_BAND","ds004504__EC","AD_vs_FTD","kTSP_CV_disjoint","F8",7
"tier1_main","single_condition","single_condition","P0_derivative_amplitude_deciles","DERIVED_DECILES_ALL","ds004504__EC","AD_vs_FTD","kTSP_CV_nondisjoint","F8",43
"tier1_main","single_condition","single_condition","P1_psd_bandpower_from_derivatives","PSD_ABSOLUTE_CHANNEL_BAND","ds006036__EO_or_photomark","CN_vs_FTD","kTSP_k3_disjoint","F8",11
"tier2_cross_condition","cross_condition_transfer","EC_train__EO_photo_test","P0_derivative_amplitude_deciles","DERIVED_DECILES_ALL","EC_train__EO_photo_test","AD_vs_FTD","kTSP_k3_nondisjoint","F8",1
"tier1_main","single_condition","single_condition","P0_derivative_amplitude_deciles","RAW_DECILES","ds006036__EO_or_photomark","CN_vs_FTD","kTSP_k5_disjoint","F8",2
"tier1_main","single_condition","single_condition","P0_derivative_amplitude_deciles","DERIVED_DECILES_ALL","ds004504__EC","AD_FTD_vs_CN","kTSP_k9_disjoint","F8",34
"tier1_main","single_condition","single_condition","P1_psd_bandpower_from_derivatives","PSD_ABSOLUTE_CHANNEL_BAND","ds004504__EC","AD_FTD_vs_CN","kTSP_k9_disjoint","F8",36
"tier1_main","single_condition","single_condition","P0_derivative_amplitude_deciles","RAW_DECILES","ds004504__EC","AD_FTD_vs_CN","kTSP_k9_disjoint","F8",13
"tier1_main","single_condition","single_condition","P0_derivative_amplitude_deciles","DERIVED_DECILES_ALL","ds006036__EO_or_photomark","AD_FTD_vs_CN","kTSP_k9_disjoint","F8",15
"tier1_main","single_condition","single_condition","P1_psd_bandpower_from_derivatives","PSD_ABSOLUTE_CHANNEL_BAND","ds006036__EO_or_photomark","AD_FTD_vs_CN","kTSP_k9_disjoint","F8",19
"tier4_pooled","pooled_condition","POOLED_EC_EO_subject_grouped","P0_derivative_amplitude_deciles","DERIVED_DECILES_ALL","POOLED_EC_EO_subject_grouped","AD_FTD_vs_CN","kTSP_k9_disjoint","F8",16
"tier1_main","single_condition","single_condition","P0_derivative_amplitude_deciles","DERIVED_DECILES_ALL","ds004504__EC","AD_vs_CN","kTSP_k9_disjoint","F8",65
"tier1_main","single_condition","single_condition","P1_psd_bandpower_from_derivatives","PSD_ABSOLUTE_CHANNEL_BAND","ds004504__EC","AD_vs_CN","kTSP_k9_disjoint","F8",22
"tier1_main","single_condition","single_condition","P0_derivative_amplitude_deciles","RAW_DECILES","ds004504__EC","AD_vs_CN","kTSP_k9_disjoint","F8",5
"tier1_main","single_condition","single_condition","P0_derivative_amplitude_deciles","DERIVED_DECILES_ALL","ds006036__EO_or_photomark","AD_vs_CN","kTSP_k9_disjoint","F8",42
"tier1_main","single_condition","single_condition","P1_psd_bandpower_from_derivatives","PSD_ABSOLUTE_CHANNEL_BAND","ds006036__EO_or_photomark","AD_vs_CN","kTSP_k9_disjoint","F8",18
"tier4_pooled","pooled_condition","POOLED_EC_EO_subject_grouped","P0_derivative_amplitude_deciles","DERIVED_DECILES_ALL","POOLED_EC_EO_subject_grouped","AD_vs_CN","kTSP_k9_disjoint","F8",28
"tier1_main","single_condition","single_condition","P0_derivative_amplitude_deciles","RAW_DECILES","ds004504__EC","AD_vs_FTD","kTSP_k9_disjoint","F8",71
"tier1_main","single_condition","single_condition","P0_derivative_amplitude_deciles","DERIVED_DECILES_ALL","ds006036__EO_or_photomark","AD_vs_FTD","kTSP_k9_disjoint","F8",30
"tier1_main","single_condition","single_condition","P1_psd_bandpower_from_derivatives","PSD_ABSOLUTE_CHANNEL_BAND","ds006036__EO_or_photomark","AD_vs_FTD","kTSP_k9_disjoint","F8",16
"tier2_cross_condition","cross_condition_transfer","EO_photo_train__EC_test","P0_derivative_amplitude_deciles","DERIVED_DECILES_ALL","EO_photo_train__EC_test","AD_vs_FTD","kTSP_k9_disjoint","F8",1
"tier4_pooled","pooled_condition","POOLED_EC_EO_subject_grouped","P0_derivative_amplitude_deciles","DERIVED_DECILES_ALL","POOLED_EC_EO_subject_grouped","AD_vs_FTD","kTSP_k9_disjoint","F8",50
"tier1_main","single_condition","single_condition","P0_derivative_amplitude_deciles","DERIVED_DECILES_ALL","ds004504__EC","CN_vs_FTD","kTSP_k9_disjoint","F8",39
"tier1_main","single_condition","single_condition","P1_psd_bandpower_from_derivatives","PSD_ABSOLUTE_CHANNEL_BAND","ds004504__EC","CN_vs_FTD","kTSP_k9_disjoint","F8",25
"tier1_main","single_condition","single_condition","P0_derivative_amplitude_deciles","RAW_DECILES","ds004504__EC","CN_vs_FTD","kTSP_k9_disjoint","F8",27
"tier1_main","single_condition","single_condition","P0_derivative_amplitude_deciles","DERIVED_DECILES_ALL","ds006036__EO_or_photomark","CN_vs_FTD","kTSP_k9_disjoint","F8",7
"tier4_pooled","pooled_condition","POOLED_EC_EO_subject_grouped","P0_derivative_amplitude_deciles","DERIVED_DECILES_ALL","POOLED_EC_EO_subject_grouped","CN_vs_FTD","kTSP_k9_disjoint","F8",3
"tier1_main","single_condition","single_condition","P0_derivative_amplitude_deciles","RAW_DECILES","ds006036__EO_or_photomark","AD_vs_FTD","kTSP_k9_nondisjoint","F8",19
"tier2_cross_condition","cross_condition_transfer","EC_train__EO_photo_test","P0_derivative_amplitude_deciles","DERIVED_DECILES_ALL","EC_train__EO_photo_test","AD_FTD_vs_CN","kTSP_CV_disjoint","Fp1",1
"tier2_cross_condition","cross_condition_transfer","EO_photo_train__EC_test","P0_derivative_amplitude_deciles","DERIVED_DECILES_ALL","EO_photo_train__EC_test","AD_vs_CN","kTSP_CV_disjoint","Fp1",1
"tier1_main","single_condition","single_condition","P1_psd_bandpower_from_derivatives","PSD_ABSOLUTE_CHANNEL_BAND","ds004504__EC","AD_vs_FTD","kTSP_CV_disjoint","Fp1",55
"tier2_cross_condition","cross_condition_transfer","EC_train__EO_photo_test","P0_derivative_amplitude_deciles","DERIVED_DECILES_ALL","EC_train__EO_photo_test","CN_vs_FTD","kTSP_CV_disjoint","Fp1",1
"tier1_main","single_condition","single_condition","P0_derivative_amplitude_deciles","DERIVED_DECILES_ALL","ds004504__EC","AD_vs_FTD","kTSP_CV_nondisjoint","Fp1",14
"tier1_main","single_condition","single_condition","P1_psd_bandpower_from_derivatives","PSD_ABSOLUTE_CHANNEL_BAND","ds006036__EO_or_photomark","CN_vs_FTD","kTSP_k3_disjoint","Fp1",93
"tier2_cross_condition","cross_condition_transfer","EO_photo_train__EC_test","P0_derivative_amplitude_deciles","DERIVED_DECILES_ALL","EO_photo_train__EC_test","AD_FTD_vs_CN","kTSP_k5_disjoint","Fp1",1
"tier1_main","single_condition","single_condition","P0_derivative_amplitude_deciles","RAW_DECILES","ds006036__EO_or_photomark","CN_vs_FTD","kTSP_k5_disjoint","Fp1",28
"tier1_main","single_condition","single_condition","P0_derivative_amplitude_deciles","DERIVED_DECILES_ALL","ds004504__EC","AD_FTD_vs_CN","kTSP_k9_disjoint","Fp1",45
"tier1_main","single_condition","single_condition","P1_psd_bandpower_from_derivatives","PSD_ABSOLUTE_CHANNEL_BAND","ds004504__EC","AD_FTD_vs_CN","kTSP_k9_disjoint","Fp1",6
"tier1_main","single_condition","single_condition","P0_derivative_amplitude_deciles","RAW_DECILES","ds004504__EC","AD_FTD_vs_CN","kTSP_k9_disjoint","Fp1",20
"tier1_main","single_condition","single_condition","P0_derivative_amplitude_deciles","DERIVED_DECILES_ALL","ds006036__EO_or_photomark","AD_FTD_vs_CN","kTSP_k9_disjoint","Fp1",74
"tier1_main","single_condition","single_condition","P1_psd_bandpower_from_derivatives","PSD_ABSOLUTE_CHANNEL_BAND","ds006036__EO_or_photomark","AD_FTD_vs_CN","kTSP_k9_disjoint","Fp1",66
"tier1_main","single_condition","single_condition","P0_derivative_amplitude_deciles","RAW_DECILES","ds006036__EO_or_photomark","AD_FTD_vs_CN","kTSP_k9_disjoint","Fp1",53
"tier4_pooled","pooled_condition","POOLED_EC_EO_subject_grouped","P0_derivative_amplitude_deciles","DERIVED_DECILES_ALL","POOLED_EC_EO_subject_grouped","AD_FTD_vs_CN","kTSP_k9_disjoint","Fp1",88
"tier1_main","single_condition","single_condition","P0_derivative_amplitude_deciles","DERIVED_DECILES_ALL","ds004504__EC","AD_vs_CN","kTSP_k9_disjoint","Fp1",7
"tier1_main","single_condition","single_condition","P1_psd_bandpower_from_derivatives","PSD_ABSOLUTE_CHANNEL_BAND","ds004504__EC","AD_vs_CN","kTSP_k9_disjoint","Fp1",3
"tier1_main","single_condition","single_condition","P0_derivative_amplitude_deciles","RAW_DECILES","ds004504__EC","AD_vs_CN","kTSP_k9_disjoint","Fp1",3
"tier1_main","single_condition","single_condition","P0_derivative_amplitude_deciles","DERIVED_DECILES_ALL","ds006036__EO_or_photomark","AD_vs_CN","kTSP_k9_disjoint","Fp1",59
"tier1_main","single_condition","single_condition","P1_psd_bandpower_from_derivatives","PSD_ABSOLUTE_CHANNEL_BAND","ds006036__EO_or_photomark","AD_vs_CN","kTSP_k9_disjoint","Fp1",13
"tier1_main","single_condition","single_condition","P0_derivative_amplitude_deciles","RAW_DECILES","ds006036__EO_or_photomark","AD_vs_CN","kTSP_k9_disjoint","Fp1",43
"tier4_pooled","pooled_condition","POOLED_EC_EO_subject_grouped","P0_derivative_amplitude_deciles","DERIVED_DECILES_ALL","POOLED_EC_EO_subject_grouped","AD_vs_CN","kTSP_k9_disjoint","Fp1",31
"tier1_main","single_condition","single_condition","P0_derivative_amplitude_deciles","RAW_DECILES","ds004504__EC","AD_vs_FTD","kTSP_k9_disjoint","Fp1",30
"tier1_main","single_condition","single_condition","P0_derivative_amplitude_deciles","DERIVED_DECILES_ALL","ds006036__EO_or_photomark","AD_vs_FTD","kTSP_k9_disjoint","Fp1",31
"tier1_main","single_condition","single_condition","P1_psd_bandpower_from_derivatives","PSD_ABSOLUTE_CHANNEL_BAND","ds006036__EO_or_photomark","AD_vs_FTD","kTSP_k9_disjoint","Fp1",24
"tier4_pooled","pooled_condition","POOLED_EC_EO_subject_grouped","P0_derivative_amplitude_deciles","DERIVED_DECILES_ALL","POOLED_EC_EO_subject_grouped","AD_vs_FTD","kTSP_k9_disjoint","Fp1",13
"tier1_main","single_condition","single_condition","P0_derivative_amplitude_deciles","DERIVED_DECILES_ALL","ds004504__EC","CN_vs_FTD","kTSP_k9_disjoint","Fp1",64
"tier1_main","single_condition","single_condition","P1_psd_bandpower_from_derivatives","PSD_ABSOLUTE_CHANNEL_BAND","ds004504__EC","CN_vs_FTD","kTSP_k9_disjoint","Fp1",11
"tier1_main","single_condition","single_condition","P0_derivative_amplitude_deciles","RAW_DECILES","ds004504__EC","CN_vs_FTD","kTSP_k9_disjoint","Fp1",39
"tier1_main","single_condition","single_condition","P0_derivative_amplitude_deciles","DERIVED_DECILES_ALL","ds006036__EO_or_photomark","CN_vs_FTD","kTSP_k9_disjoint","Fp1",50
"tier4_pooled","pooled_condition","POOLED_EC_EO_subject_grouped","P0_derivative_amplitude_deciles","DERIVED_DECILES_ALL","POOLED_EC_EO_subject_grouped","CN_vs_FTD","kTSP_k9_disjoint","Fp1",83
"tier1_main","single_condition","single_condition","P0_derivative_amplitude_deciles","RAW_DECILES","ds006036__EO_or_photomark","AD_vs_FTD","kTSP_k9_nondisjoint","Fp1",8
"tier2_cross_condition","cross_condition_transfer","EO_photo_train__EC_test","P0_derivative_amplitude_deciles","DERIVED_DECILES_ALL","EO_photo_train__EC_test","AD_vs_CN","kTSP_CV_disjoint","Fp2",1
"tier1_main","single_condition","single_condition","P1_psd_bandpower_from_derivatives","PSD_ABSOLUTE_CHANNEL_BAND","ds004504__EC","AD_vs_FTD","kTSP_CV_disjoint","Fp2",39
"tier1_main","single_condition","single_condition","P0_derivative_amplitude_deciles","DERIVED_DECILES_ALL","ds004504__EC","AD_vs_FTD","kTSP_CV_nondisjoint","Fp2",1
"tier1_main","single_condition","single_condition","P1_psd_bandpower_from_derivatives","PSD_ABSOLUTE_CHANNEL_BAND","ds006036__EO_or_photomark","CN_vs_FTD","kTSP_k3_disjoint","Fp2",2
"tier2_cross_condition","cross_condition_transfer","EO_photo_train__EC_test","P0_derivative_amplitude_deciles","DERIVED_DECILES_ALL","EO_photo_train__EC_test","AD_FTD_vs_CN","kTSP_k5_disjoint","Fp2",1
"tier1_main","single_condition","single_condition","P0_derivative_amplitude_deciles","RAW_DECILES","ds006036__EO_or_photomark","CN_vs_FTD","kTSP_k5_disjoint","Fp2",3
"tier1_main","single_condition","single_condition","P0_derivative_amplitude_deciles","DERIVED_DECILES_ALL","ds004504__EC","AD_FTD_vs_CN","kTSP_k9_disjoint","Fp2",12
"tier1_main","single_condition","single_condition","P1_psd_bandpower_from_derivatives","PSD_ABSOLUTE_CHANNEL_BAND","ds004504__EC","AD_FTD_vs_CN","kTSP_k9_disjoint","Fp2",8
"tier1_main","single_condition","single_condition","P0_derivative_amplitude_deciles","RAW_DECILES","ds004504__EC","AD_FTD_vs_CN","kTSP_k9_disjoint","Fp2",11
"tier1_main","single_condition","single_condition","P0_derivative_amplitude_deciles","DERIVED_DECILES_ALL","ds006036__EO_or_photomark","AD_FTD_vs_CN","kTSP_k9_disjoint","Fp2",31
"tier1_main","single_condition","single_condition","P1_psd_bandpower_from_derivatives","PSD_ABSOLUTE_CHANNEL_BAND","ds006036__EO_or_photomark","AD_FTD_vs_CN","kTSP_k9_disjoint","Fp2",20
"tier1_main","single_condition","single_condition","P0_derivative_amplitude_deciles","RAW_DECILES","ds006036__EO_or_photomark","AD_FTD_vs_CN","kTSP_k9_disjoint","Fp2",8
"tier4_pooled","pooled_condition","POOLED_EC_EO_subject_grouped","P0_derivative_amplitude_deciles","DERIVED_DECILES_ALL","POOLED_EC_EO_subject_grouped","AD_FTD_vs_CN","kTSP_k9_disjoint","Fp2",45
"tier1_main","single_condition","single_condition","P0_derivative_amplitude_deciles","DERIVED_DECILES_ALL","ds004504__EC","AD_vs_CN","kTSP_k9_disjoint","Fp2",4
"tier1_main","single_condition","single_condition","P1_psd_bandpower_from_derivatives","PSD_ABSOLUTE_CHANNEL_BAND","ds004504__EC","AD_vs_CN","kTSP_k9_disjoint","Fp2",20
"tier1_main","single_condition","single_condition","P0_derivative_amplitude_deciles","RAW_DECILES","ds004504__EC","AD_vs_CN","kTSP_k9_disjoint","Fp2",16
"tier1_main","single_condition","single_condition","P0_derivative_amplitude_deciles","DERIVED_DECILES_ALL","ds006036__EO_or_photomark","AD_vs_CN","kTSP_k9_disjoint","Fp2",50
"tier1_main","single_condition","single_condition","P1_psd_bandpower_from_derivatives","PSD_ABSOLUTE_CHANNEL_BAND","ds006036__EO_or_photomark","AD_vs_CN","kTSP_k9_disjoint","Fp2",68
"tier1_main","single_condition","single_condition","P0_derivative_amplitude_deciles","RAW_DECILES","ds006036__EO_or_photomark","AD_vs_CN","kTSP_k9_disjoint","Fp2",9
"tier4_pooled","pooled_condition","POOLED_EC_EO_subject_grouped","P0_derivative_amplitude_deciles","DERIVED_DECILES_ALL","POOLED_EC_EO_subject_grouped","AD_vs_CN","kTSP_k9_disjoint","Fp2",52
"tier1_main","single_condition","single_condition","P0_derivative_amplitude_deciles","RAW_DECILES","ds004504__EC","AD_vs_FTD","kTSP_k9_disjoint","Fp2",6
"tier1_main","single_condition","single_condition","P0_derivative_amplitude_deciles","DERIVED_DECILES_ALL","ds006036__EO_or_photomark","AD_vs_FTD","kTSP_k9_disjoint","Fp2",6
"tier1_main","single_condition","single_condition","P1_psd_bandpower_from_derivatives","PSD_ABSOLUTE_CHANNEL_BAND","ds006036__EO_or_photomark","AD_vs_FTD","kTSP_k9_disjoint","Fp2",12
"tier4_pooled","pooled_condition","POOLED_EC_EO_subject_grouped","P0_derivative_amplitude_deciles","DERIVED_DECILES_ALL","POOLED_EC_EO_subject_grouped","AD_vs_FTD","kTSP_k9_disjoint","Fp2",17
"tier1_main","single_condition","single_condition","P0_derivative_amplitude_deciles","DERIVED_DECILES_ALL","ds004504__EC","CN_vs_FTD","kTSP_k9_disjoint","Fp2",16
"tier1_main","single_condition","single_condition","P0_derivative_amplitude_deciles","RAW_DECILES","ds004504__EC","CN_vs_FTD","kTSP_k9_disjoint","Fp2",1
"tier1_main","single_condition","single_condition","P0_derivative_amplitude_deciles","DERIVED_DECILES_ALL","ds006036__EO_or_photomark","CN_vs_FTD","kTSP_k9_disjoint","Fp2",9
"tier4_pooled","pooled_condition","POOLED_EC_EO_subject_grouped","P0_derivative_amplitude_deciles","DERIVED_DECILES_ALL","POOLED_EC_EO_subject_grouped","CN_vs_FTD","kTSP_k9_disjoint","Fp2",4
"tier1_main","single_condition","single_condition","P0_derivative_amplitude_deciles","RAW_DECILES","ds006036__EO_or_photomark","AD_vs_FTD","kTSP_k9_nondisjoint","Fp2",5
"tier2_cross_condition","cross_condition_transfer","EO_photo_train__EC_test","P0_derivative_amplitude_deciles","DERIVED_DECILES_ALL","EO_photo_train__EC_test","AD_vs_CN","kTSP_CV_disjoint","Fz",1
"tier1_main","single_condition","single_condition","P1_psd_bandpower_from_derivatives","PSD_ABSOLUTE_CHANNEL_BAND","ds004504__EC","AD_vs_FTD","kTSP_CV_disjoint","Fz",65
"tier1_main","single_condition","single_condition","P0_derivative_amplitude_deciles","DERIVED_DECILES_ALL","ds004504__EC","AD_vs_FTD","kTSP_CV_nondisjoint","Fz",13
"tier1_main","single_condition","single_condition","P1_psd_bandpower_from_derivatives","PSD_ABSOLUTE_CHANNEL_BAND","ds006036__EO_or_photomark","CN_vs_FTD","kTSP_k3_disjoint","Fz",3
"tier1_main","single_condition","single_condition","P0_derivative_amplitude_deciles","DERIVED_DECILES_ALL","ds004504__EC","AD_FTD_vs_CN","kTSP_k9_disjoint","Fz",2
"tier1_main","single_condition","single_condition","P1_psd_bandpower_from_derivatives","PSD_ABSOLUTE_CHANNEL_BAND","ds004504__EC","AD_FTD_vs_CN","kTSP_k9_disjoint","Fz",13
"tier1_main","single_condition","single_condition","P0_derivative_amplitude_deciles","RAW_DECILES","ds004504__EC","AD_FTD_vs_CN","kTSP_k9_disjoint","Fz",8
"tier1_main","single_condition","single_condition","P0_derivative_amplitude_deciles","DERIVED_DECILES_ALL","ds006036__EO_or_photomark","AD_FTD_vs_CN","kTSP_k9_disjoint","Fz",6
"tier1_main","single_condition","single_condition","P1_psd_bandpower_from_derivatives","PSD_ABSOLUTE_CHANNEL_BAND","ds006036__EO_or_photomark","AD_FTD_vs_CN","kTSP_k9_disjoint","Fz",56
"tier1_main","single_condition","single_condition","P0_derivative_amplitude_deciles","RAW_DECILES","ds006036__EO_or_photomark","AD_FTD_vs_CN","kTSP_k9_disjoint","Fz",29
"tier4_pooled","pooled_condition","POOLED_EC_EO_subject_grouped","P0_derivative_amplitude_deciles","DERIVED_DECILES_ALL","POOLED_EC_EO_subject_grouped","AD_FTD_vs_CN","kTSP_k9_disjoint","Fz",11
"tier1_main","single_condition","single_condition","P0_derivative_amplitude_deciles","DERIVED_DECILES_ALL","ds004504__EC","AD_vs_CN","kTSP_k9_disjoint","Fz",17
"tier1_main","single_condition","single_condition","P1_psd_bandpower_from_derivatives","PSD_ABSOLUTE_CHANNEL_BAND","ds004504__EC","AD_vs_CN","kTSP_k9_disjoint","Fz",51
"tier1_main","single_condition","single_condition","P0_derivative_amplitude_deciles","RAW_DECILES","ds004504__EC","AD_vs_CN","kTSP_k9_disjoint","Fz",1
"tier1_main","single_condition","single_condition","P0_derivative_amplitude_deciles","DERIVED_DECILES_ALL","ds006036__EO_or_photomark","AD_vs_CN","kTSP_k9_disjoint","Fz",31
"tier1_main","single_condition","single_condition","P1_psd_bandpower_from_derivatives","PSD_ABSOLUTE_CHANNEL_BAND","ds006036__EO_or_photomark","AD_vs_CN","kTSP_k9_disjoint","Fz",76
"tier1_main","single_condition","single_condition","P0_derivative_amplitude_deciles","RAW_DECILES","ds006036__EO_or_photomark","AD_vs_CN","kTSP_k9_disjoint","Fz",64
"tier4_pooled","pooled_condition","POOLED_EC_EO_subject_grouped","P0_derivative_amplitude_deciles","DERIVED_DECILES_ALL","POOLED_EC_EO_subject_grouped","AD_vs_CN","kTSP_k9_disjoint","Fz",26
"tier1_main","single_condition","single_condition","P0_derivative_amplitude_deciles","RAW_DECILES","ds004504__EC","AD_vs_FTD","kTSP_k9_disjoint","Fz",28
"tier1_main","single_condition","single_condition","P0_derivative_amplitude_deciles","DERIVED_DECILES_ALL","ds006036__EO_or_photomark","AD_vs_FTD","kTSP_k9_disjoint","Fz",40
"tier1_main","single_condition","single_condition","P1_psd_bandpower_from_derivatives","PSD_ABSOLUTE_CHANNEL_BAND","ds006036__EO_or_photomark","AD_vs_FTD","kTSP_k9_disjoint","Fz",33
"tier2_cross_condition","cross_condition_transfer","EO_photo_train__EC_test","P0_derivative_amplitude_deciles","DERIVED_DECILES_ALL","EO_photo_train__EC_test","AD_vs_FTD","kTSP_k9_disjoint","Fz",1
"tier4_pooled","pooled_condition","POOLED_EC_EO_subject_grouped","P0_derivative_amplitude_deciles","DERIVED_DECILES_ALL","POOLED_EC_EO_subject_grouped","AD_vs_FTD","kTSP_k9_disjoint","Fz",8
"tier1_main","single_condition","single_condition","P0_derivative_amplitude_deciles","DERIVED_DECILES_ALL","ds004504__EC","CN_vs_FTD","kTSP_k9_disjoint","Fz",1
"tier1_main","single_condition","single_condition","P1_psd_bandpower_from_derivatives","PSD_ABSOLUTE_CHANNEL_BAND","ds004504__EC","CN_vs_FTD","kTSP_k9_disjoint","Fz",5
"tier1_main","single_condition","single_condition","P0_derivative_amplitude_deciles","RAW_DECILES","ds004504__EC","CN_vs_FTD","kTSP_k9_disjoint","Fz",3
"tier1_main","single_condition","single_condition","P0_derivative_amplitude_deciles","DERIVED_DECILES_ALL","ds006036__EO_or_photomark","CN_vs_FTD","kTSP_k9_disjoint","Fz",8
"tier1_main","single_condition","single_condition","P0_derivative_amplitude_deciles","RAW_DECILES","ds006036__EO_or_photomark","AD_vs_FTD","kTSP_k9_nondisjoint","Fz",9
"tier2_cross_condition","cross_condition_transfer","EC_train__EO_photo_test","P0_derivative_amplitude_deciles","DERIVED_DECILES_ALL","EC_train__EO_photo_test","AD_FTD_vs_CN","kTSP_CV_disjoint","O1",1
"tier2_cross_condition","cross_condition_transfer","EO_photo_train__EC_test","P0_derivative_amplitude_deciles","DERIVED_DECILES_ALL","EO_photo_train__EC_test","AD_vs_CN","kTSP_CV_disjoint","O1",1
"tier1_main","single_condition","single_condition","P1_psd_bandpower_from_derivatives","PSD_ABSOLUTE_CHANNEL_BAND","ds004504__EC","AD_vs_FTD","kTSP_CV_disjoint","O1",13
"tier1_main","single_condition","single_condition","P0_derivative_amplitude_deciles","DERIVED_DECILES_ALL","ds004504__EC","AD_vs_FTD","kTSP_CV_nondisjoint","O1",49
"tier1_main","single_condition","single_condition","P1_psd_bandpower_from_derivatives","PSD_ABSOLUTE_CHANNEL_BAND","ds006036__EO_or_photomark","CN_vs_FTD","kTSP_k3_disjoint","O1",59
"tier2_cross_condition","cross_condition_transfer","EO_photo_train__EC_test","P0_derivative_amplitude_deciles","DERIVED_DECILES_ALL","EO_photo_train__EC_test","CN_vs_FTD","kTSP_k3_disjoint","O1",1
"tier2_cross_condition","cross_condition_transfer","EO_photo_train__EC_test","P0_derivative_amplitude_deciles","DERIVED_DECILES_ALL","EO_photo_train__EC_test","AD_FTD_vs_CN","kTSP_k5_disjoint","O1",1
"tier1_main","single_condition","single_condition","P0_derivative_amplitude_deciles","RAW_DECILES","ds006036__EO_or_photomark","CN_vs_FTD","kTSP_k5_disjoint","O1",61
"tier1_main","single_condition","single_condition","P0_derivative_amplitude_deciles","DERIVED_DECILES_ALL","ds004504__EC","AD_FTD_vs_CN","kTSP_k9_disjoint","O1",53
"tier1_main","single_condition","single_condition","P1_psd_bandpower_from_derivatives","PSD_ABSOLUTE_CHANNEL_BAND","ds004504__EC","AD_FTD_vs_CN","kTSP_k9_disjoint","O1",94
"tier1_main","single_condition","single_condition","P0_derivative_amplitude_deciles","RAW_DECILES","ds004504__EC","AD_FTD_vs_CN","kTSP_k9_disjoint","O1",59
"tier1_main","single_condition","single_condition","P0_derivative_amplitude_deciles","DERIVED_DECILES_ALL","ds006036__EO_or_photomark","AD_FTD_vs_CN","kTSP_k9_disjoint","O1",80
"tier1_main","single_condition","single_condition","P1_psd_bandpower_from_derivatives","PSD_ABSOLUTE_CHANNEL_BAND","ds006036__EO_or_photomark","AD_FTD_vs_CN","kTSP_k9_disjoint","O1",89
"tier1_main","single_condition","single_condition","P0_derivative_amplitude_deciles","RAW_DECILES","ds006036__EO_or_photomark","AD_FTD_vs_CN","kTSP_k9_disjoint","O1",82
"tier4_pooled","pooled_condition","POOLED_EC_EO_subject_grouped","P0_derivative_amplitude_deciles","DERIVED_DECILES_ALL","POOLED_EC_EO_subject_grouped","AD_FTD_vs_CN","kTSP_k9_disjoint","O1",64
"tier1_main","single_condition","single_condition","P0_derivative_amplitude_deciles","DERIVED_DECILES_ALL","ds004504__EC","AD_vs_CN","kTSP_k9_disjoint","O1",27
"tier1_main","single_condition","single_condition","P1_psd_bandpower_from_derivatives","PSD_ABSOLUTE_CHANNEL_BAND","ds004504__EC","AD_vs_CN","kTSP_k9_disjoint","O1",80
"tier1_main","single_condition","single_condition","P0_derivative_amplitude_deciles","RAW_DECILES","ds004504__EC","AD_vs_CN","kTSP_k9_disjoint","O1",42
"tier1_main","single_condition","single_condition","P0_derivative_amplitude_deciles","DERIVED_DECILES_ALL","ds006036__EO_or_photomark","AD_vs_CN","kTSP_k9_disjoint","O1",79
"tier1_main","single_condition","single_condition","P1_psd_bandpower_from_derivatives","PSD_ABSOLUTE_CHANNEL_BAND","ds006036__EO_or_photomark","AD_vs_CN","kTSP_k9_disjoint","O1",95
"tier1_main","single_condition","single_condition","P0_derivative_amplitude_deciles","RAW_DECILES","ds006036__EO_or_photomark","AD_vs_CN","kTSP_k9_disjoint","O1",80
"tier4_pooled","pooled_condition","POOLED_EC_EO_subject_grouped","P0_derivative_amplitude_deciles","DERIVED_DECILES_ALL","POOLED_EC_EO_subject_grouped","AD_vs_CN","kTSP_k9_disjoint","O1",54
"tier1_main","single_condition","single_condition","P0_derivative_amplitude_deciles","RAW_DECILES","ds004504__EC","AD_vs_FTD","kTSP_k9_disjoint","O1",21
"tier1_main","single_condition","single_condition","P1_psd_bandpower_from_derivatives","PSD_ABSOLUTE_CHANNEL_BAND","ds006036__EO_or_photomark","AD_vs_FTD","kTSP_k9_disjoint","O1",68
"tier4_pooled","pooled_condition","POOLED_EC_EO_subject_grouped","P0_derivative_amplitude_deciles","DERIVED_DECILES_ALL","POOLED_EC_EO_subject_grouped","AD_vs_FTD","kTSP_k9_disjoint","O1",17
"tier1_main","single_condition","single_condition","P0_derivative_amplitude_deciles","DERIVED_DECILES_ALL","ds004504__EC","CN_vs_FTD","kTSP_k9_disjoint","O1",47
"tier1_main","single_condition","single_condition","P1_psd_bandpower_from_derivatives","PSD_ABSOLUTE_CHANNEL_BAND","ds004504__EC","CN_vs_FTD","kTSP_k9_disjoint","O1",100
"tier1_main","single_condition","single_condition","P0_derivative_amplitude_deciles","RAW_DECILES","ds004504__EC","CN_vs_FTD","kTSP_k9_disjoint","O1",17
"tier1_main","single_condition","single_condition","P0_derivative_amplitude_deciles","DERIVED_DECILES_ALL","ds006036__EO_or_photomark","CN_vs_FTD","kTSP_k9_disjoint","O1",62
"tier4_pooled","pooled_condition","POOLED_EC_EO_subject_grouped","P0_derivative_amplitude_deciles","DERIVED_DECILES_ALL","POOLED_EC_EO_subject_grouped","CN_vs_FTD","kTSP_k9_disjoint","O1",25
"tier1_main","single_condition","single_condition","P0_derivative_amplitude_deciles","RAW_DECILES","ds006036__EO_or_photomark","AD_vs_FTD","kTSP_k9_nondisjoint","O1",6
"tier2_cross_condition","cross_condition_transfer","EC_train__EO_photo_test","P0_derivative_amplitude_deciles","DERIVED_DECILES_ALL","EC_train__EO_photo_test","AD_FTD_vs_CN","kTSP_CV_disjoint","O2",1
"tier2_cross_condition","cross_condition_transfer","EC_train__EO_photo_test","P0_derivative_amplitude_deciles","DERIVED_DECILES_ALL","EC_train__EO_photo_test","AD_vs_CN","kTSP_CV_disjoint","O2",1
"tier2_cross_condition","cross_condition_transfer","EO_photo_train__EC_test","P0_derivative_amplitude_deciles","DERIVED_DECILES_ALL","EO_photo_train__EC_test","AD_vs_CN","kTSP_CV_disjoint","O2",1
"tier1_main","single_condition","single_condition","P1_psd_bandpower_from_derivatives","PSD_ABSOLUTE_CHANNEL_BAND","ds004504__EC","AD_vs_FTD","kTSP_CV_disjoint","O2",48
"tier2_cross_condition","cross_condition_transfer","EC_train__EO_photo_test","P0_derivative_amplitude_deciles","DERIVED_DECILES_ALL","EC_train__EO_photo_test","CN_vs_FTD","kTSP_CV_disjoint","O2",1
"tier1_main","single_condition","single_condition","P0_derivative_amplitude_deciles","DERIVED_DECILES_ALL","ds004504__EC","AD_vs_FTD","kTSP_CV_nondisjoint","O2",18
"tier1_main","single_condition","single_condition","P1_psd_bandpower_from_derivatives","PSD_ABSOLUTE_CHANNEL_BAND","ds006036__EO_or_photomark","CN_vs_FTD","kTSP_k3_disjoint","O2",100
"tier2_cross_condition","cross_condition_transfer","EO_photo_train__EC_test","P0_derivative_amplitude_deciles","DERIVED_DECILES_ALL","EO_photo_train__EC_test","CN_vs_FTD","kTSP_k3_disjoint","O2",1
"tier2_cross_condition","cross_condition_transfer","EO_photo_train__EC_test","P0_derivative_amplitude_deciles","DERIVED_DECILES_ALL","EO_photo_train__EC_test","AD_FTD_vs_CN","kTSP_k5_disjoint","O2",1
"tier1_main","single_condition","single_condition","P0_derivative_amplitude_deciles","RAW_DECILES","ds006036__EO_or_photomark","CN_vs_FTD","kTSP_k5_disjoint","O2",92
"tier1_main","single_condition","single_condition","P0_derivative_amplitude_deciles","DERIVED_DECILES_ALL","ds004504__EC","AD_FTD_vs_CN","kTSP_k9_disjoint","O2",86
"tier1_main","single_condition","single_condition","P1_psd_bandpower_from_derivatives","PSD_ABSOLUTE_CHANNEL_BAND","ds004504__EC","AD_FTD_vs_CN","kTSP_k9_disjoint","O2",96
"tier1_main","single_condition","single_condition","P0_derivative_amplitude_deciles","RAW_DECILES","ds004504__EC","AD_FTD_vs_CN","kTSP_k9_disjoint","O2",78
"tier1_main","single_condition","single_condition","P0_derivative_amplitude_deciles","DERIVED_DECILES_ALL","ds006036__EO_or_photomark","AD_FTD_vs_CN","kTSP_k9_disjoint","O2",97
"tier1_main","single_condition","single_condition","P1_psd_bandpower_from_derivatives","PSD_ABSOLUTE_CHANNEL_BAND","ds006036__EO_or_photomark","AD_FTD_vs_CN","kTSP_k9_disjoint","O2",100
"tier1_main","single_condition","single_condition","P0_derivative_amplitude_deciles","RAW_DECILES","ds006036__EO_or_photomark","AD_FTD_vs_CN","kTSP_k9_disjoint","O2",90
"tier4_pooled","pooled_condition","POOLED_EC_EO_subject_grouped","P0_derivative_amplitude_deciles","DERIVED_DECILES_ALL","POOLED_EC_EO_subject_grouped","AD_FTD_vs_CN","kTSP_k9_disjoint","O2",98
"tier1_main","single_condition","single_condition","P0_derivative_amplitude_deciles","DERIVED_DECILES_ALL","ds004504__EC","AD_vs_CN","kTSP_k9_disjoint","O2",92
"tier1_main","single_condition","single_condition","P1_psd_bandpower_from_derivatives","PSD_ABSOLUTE_CHANNEL_BAND","ds004504__EC","AD_vs_CN","kTSP_k9_disjoint","O2",100
"tier1_main","single_condition","single_condition","P0_derivative_amplitude_deciles","RAW_DECILES","ds004504__EC","AD_vs_CN","kTSP_k9_disjoint","O2",71
"tier1_main","single_condition","single_condition","P0_derivative_amplitude_deciles","DERIVED_DECILES_ALL","ds006036__EO_or_photomark","AD_vs_CN","kTSP_k9_disjoint","O2",98
"tier1_main","single_condition","single_condition","P1_psd_bandpower_from_derivatives","PSD_ABSOLUTE_CHANNEL_BAND","ds006036__EO_or_photomark","AD_vs_CN","kTSP_k9_disjoint","O2",100
"tier1_main","single_condition","single_condition","P0_derivative_amplitude_deciles","RAW_DECILES","ds006036__EO_or_photomark","AD_vs_CN","kTSP_k9_disjoint","O2",92
"tier4_pooled","pooled_condition","POOLED_EC_EO_subject_grouped","P0_derivative_amplitude_deciles","DERIVED_DECILES_ALL","POOLED_EC_EO_subject_grouped","AD_vs_CN","kTSP_k9_disjoint","O2",97
"tier1_main","single_condition","single_condition","P0_derivative_amplitude_deciles","RAW_DECILES","ds004504__EC","AD_vs_FTD","kTSP_k9_disjoint","O2",12
"tier1_main","single_condition","single_condition","P0_derivative_amplitude_deciles","DERIVED_DECILES_ALL","ds006036__EO_or_photomark","AD_vs_FTD","kTSP_k9_disjoint","O2",11
"tier1_main","single_condition","single_condition","P1_psd_bandpower_from_derivatives","PSD_ABSOLUTE_CHANNEL_BAND","ds006036__EO_or_photomark","AD_vs_FTD","kTSP_k9_disjoint","O2",56
"tier4_pooled","pooled_condition","POOLED_EC_EO_subject_grouped","P0_derivative_amplitude_deciles","DERIVED_DECILES_ALL","POOLED_EC_EO_subject_grouped","AD_vs_FTD","kTSP_k9_disjoint","O2",13
"tier1_main","single_condition","single_condition","P0_derivative_amplitude_deciles","DERIVED_DECILES_ALL","ds004504__EC","CN_vs_FTD","kTSP_k9_disjoint","O2",100
"tier1_main","single_condition","single_condition","P1_psd_bandpower_from_derivatives","PSD_ABSOLUTE_CHANNEL_BAND","ds004504__EC","CN_vs_FTD","kTSP_k9_disjoint","O2",86
"tier1_main","single_condition","single_condition","P0_derivative_amplitude_deciles","RAW_DECILES","ds004504__EC","CN_vs_FTD","kTSP_k9_disjoint","O2",97
"tier1_main","single_condition","single_condition","P0_derivative_amplitude_deciles","DERIVED_DECILES_ALL","ds006036__EO_or_photomark","CN_vs_FTD","kTSP_k9_disjoint","O2",88
"tier4_pooled","pooled_condition","POOLED_EC_EO_subject_grouped","P0_derivative_amplitude_deciles","DERIVED_DECILES_ALL","POOLED_EC_EO_subject_grouped","CN_vs_FTD","kTSP_k9_disjoint","O2",100
"tier1_main","single_condition","single_condition","P0_derivative_amplitude_deciles","RAW_DECILES","ds006036__EO_or_photomark","AD_vs_FTD","kTSP_k9_nondisjoint","O2",16
"tier2_cross_condition","cross_condition_transfer","EC_train__EO_photo_test","P0_derivative_amplitude_deciles","DERIVED_DECILES_ALL","EC_train__EO_photo_test","AD_vs_CN","kTSP_CV_disjoint","P3",1
"tier1_main","single_condition","single_condition","P1_psd_bandpower_from_derivatives","PSD_ABSOLUTE_CHANNEL_BAND","ds004504__EC","AD_vs_FTD","kTSP_CV_disjoint","P3",21
"tier1_main","single_condition","single_condition","P0_derivative_amplitude_deciles","DERIVED_DECILES_ALL","ds004504__EC","AD_vs_FTD","kTSP_CV_nondisjoint","P3",63
"tier1_main","single_condition","single_condition","P1_psd_bandpower_from_derivatives","PSD_ABSOLUTE_CHANNEL_BAND","ds006036__EO_or_photomark","CN_vs_FTD","kTSP_k3_disjoint","P3",15
"tier2_cross_condition","cross_condition_transfer","EC_train__EO_photo_test","P0_derivative_amplitude_deciles","DERIVED_DECILES_ALL","EC_train__EO_photo_test","AD_vs_FTD","kTSP_k3_nondisjoint","P3",1
"tier1_main","single_condition","single_condition","P0_derivative_amplitude_deciles","RAW_DECILES","ds006036__EO_or_photomark","CN_vs_FTD","kTSP_k5_disjoint","P3",39
"tier1_main","single_condition","single_condition","P0_derivative_amplitude_deciles","DERIVED_DECILES_ALL","ds004504__EC","AD_FTD_vs_CN","kTSP_k9_disjoint","P3",16
"tier1_main","single_condition","single_condition","P1_psd_bandpower_from_derivatives","PSD_ABSOLUTE_CHANNEL_BAND","ds004504__EC","AD_FTD_vs_CN","kTSP_k9_disjoint","P3",88
"tier1_main","single_condition","single_condition","P0_derivative_amplitude_deciles","RAW_DECILES","ds004504__EC","AD_FTD_vs_CN","kTSP_k9_disjoint","P3",24
"tier1_main","single_condition","single_condition","P0_derivative_amplitude_deciles","DERIVED_DECILES_ALL","ds006036__EO_or_photomark","AD_FTD_vs_CN","kTSP_k9_disjoint","P3",11
"tier1_main","single_condition","single_condition","P1_psd_bandpower_from_derivatives","PSD_ABSOLUTE_CHANNEL_BAND","ds006036__EO_or_photomark","AD_FTD_vs_CN","kTSP_k9_disjoint","P3",90
"tier1_main","single_condition","single_condition","P0_derivative_amplitude_deciles","RAW_DECILES","ds006036__EO_or_photomark","AD_FTD_vs_CN","kTSP_k9_disjoint","P3",12
"tier4_pooled","pooled_condition","POOLED_EC_EO_subject_grouped","P0_derivative_amplitude_deciles","DERIVED_DECILES_ALL","POOLED_EC_EO_subject_grouped","AD_FTD_vs_CN","kTSP_k9_disjoint","P3",1
"tier1_main","single_condition","single_condition","P0_derivative_amplitude_deciles","DERIVED_DECILES_ALL","ds004504__EC","AD_vs_CN","kTSP_k9_disjoint","P3",55
"tier1_main","single_condition","single_condition","P1_psd_bandpower_from_derivatives","PSD_ABSOLUTE_CHANNEL_BAND","ds004504__EC","AD_vs_CN","kTSP_k9_disjoint","P3",99
"tier1_main","single_condition","single_condition","P0_derivative_amplitude_deciles","RAW_DECILES","ds004504__EC","AD_vs_CN","kTSP_k9_disjoint","P3",39
"tier1_main","single_condition","single_condition","P0_derivative_amplitude_deciles","DERIVED_DECILES_ALL","ds006036__EO_or_photomark","AD_vs_CN","kTSP_k9_disjoint","P3",11
"tier1_main","single_condition","single_condition","P1_psd_bandpower_from_derivatives","PSD_ABSOLUTE_CHANNEL_BAND","ds006036__EO_or_photomark","AD_vs_CN","kTSP_k9_disjoint","P3",94
"tier1_main","single_condition","single_condition","P0_derivative_amplitude_deciles","RAW_DECILES","ds006036__EO_or_photomark","AD_vs_CN","kTSP_k9_disjoint","P3",13
"tier4_pooled","pooled_condition","POOLED_EC_EO_subject_grouped","P0_derivative_amplitude_deciles","DERIVED_DECILES_ALL","POOLED_EC_EO_subject_grouped","AD_vs_CN","kTSP_k9_disjoint","P3",22
"tier1_main","single_condition","single_condition","P0_derivative_amplitude_deciles","RAW_DECILES","ds004504__EC","AD_vs_FTD","kTSP_k9_disjoint","P3",37
"tier1_main","single_condition","single_condition","P0_derivative_amplitude_deciles","DERIVED_DECILES_ALL","ds006036__EO_or_photomark","AD_vs_FTD","kTSP_k9_disjoint","P3",8
"tier4_pooled","pooled_condition","POOLED_EC_EO_subject_grouped","P0_derivative_amplitude_deciles","DERIVED_DECILES_ALL","POOLED_EC_EO_subject_grouped","AD_vs_FTD","kTSP_k9_disjoint","P3",20
"tier1_main","single_condition","single_condition","P0_derivative_amplitude_deciles","DERIVED_DECILES_ALL","ds004504__EC","CN_vs_FTD","kTSP_k9_disjoint","P3",6
"tier1_main","single_condition","single_condition","P1_psd_bandpower_from_derivatives","PSD_ABSOLUTE_CHANNEL_BAND","ds004504__EC","CN_vs_FTD","kTSP_k9_disjoint","P3",61
"tier1_main","single_condition","single_condition","P0_derivative_amplitude_deciles","RAW_DECILES","ds004504__EC","CN_vs_FTD","kTSP_k9_disjoint","P3",57
"tier1_main","single_condition","single_condition","P0_derivative_amplitude_deciles","DERIVED_DECILES_ALL","ds006036__EO_or_photomark","CN_vs_FTD","kTSP_k9_disjoint","P3",28
"tier4_pooled","pooled_condition","POOLED_EC_EO_subject_grouped","P0_derivative_amplitude_deciles","DERIVED_DECILES_ALL","POOLED_EC_EO_subject_grouped","CN_vs_FTD","kTSP_k9_disjoint","P3",9
"tier1_main","single_condition","single_condition","P0_derivative_amplitude_deciles","RAW_DECILES","ds006036__EO_or_photomark","AD_vs_FTD","kTSP_k9_nondisjoint","P3",1
"tier1_main","single_condition","single_condition","P1_psd_bandpower_from_derivatives","PSD_ABSOLUTE_CHANNEL_BAND","ds004504__EC","AD_vs_FTD","kTSP_CV_disjoint","P4",7
"tier1_main","single_condition","single_condition","P0_derivative_amplitude_deciles","DERIVED_DECILES_ALL","ds004504__EC","AD_vs_FTD","kTSP_CV_nondisjoint","P4",86
"tier2_cross_condition","cross_condition_transfer","EC_train__EO_photo_test","P0_derivative_amplitude_deciles","DERIVED_DECILES_ALL","EC_train__EO_photo_test","AD_vs_FTD","kTSP_k3_nondisjoint","P4",1
"tier1_main","single_condition","single_condition","P0_derivative_amplitude_deciles","RAW_DECILES","ds006036__EO_or_photomark","CN_vs_FTD","kTSP_k5_disjoint","P4",5
"tier1_main","single_condition","single_condition","P0_derivative_amplitude_deciles","DERIVED_DECILES_ALL","ds004504__EC","AD_FTD_vs_CN","kTSP_k9_disjoint","P4",5
"tier1_main","single_condition","single_condition","P1_psd_bandpower_from_derivatives","PSD_ABSOLUTE_CHANNEL_BAND","ds004504__EC","AD_FTD_vs_CN","kTSP_k9_disjoint","P4",10
"tier1_main","single_condition","single_condition","P0_derivative_amplitude_deciles","DERIVED_DECILES_ALL","ds006036__EO_or_photomark","AD_FTD_vs_CN","kTSP_k9_disjoint","P4",19
"tier1_main","single_condition","single_condition","P1_psd_bandpower_from_derivatives","PSD_ABSOLUTE_CHANNEL_BAND","ds006036__EO_or_photomark","AD_FTD_vs_CN","kTSP_k9_disjoint","P4",9
"tier1_main","single_condition","single_condition","P0_derivative_amplitude_deciles","RAW_DECILES","ds006036__EO_or_photomark","AD_FTD_vs_CN","kTSP_k9_disjoint","P4",1
"tier4_pooled","pooled_condition","POOLED_EC_EO_subject_grouped","P0_derivative_amplitude_deciles","DERIVED_DECILES_ALL","POOLED_EC_EO_subject_grouped","AD_FTD_vs_CN","kTSP_k9_disjoint","P4",7
"tier1_main","single_condition","single_condition","P0_derivative_amplitude_deciles","DERIVED_DECILES_ALL","ds004504__EC","AD_vs_CN","kTSP_k9_disjoint","P4",3
"tier1_main","single_condition","single_condition","P1_psd_bandpower_from_derivatives","PSD_ABSOLUTE_CHANNEL_BAND","ds004504__EC","AD_vs_CN","kTSP_k9_disjoint","P4",5
"tier1_main","single_condition","single_condition","P0_derivative_amplitude_deciles","DERIVED_DECILES_ALL","ds006036__EO_or_photomark","AD_vs_CN","kTSP_k9_disjoint","P4",12
"tier1_main","single_condition","single_condition","P1_psd_bandpower_from_derivatives","PSD_ABSOLUTE_CHANNEL_BAND","ds006036__EO_or_photomark","AD_vs_CN","kTSP_k9_disjoint","P4",11
"tier1_main","single_condition","single_condition","P0_derivative_amplitude_deciles","RAW_DECILES","ds006036__EO_or_photomark","AD_vs_CN","kTSP_k9_disjoint","P4",2
"tier4_pooled","pooled_condition","POOLED_EC_EO_subject_grouped","P0_derivative_amplitude_deciles","DERIVED_DECILES_ALL","POOLED_EC_EO_subject_grouped","AD_vs_CN","kTSP_k9_disjoint","P4",7
"tier1_main","single_condition","single_condition","P0_derivative_amplitude_deciles","RAW_DECILES","ds004504__EC","AD_vs_FTD","kTSP_k9_disjoint","P4",14
"tier1_main","single_condition","single_condition","P0_derivative_amplitude_deciles","DERIVED_DECILES_ALL","ds006036__EO_or_photomark","AD_vs_FTD","kTSP_k9_disjoint","P4",60
"tier1_main","single_condition","single_condition","P1_psd_bandpower_from_derivatives","PSD_ABSOLUTE_CHANNEL_BAND","ds006036__EO_or_photomark","AD_vs_FTD","kTSP_k9_disjoint","P4",3
"tier4_pooled","pooled_condition","POOLED_EC_EO_subject_grouped","P0_derivative_amplitude_deciles","DERIVED_DECILES_ALL","POOLED_EC_EO_subject_grouped","AD_vs_FTD","kTSP_k9_disjoint","P4",72
"tier1_main","single_condition","single_condition","P0_derivative_amplitude_deciles","DERIVED_DECILES_ALL","ds004504__EC","CN_vs_FTD","kTSP_k9_disjoint","P4",18
"tier1_main","single_condition","single_condition","P1_psd_bandpower_from_derivatives","PSD_ABSOLUTE_CHANNEL_BAND","ds004504__EC","CN_vs_FTD","kTSP_k9_disjoint","P4",48
"tier1_main","single_condition","single_condition","P0_derivative_amplitude_deciles","RAW_DECILES","ds004504__EC","CN_vs_FTD","kTSP_k9_disjoint","P4",5
"tier1_main","single_condition","single_condition","P0_derivative_amplitude_deciles","DERIVED_DECILES_ALL","ds006036__EO_or_photomark","CN_vs_FTD","kTSP_k9_disjoint","P4",29
"tier4_pooled","pooled_condition","POOLED_EC_EO_subject_grouped","P0_derivative_amplitude_deciles","DERIVED_DECILES_ALL","POOLED_EC_EO_subject_grouped","CN_vs_FTD","kTSP_k9_disjoint","P4",1
"tier1_main","single_condition","single_condition","P0_derivative_amplitude_deciles","RAW_DECILES","ds006036__EO_or_photomark","AD_vs_FTD","kTSP_k9_nondisjoint","P4",2
"tier1_main","single_condition","single_condition","P1_psd_bandpower_from_derivatives","PSD_ABSOLUTE_CHANNEL_BAND","ds004504__EC","AD_vs_FTD","kTSP_CV_disjoint","Pz",16
"tier1_main","single_condition","single_condition","P0_derivative_amplitude_deciles","DERIVED_DECILES_ALL","ds004504__EC","AD_vs_FTD","kTSP_CV_nondisjoint","Pz",9
"tier1_main","single_condition","single_condition","P1_psd_bandpower_from_derivatives","PSD_ABSOLUTE_CHANNEL_BAND","ds006036__EO_or_photomark","CN_vs_FTD","kTSP_k3_disjoint","Pz",45
"tier1_main","single_condition","single_condition","P0_derivative_amplitude_deciles","RAW_DECILES","ds006036__EO_or_photomark","CN_vs_FTD","kTSP_k5_disjoint","Pz",18
"tier1_main","single_condition","single_condition","P0_derivative_amplitude_deciles","DERIVED_DECILES_ALL","ds004504__EC","AD_FTD_vs_CN","kTSP_k9_disjoint","Pz",5
"tier1_main","single_condition","single_condition","P1_psd_bandpower_from_derivatives","PSD_ABSOLUTE_CHANNEL_BAND","ds004504__EC","AD_FTD_vs_CN","kTSP_k9_disjoint","Pz",27
"tier1_main","single_condition","single_condition","P0_derivative_amplitude_deciles","RAW_DECILES","ds004504__EC","AD_FTD_vs_CN","kTSP_k9_disjoint","Pz",1
"tier1_main","single_condition","single_condition","P0_derivative_amplitude_deciles","DERIVED_DECILES_ALL","ds006036__EO_or_photomark","AD_FTD_vs_CN","kTSP_k9_disjoint","Pz",18
"tier1_main","single_condition","single_condition","P1_psd_bandpower_from_derivatives","PSD_ABSOLUTE_CHANNEL_BAND","ds006036__EO_or_photomark","AD_FTD_vs_CN","kTSP_k9_disjoint","Pz",5
"tier1_main","single_condition","single_condition","P0_derivative_amplitude_deciles","RAW_DECILES","ds006036__EO_or_photomark","AD_FTD_vs_CN","kTSP_k9_disjoint","Pz",10
"tier4_pooled","pooled_condition","POOLED_EC_EO_subject_grouped","P0_derivative_amplitude_deciles","DERIVED_DECILES_ALL","POOLED_EC_EO_subject_grouped","AD_FTD_vs_CN","kTSP_k9_disjoint","Pz",14
"tier1_main","single_condition","single_condition","P0_derivative_amplitude_deciles","DERIVED_DECILES_ALL","ds004504__EC","AD_vs_CN","kTSP_k9_disjoint","Pz",4
"tier1_main","single_condition","single_condition","P1_psd_bandpower_from_derivatives","PSD_ABSOLUTE_CHANNEL_BAND","ds004504__EC","AD_vs_CN","kTSP_k9_disjoint","Pz",13
"tier1_main","single_condition","single_condition","P0_derivative_amplitude_deciles","DERIVED_DECILES_ALL","ds006036__EO_or_photomark","AD_vs_CN","kTSP_k9_disjoint","Pz",2
"tier1_main","single_condition","single_condition","P1_psd_bandpower_from_derivatives","PSD_ABSOLUTE_CHANNEL_BAND","ds006036__EO_or_photomark","AD_vs_CN","kTSP_k9_disjoint","Pz",3
"tier1_main","single_condition","single_condition","P0_derivative_amplitude_deciles","RAW_DECILES","ds006036__EO_or_photomark","AD_vs_CN","kTSP_k9_disjoint","Pz",1
"tier4_pooled","pooled_condition","POOLED_EC_EO_subject_grouped","P0_derivative_amplitude_deciles","DERIVED_DECILES_ALL","POOLED_EC_EO_subject_grouped","AD_vs_CN","kTSP_k9_disjoint","Pz",8
"tier1_main","single_condition","single_condition","P0_derivative_amplitude_deciles","RAW_DECILES","ds004504__EC","AD_vs_FTD","kTSP_k9_disjoint","Pz",2
"tier1_main","single_condition","single_condition","P0_derivative_amplitude_deciles","DERIVED_DECILES_ALL","ds006036__EO_or_photomark","AD_vs_FTD","kTSP_k9_disjoint","Pz",9
"tier1_main","single_condition","single_condition","P1_psd_bandpower_from_derivatives","PSD_ABSOLUTE_CHANNEL_BAND","ds006036__EO_or_photomark","AD_vs_FTD","kTSP_k9_disjoint","Pz",6
"tier4_pooled","pooled_condition","POOLED_EC_EO_subject_grouped","P0_derivative_amplitude_deciles","DERIVED_DECILES_ALL","POOLED_EC_EO_subject_grouped","AD_vs_FTD","kTSP_k9_disjoint","Pz",13
"tier1_main","single_condition","single_condition","P0_derivative_amplitude_deciles","DERIVED_DECILES_ALL","ds004504__EC","CN_vs_FTD","kTSP_k9_disjoint","Pz",1
"tier1_main","single_condition","single_condition","P1_psd_bandpower_from_derivatives","PSD_ABSOLUTE_CHANNEL_BAND","ds004504__EC","CN_vs_FTD","kTSP_k9_disjoint","Pz",10
"tier1_main","single_condition","single_condition","P0_derivative_amplitude_deciles","RAW_DECILES","ds004504__EC","CN_vs_FTD","kTSP_k9_disjoint","Pz",7
"tier1_main","single_condition","single_condition","P0_derivative_amplitude_deciles","DERIVED_DECILES_ALL","ds006036__EO_or_photomark","CN_vs_FTD","kTSP_k9_disjoint","Pz",33
"tier4_pooled","pooled_condition","POOLED_EC_EO_subject_grouped","P0_derivative_amplitude_deciles","DERIVED_DECILES_ALL","POOLED_EC_EO_subject_grouped","CN_vs_FTD","kTSP_k9_disjoint","Pz",4
"tier1_main","single_condition","single_condition","P0_derivative_amplitude_deciles","RAW_DECILES","ds006036__EO_or_photomark","AD_vs_FTD","kTSP_k9_nondisjoint","Pz",1
"tier1_main","single_condition","single_condition","P1_psd_bandpower_from_derivatives","PSD_ABSOLUTE_CHANNEL_BAND","ds004504__EC","AD_vs_FTD","kTSP_CV_disjoint","T3",77
"tier2_cross_condition","cross_condition_transfer","EC_train__EO_photo_test","P0_derivative_amplitude_deciles","DERIVED_DECILES_ALL","EC_train__EO_photo_test","CN_vs_FTD","kTSP_CV_disjoint","T3",1
"tier1_main","single_condition","single_condition","P0_derivative_amplitude_deciles","DERIVED_DECILES_ALL","ds004504__EC","AD_vs_FTD","kTSP_CV_nondisjoint","T3",35
"tier1_main","single_condition","single_condition","P1_psd_bandpower_from_derivatives","PSD_ABSOLUTE_CHANNEL_BAND","ds006036__EO_or_photomark","CN_vs_FTD","kTSP_k3_disjoint","T3",95
"tier2_cross_condition","cross_condition_transfer","EO_photo_train__EC_test","P0_derivative_amplitude_deciles","DERIVED_DECILES_ALL","EO_photo_train__EC_test","CN_vs_FTD","kTSP_k3_disjoint","T3",1
"tier1_main","single_condition","single_condition","P0_derivative_amplitude_deciles","RAW_DECILES","ds006036__EO_or_photomark","CN_vs_FTD","kTSP_k5_disjoint","T3",46
"tier1_main","single_condition","single_condition","P0_derivative_amplitude_deciles","DERIVED_DECILES_ALL","ds004504__EC","AD_FTD_vs_CN","kTSP_k9_disjoint","T3",27
"tier1_main","single_condition","single_condition","P1_psd_bandpower_from_derivatives","PSD_ABSOLUTE_CHANNEL_BAND","ds004504__EC","AD_FTD_vs_CN","kTSP_k9_disjoint","T3",13
"tier1_main","single_condition","single_condition","P0_derivative_amplitude_deciles","RAW_DECILES","ds004504__EC","AD_FTD_vs_CN","kTSP_k9_disjoint","T3",7
"tier1_main","single_condition","single_condition","P0_derivative_amplitude_deciles","DERIVED_DECILES_ALL","ds006036__EO_or_photomark","AD_FTD_vs_CN","kTSP_k9_disjoint","T3",11
"tier1_main","single_condition","single_condition","P1_psd_bandpower_from_derivatives","PSD_ABSOLUTE_CHANNEL_BAND","ds006036__EO_or_photomark","AD_FTD_vs_CN","kTSP_k9_disjoint","T3",71
"tier1_main","single_condition","single_condition","P0_derivative_amplitude_deciles","RAW_DECILES","ds006036__EO_or_photomark","AD_FTD_vs_CN","kTSP_k9_disjoint","T3",12
"tier4_pooled","pooled_condition","POOLED_EC_EO_subject_grouped","P0_derivative_amplitude_deciles","DERIVED_DECILES_ALL","POOLED_EC_EO_subject_grouped","AD_FTD_vs_CN","kTSP_k9_disjoint","T3",16
"tier1_main","single_condition","single_condition","P0_derivative_amplitude_deciles","DERIVED_DECILES_ALL","ds004504__EC","AD_vs_CN","kTSP_k9_disjoint","T3",24
"tier1_main","single_condition","single_condition","P1_psd_bandpower_from_derivatives","PSD_ABSOLUTE_CHANNEL_BAND","ds004504__EC","AD_vs_CN","kTSP_k9_disjoint","T3",10
"tier1_main","single_condition","single_condition","P0_derivative_amplitude_deciles","RAW_DECILES","ds004504__EC","AD_vs_CN","kTSP_k9_disjoint","T3",30
"tier1_main","single_condition","single_condition","P0_derivative_amplitude_deciles","DERIVED_DECILES_ALL","ds006036__EO_or_photomark","AD_vs_CN","kTSP_k9_disjoint","T3",7
"tier1_main","single_condition","single_condition","P1_psd_bandpower_from_derivatives","PSD_ABSOLUTE_CHANNEL_BAND","ds006036__EO_or_photomark","AD_vs_CN","kTSP_k9_disjoint","T3",23
"tier1_main","single_condition","single_condition","P0_derivative_amplitude_deciles","RAW_DECILES","ds006036__EO_or_photomark","AD_vs_CN","kTSP_k9_disjoint","T3",15
"tier4_pooled","pooled_condition","POOLED_EC_EO_subject_grouped","P0_derivative_amplitude_deciles","DERIVED_DECILES_ALL","POOLED_EC_EO_subject_grouped","AD_vs_CN","kTSP_k9_disjoint","T3",6
"tier1_main","single_condition","single_condition","P0_derivative_amplitude_deciles","RAW_DECILES","ds004504__EC","AD_vs_FTD","kTSP_k9_disjoint","T3",94
"tier1_main","single_condition","single_condition","P0_derivative_amplitude_deciles","DERIVED_DECILES_ALL","ds006036__EO_or_photomark","AD_vs_FTD","kTSP_k9_disjoint","T3",72
"tier1_main","single_condition","single_condition","P1_psd_bandpower_from_derivatives","PSD_ABSOLUTE_CHANNEL_BAND","ds006036__EO_or_photomark","AD_vs_FTD","kTSP_k9_disjoint","T3",88
"tier2_cross_condition","cross_condition_transfer","EO_photo_train__EC_test","P0_derivative_amplitude_deciles","DERIVED_DECILES_ALL","EO_photo_train__EC_test","AD_vs_FTD","kTSP_k9_disjoint","T3",1
"tier4_pooled","pooled_condition","POOLED_EC_EO_subject_grouped","P0_derivative_amplitude_deciles","DERIVED_DECILES_ALL","POOLED_EC_EO_subject_grouped","AD_vs_FTD","kTSP_k9_disjoint","T3",99
"tier1_main","single_condition","single_condition","P0_derivative_amplitude_deciles","DERIVED_DECILES_ALL","ds004504__EC","CN_vs_FTD","kTSP_k9_disjoint","T3",71
"tier1_main","single_condition","single_condition","P1_psd_bandpower_from_derivatives","PSD_ABSOLUTE_CHANNEL_BAND","ds004504__EC","CN_vs_FTD","kTSP_k9_disjoint","T3",1
"tier1_main","single_condition","single_condition","P0_derivative_amplitude_deciles","RAW_DECILES","ds004504__EC","CN_vs_FTD","kTSP_k9_disjoint","T3",65
"tier1_main","single_condition","single_condition","P0_derivative_amplitude_deciles","DERIVED_DECILES_ALL","ds006036__EO_or_photomark","CN_vs_FTD","kTSP_k9_disjoint","T3",55
"tier4_pooled","pooled_condition","POOLED_EC_EO_subject_grouped","P0_derivative_amplitude_deciles","DERIVED_DECILES_ALL","POOLED_EC_EO_subject_grouped","CN_vs_FTD","kTSP_k9_disjoint","T3",92
"tier1_main","single_condition","single_condition","P0_derivative_amplitude_deciles","RAW_DECILES","ds006036__EO_or_photomark","AD_vs_FTD","kTSP_k9_nondisjoint","T3",98
"tier1_main","single_condition","single_condition","P1_psd_bandpower_from_derivatives","PSD_ABSOLUTE_CHANNEL_BAND","ds004504__EC","AD_vs_FTD","kTSP_CV_disjoint","T4",46
"tier2_cross_condition","cross_condition_transfer","EC_train__EO_photo_test","P0_derivative_amplitude_deciles","DERIVED_DECILES_ALL","EC_train__EO_photo_test","CN_vs_FTD","kTSP_CV_disjoint","T4",1
"tier1_main","single_condition","single_condition","P0_derivative_amplitude_deciles","DERIVED_DECILES_ALL","ds004504__EC","AD_vs_FTD","kTSP_CV_nondisjoint","T4",49
"tier1_main","single_condition","single_condition","P1_psd_bandpower_from_derivatives","PSD_ABSOLUTE_CHANNEL_BAND","ds006036__EO_or_photomark","CN_vs_FTD","kTSP_k3_disjoint","T4",5
"tier1_main","single_condition","single_condition","P0_derivative_amplitude_deciles","RAW_DECILES","ds006036__EO_or_photomark","CN_vs_FTD","kTSP_k5_disjoint","T4",1
"tier1_main","single_condition","single_condition","P0_derivative_amplitude_deciles","DERIVED_DECILES_ALL","ds004504__EC","AD_FTD_vs_CN","kTSP_k9_disjoint","T4",8
"tier1_main","single_condition","single_condition","P1_psd_bandpower_from_derivatives","PSD_ABSOLUTE_CHANNEL_BAND","ds004504__EC","AD_FTD_vs_CN","kTSP_k9_disjoint","T4",67
"tier1_main","single_condition","single_condition","P0_derivative_amplitude_deciles","RAW_DECILES","ds004504__EC","AD_FTD_vs_CN","kTSP_k9_disjoint","T4",2
"tier1_main","single_condition","single_condition","P0_derivative_amplitude_deciles","DERIVED_DECILES_ALL","ds006036__EO_or_photomark","AD_FTD_vs_CN","kTSP_k9_disjoint","T4",5
"tier1_main","single_condition","single_condition","P1_psd_bandpower_from_derivatives","PSD_ABSOLUTE_CHANNEL_BAND","ds006036__EO_or_photomark","AD_FTD_vs_CN","kTSP_k9_disjoint","T4",31
"tier4_pooled","pooled_condition","POOLED_EC_EO_subject_grouped","P0_derivative_amplitude_deciles","DERIVED_DECILES_ALL","POOLED_EC_EO_subject_grouped","AD_FTD_vs_CN","kTSP_k9_disjoint","T4",4
"tier1_main","single_condition","single_condition","P0_derivative_amplitude_deciles","DERIVED_DECILES_ALL","ds004504__EC","AD_vs_CN","kTSP_k9_disjoint","T4",9
"tier1_main","single_condition","single_condition","P1_psd_bandpower_from_derivatives","PSD_ABSOLUTE_CHANNEL_BAND","ds004504__EC","AD_vs_CN","kTSP_k9_disjoint","T4",65
"tier1_main","single_condition","single_condition","P0_derivative_amplitude_deciles","RAW_DECILES","ds004504__EC","AD_vs_CN","kTSP_k9_disjoint","T4",2
"tier1_main","single_condition","single_condition","P0_derivative_amplitude_deciles","DERIVED_DECILES_ALL","ds006036__EO_or_photomark","AD_vs_CN","kTSP_k9_disjoint","T4",5
"tier1_main","single_condition","single_condition","P1_psd_bandpower_from_derivatives","PSD_ABSOLUTE_CHANNEL_BAND","ds006036__EO_or_photomark","AD_vs_CN","kTSP_k9_disjoint","T4",33
"tier1_main","single_condition","single_condition","P0_derivative_amplitude_deciles","RAW_DECILES","ds004504__EC","AD_vs_FTD","kTSP_k9_disjoint","T4",17
"tier1_main","single_condition","single_condition","P0_derivative_amplitude_deciles","DERIVED_DECILES_ALL","ds006036__EO_or_photomark","AD_vs_FTD","kTSP_k9_disjoint","T4",32
"tier1_main","single_condition","single_condition","P1_psd_bandpower_from_derivatives","PSD_ABSOLUTE_CHANNEL_BAND","ds006036__EO_or_photomark","AD_vs_FTD","kTSP_k9_disjoint","T4",82
"tier4_pooled","pooled_condition","POOLED_EC_EO_subject_grouped","P0_derivative_amplitude_deciles","DERIVED_DECILES_ALL","POOLED_EC_EO_subject_grouped","AD_vs_FTD","kTSP_k9_disjoint","T4",6
"tier1_main","single_condition","single_condition","P0_derivative_amplitude_deciles","DERIVED_DECILES_ALL","ds004504__EC","CN_vs_FTD","kTSP_k9_disjoint","T4",33
"tier1_main","single_condition","single_condition","P1_psd_bandpower_from_derivatives","PSD_ABSOLUTE_CHANNEL_BAND","ds004504__EC","CN_vs_FTD","kTSP_k9_disjoint","T4",20
"tier1_main","single_condition","single_condition","P0_derivative_amplitude_deciles","RAW_DECILES","ds004504__EC","CN_vs_FTD","kTSP_k9_disjoint","T4",16
"tier1_main","single_condition","single_condition","P0_derivative_amplitude_deciles","DERIVED_DECILES_ALL","ds006036__EO_or_photomark","CN_vs_FTD","kTSP_k9_disjoint","T4",13
"tier4_pooled","pooled_condition","POOLED_EC_EO_subject_grouped","P0_derivative_amplitude_deciles","DERIVED_DECILES_ALL","POOLED_EC_EO_subject_grouped","CN_vs_FTD","kTSP_k9_disjoint","T4",28
"tier1_main","single_condition","single_condition","P0_derivative_amplitude_deciles","RAW_DECILES","ds006036__EO_or_photomark","AD_vs_FTD","kTSP_k9_nondisjoint","T4",15
"tier2_cross_condition","cross_condition_transfer","EC_train__EO_photo_test","P0_derivative_amplitude_deciles","DERIVED_DECILES_ALL","EC_train__EO_photo_test","AD_vs_CN","kTSP_CV_disjoint","T5",1
"tier1_main","single_condition","single_condition","P1_psd_bandpower_from_derivatives","PSD_ABSOLUTE_CHANNEL_BAND","ds004504__EC","AD_vs_FTD","kTSP_CV_disjoint","T5",64
"tier1_main","single_condition","single_condition","P0_derivative_amplitude_deciles","DERIVED_DECILES_ALL","ds004504__EC","AD_vs_FTD","kTSP_CV_nondisjoint","T5",22
"tier2_cross_condition","cross_condition_transfer","EO_photo_train__EC_test","P0_derivative_amplitude_deciles","DERIVED_DECILES_ALL","EO_photo_train__EC_test","CN_vs_FTD","kTSP_k3_disjoint","T5",1
"tier1_main","single_condition","single_condition","P0_derivative_amplitude_deciles","RAW_DECILES","ds006036__EO_or_photomark","CN_vs_FTD","kTSP_k5_disjoint","T5",18
"tier1_main","single_condition","single_condition","P0_derivative_amplitude_deciles","DERIVED_DECILES_ALL","ds004504__EC","AD_FTD_vs_CN","kTSP_k9_disjoint","T5",40
"tier1_main","single_condition","single_condition","P1_psd_bandpower_from_derivatives","PSD_ABSOLUTE_CHANNEL_BAND","ds004504__EC","AD_FTD_vs_CN","kTSP_k9_disjoint","T5",24
"tier1_main","single_condition","single_condition","P0_derivative_amplitude_deciles","RAW_DECILES","ds004504__EC","AD_FTD_vs_CN","kTSP_k9_disjoint","T5",10
"tier1_main","single_condition","single_condition","P0_derivative_amplitude_deciles","DERIVED_DECILES_ALL","ds006036__EO_or_photomark","AD_FTD_vs_CN","kTSP_k9_disjoint","T5",16
"tier1_main","single_condition","single_condition","P1_psd_bandpower_from_derivatives","PSD_ABSOLUTE_CHANNEL_BAND","ds006036__EO_or_photomark","AD_FTD_vs_CN","kTSP_k9_disjoint","T5",1
"tier1_main","single_condition","single_condition","P0_derivative_amplitude_deciles","RAW_DECILES","ds006036__EO_or_photomark","AD_FTD_vs_CN","kTSP_k9_disjoint","T5",15
"tier4_pooled","pooled_condition","POOLED_EC_EO_subject_grouped","P0_derivative_amplitude_deciles","DERIVED_DECILES_ALL","POOLED_EC_EO_subject_grouped","AD_FTD_vs_CN","kTSP_k9_disjoint","T5",7
"tier1_main","single_condition","single_condition","P0_derivative_amplitude_deciles","DERIVED_DECILES_ALL","ds004504__EC","AD_vs_CN","kTSP_k9_disjoint","T5",87
"tier1_main","single_condition","single_condition","P1_psd_bandpower_from_derivatives","PSD_ABSOLUTE_CHANNEL_BAND","ds004504__EC","AD_vs_CN","kTSP_k9_disjoint","T5",65
"tier1_main","single_condition","single_condition","P0_derivative_amplitude_deciles","RAW_DECILES","ds004504__EC","AD_vs_CN","kTSP_k9_disjoint","T5",23
"tier1_main","single_condition","single_condition","P0_derivative_amplitude_deciles","DERIVED_DECILES_ALL","ds006036__EO_or_photomark","AD_vs_CN","kTSP_k9_disjoint","T5",18
"tier1_main","single_condition","single_condition","P1_psd_bandpower_from_derivatives","PSD_ABSOLUTE_CHANNEL_BAND","ds006036__EO_or_photomark","AD_vs_CN","kTSP_k9_disjoint","T5",3
"tier1_main","single_condition","single_condition","P0_derivative_amplitude_deciles","RAW_DECILES","ds006036__EO_or_photomark","AD_vs_CN","kTSP_k9_disjoint","T5",25
"tier4_pooled","pooled_condition","POOLED_EC_EO_subject_grouped","P0_derivative_amplitude_deciles","DERIVED_DECILES_ALL","POOLED_EC_EO_subject_grouped","AD_vs_CN","kTSP_k9_disjoint","T5",27
"tier1_main","single_condition","single_condition","P0_derivative_amplitude_deciles","RAW_DECILES","ds004504__EC","AD_vs_FTD","kTSP_k9_disjoint","T5",8
"tier1_main","single_condition","single_condition","P0_derivative_amplitude_deciles","DERIVED_DECILES_ALL","ds006036__EO_or_photomark","AD_vs_FTD","kTSP_k9_disjoint","T5",75
"tier1_main","single_condition","single_condition","P1_psd_bandpower_from_derivatives","PSD_ABSOLUTE_CHANNEL_BAND","ds006036__EO_or_photomark","AD_vs_FTD","kTSP_k9_disjoint","T5",93
"tier2_cross_condition","cross_condition_transfer","EO_photo_train__EC_test","P0_derivative_amplitude_deciles","DERIVED_DECILES_ALL","EO_photo_train__EC_test","AD_vs_FTD","kTSP_k9_disjoint","T5",1
"tier4_pooled","pooled_condition","POOLED_EC_EO_subject_grouped","P0_derivative_amplitude_deciles","DERIVED_DECILES_ALL","POOLED_EC_EO_subject_grouped","AD_vs_FTD","kTSP_k9_disjoint","T5",29
"tier1_main","single_condition","single_condition","P0_derivative_amplitude_deciles","DERIVED_DECILES_ALL","ds004504__EC","CN_vs_FTD","kTSP_k9_disjoint","T5",7
"tier1_main","single_condition","single_condition","P1_psd_bandpower_from_derivatives","PSD_ABSOLUTE_CHANNEL_BAND","ds004504__EC","CN_vs_FTD","kTSP_k9_disjoint","T5",12
"tier1_main","single_condition","single_condition","P0_derivative_amplitude_deciles","RAW_DECILES","ds004504__EC","CN_vs_FTD","kTSP_k9_disjoint","T5",8
"tier1_main","single_condition","single_condition","P0_derivative_amplitude_deciles","DERIVED_DECILES_ALL","ds006036__EO_or_photomark","CN_vs_FTD","kTSP_k9_disjoint","T5",29
"tier4_pooled","pooled_condition","POOLED_EC_EO_subject_grouped","P0_derivative_amplitude_deciles","DERIVED_DECILES_ALL","POOLED_EC_EO_subject_grouped","CN_vs_FTD","kTSP_k9_disjoint","T5",4
"tier1_main","single_condition","single_condition","P0_derivative_amplitude_deciles","RAW_DECILES","ds006036__EO_or_photomark","AD_vs_FTD","kTSP_k9_nondisjoint","T5",19
"tier2_cross_condition","cross_condition_transfer","EC_train__EO_photo_test","P0_derivative_amplitude_deciles","DERIVED_DECILES_ALL","EC_train__EO_photo_test","AD_vs_CN","kTSP_CV_disjoint","T6",1
"tier1_main","single_condition","single_condition","P1_psd_bandpower_from_derivatives","PSD_ABSOLUTE_CHANNEL_BAND","ds004504__EC","AD_vs_FTD","kTSP_CV_disjoint","T6",8
"tier1_main","single_condition","single_condition","P0_derivative_amplitude_deciles","DERIVED_DECILES_ALL","ds004504__EC","AD_vs_FTD","kTSP_CV_nondisjoint","T6",16
"tier1_main","single_condition","single_condition","P1_psd_bandpower_from_derivatives","PSD_ABSOLUTE_CHANNEL_BAND","ds006036__EO_or_photomark","CN_vs_FTD","kTSP_k3_disjoint","T6",8
"tier1_main","single_condition","single_condition","P0_derivative_amplitude_deciles","RAW_DECILES","ds006036__EO_or_photomark","CN_vs_FTD","kTSP_k5_disjoint","T6",5
"tier1_main","single_condition","single_condition","P0_derivative_amplitude_deciles","DERIVED_DECILES_ALL","ds004504__EC","AD_FTD_vs_CN","kTSP_k9_disjoint","T6",29
"tier1_main","single_condition","single_condition","P1_psd_bandpower_from_derivatives","PSD_ABSOLUTE_CHANNEL_BAND","ds004504__EC","AD_FTD_vs_CN","kTSP_k9_disjoint","T6",33
"tier1_main","single_condition","single_condition","P0_derivative_amplitude_deciles","RAW_DECILES","ds004504__EC","AD_FTD_vs_CN","kTSP_k9_disjoint","T6",25
"tier1_main","single_condition","single_condition","P0_derivative_amplitude_deciles","DERIVED_DECILES_ALL","ds006036__EO_or_photomark","AD_FTD_vs_CN","kTSP_k9_disjoint","T6",2
"tier1_main","single_condition","single_condition","P1_psd_bandpower_from_derivatives","PSD_ABSOLUTE_CHANNEL_BAND","ds006036__EO_or_photomark","AD_FTD_vs_CN","kTSP_k9_disjoint","T6",3
"tier1_main","single_condition","single_condition","P0_derivative_amplitude_deciles","RAW_DECILES","ds006036__EO_or_photomark","AD_FTD_vs_CN","kTSP_k9_disjoint","T6",13
"tier4_pooled","pooled_condition","POOLED_EC_EO_subject_grouped","P0_derivative_amplitude_deciles","DERIVED_DECILES_ALL","POOLED_EC_EO_subject_grouped","AD_FTD_vs_CN","kTSP_k9_disjoint","T6",1
"tier1_main","single_condition","single_condition","P0_derivative_amplitude_deciles","DERIVED_DECILES_ALL","ds004504__EC","AD_vs_CN","kTSP_k9_disjoint","T6",50
"tier1_main","single_condition","single_condition","P1_psd_bandpower_from_derivatives","PSD_ABSOLUTE_CHANNEL_BAND","ds004504__EC","AD_vs_CN","kTSP_k9_disjoint","T6",45
"tier1_main","single_condition","single_condition","P0_derivative_amplitude_deciles","RAW_DECILES","ds004504__EC","AD_vs_CN","kTSP_k9_disjoint","T6",34
"tier1_main","single_condition","single_condition","P0_derivative_amplitude_deciles","DERIVED_DECILES_ALL","ds006036__EO_or_photomark","AD_vs_CN","kTSP_k9_disjoint","T6",9
"tier1_main","single_condition","single_condition","P1_psd_bandpower_from_derivatives","PSD_ABSOLUTE_CHANNEL_BAND","ds006036__EO_or_photomark","AD_vs_CN","kTSP_k9_disjoint","T6",6
"tier1_main","single_condition","single_condition","P0_derivative_amplitude_deciles","RAW_DECILES","ds006036__EO_or_photomark","AD_vs_CN","kTSP_k9_disjoint","T6",4
"tier4_pooled","pooled_condition","POOLED_EC_EO_subject_grouped","P0_derivative_amplitude_deciles","DERIVED_DECILES_ALL","POOLED_EC_EO_subject_grouped","AD_vs_CN","kTSP_k9_disjoint","T6",18
"tier1_main","single_condition","single_condition","P0_derivative_amplitude_deciles","RAW_DECILES","ds004504__EC","AD_vs_FTD","kTSP_k9_disjoint","T6",5
"tier1_main","single_condition","single_condition","P0_derivative_amplitude_deciles","DERIVED_DECILES_ALL","ds006036__EO_or_photomark","AD_vs_FTD","kTSP_k9_disjoint","T6",8
"tier1_main","single_condition","single_condition","P1_psd_bandpower_from_derivatives","PSD_ABSOLUTE_CHANNEL_BAND","ds006036__EO_or_photomark","AD_vs_FTD","kTSP_k9_disjoint","T6",25
"tier4_pooled","pooled_condition","POOLED_EC_EO_subject_grouped","P0_derivative_amplitude_deciles","DERIVED_DECILES_ALL","POOLED_EC_EO_subject_grouped","AD_vs_FTD","kTSP_k9_disjoint","T6",10
"tier1_main","single_condition","single_condition","P0_derivative_amplitude_deciles","DERIVED_DECILES_ALL","ds004504__EC","CN_vs_FTD","kTSP_k9_disjoint","T6",4
"tier1_main","single_condition","single_condition","P1_psd_bandpower_from_derivatives","PSD_ABSOLUTE_CHANNEL_BAND","ds004504__EC","CN_vs_FTD","kTSP_k9_disjoint","T6",38
"tier1_main","single_condition","single_condition","P0_derivative_amplitude_deciles","RAW_DECILES","ds004504__EC","CN_vs_FTD","kTSP_k9_disjoint","T6",15
"tier1_main","single_condition","single_condition","P0_derivative_amplitude_deciles","DERIVED_DECILES_ALL","ds006036__EO_or_photomark","CN_vs_FTD","kTSP_k9_disjoint","T6",10
"tier4_pooled","pooled_condition","POOLED_EC_EO_subject_grouped","P0_derivative_amplitude_deciles","DERIVED_DECILES_ALL","POOLED_EC_EO_subject_grouped","CN_vs_FTD","kTSP_k9_disjoint","T6",19
"tier1_main","single_condition","single_condition","P0_derivative_amplitude_deciles","RAW_DECILES","ds006036__EO_or_photomark","AD_vs_FTD","kTSP_k9_nondisjoint","T6",3
