"tier","scenario_family","scenario_name","layer","world","condition","task","block","model","accuracy","balanced_accuracy","f1_pos","f1_neg","macro_f1","mcc"
"tier1_main","single_condition","single_condition","P0_derivative_amplitude_deciles","DERIVED_DECILES_ALL","ds004504__EC","AD_FTD_vs_CN","classic_fast","sda_shrinklda",0.781875,0.769280303030303,0.83080096611584,0.68294733044733,0.756874148281585,0.533252146048493
"tier1_main","single_condition","single_condition","P1_psd_bandpower_from_derivatives","PSD_ABSOLUTE_CHANNEL_BAND","ds004504__EC","AD_FTD_vs_CN","classic_fast","sda_shrinklda",0.820917508417508,0.771365166819712,0.872894880619957,0.686734309461582,0.77981459504077,0.588675354384519
"tier1_main","single_condition","single_condition","P1_psd_bandpower_from_derivatives","PSD_REGION_ABSOLUTE","ds004504__EC","AD_FTD_vs_CN","classic_fast","ranger_rf",0.808888888888889,0.753992424242424,0.864879268019448,0.657797091797092,0.76133817990827,0.563032317878357
"tier1_main","single_condition","single_condition","P0_derivative_amplitude_deciles","RAW_DECILES","ds004504__EC","AD_FTD_vs_CN","classic_fast","sda_shrinklda",0.767083333333333,0.74469696969697,0.820397371034563,0.654805826526415,0.737601598780489,0.495101176414368
"tier1_main","single_condition","single_condition","P0_derivative_amplitude_deciles","REGION_AGGREGATES_ALL","ds004504__EC","AD_FTD_vs_CN","classic_fast","sda_shrinklda",0.756111111111111,0.720234848484849,0.816510286953092,0.621458721017545,0.718984503985318,0.45760541791579
"tier1_main","single_condition","single_condition","P0_derivative_amplitude_deciles","DERIVED_DECILES_ALL","ds006036__EO_or_photomark","AD_FTD_vs_CN","classic_fast","sda_shrinklda",0.767569444444444,0.742045454545455,0.823817338283579,0.648417471417471,0.736117404850525,0.489462043489382
"tier1_main","single_condition","single_condition","P1_psd_bandpower_from_derivatives","PSD_ABSOLUTE_CHANNEL_BAND","ds006036__EO_or_photomark","AD_FTD_vs_CN","classic_fast","sda_shrinklda",0.785486111111111,0.730666666666667,0.847464951562403,0.621681263181263,0.734573107371833,0.503088382068222
"tier1_main","single_condition","single_condition","P1_psd_bandpower_from_derivatives","PSD_REGION_ABSOLUTE","ds006036__EO_or_photomark","AD_FTD_vs_CN","classic_fast","svm_linear_liblinear",0.763194444444444,0.715409090909091,0.827905470158694,0.601864718614719,0.714885094386706,0.459368910969698
"tier1_main","single_condition","single_condition","P0_derivative_amplitude_deciles","RAW_DECILES","ds006036__EO_or_photomark","AD_FTD_vs_CN","classic_fast","sda_shrinklda",0.755416666666667,0.717159090909091,0.818477254350023,0.614033189033189,0.716255221691606,0.450233578955787
"tier1_main","single_condition","single_condition","P0_derivative_amplitude_deciles","REGION_AGGREGATES_ALL","ds006036__EO_or_photomark","AD_FTD_vs_CN","classic_fast","knn_euclidean",0.739097222222222,0.710060606060606,0.801089021868885,0.607040389349213,0.704064705609049,0.425432965016371
"tier2_cross_condition","cross_condition_transfer","EC_train__EO_photo_test","P0_derivative_amplitude_deciles","DERIVED_DECILES_ALL","EC_train__EO_photo_test","AD_FTD_vs_CN","classic_fast","xgboost_default",0.806818181818182,0.785797779076563,0.854700854700855,0.711864406779661,0.783282630740258,0.566812247631769
"tier2_cross_condition","cross_condition_transfer","EC_train__EO_photo_test","P1_psd_bandpower_from_derivatives","PSD_REGION_ABSOLUTE","EC_train__EO_photo_test","AD_FTD_vs_CN","classic_fast","glmnet_elasticnet",0.852272727272727,0.819696084161309,0.892561983471074,0.763636363636364,0.828099173553719,0.658733573370486
"tier2_cross_condition","cross_condition_transfer","EC_train__EO_photo_test","P0_derivative_amplitude_deciles","REGION_AGGREGATES_ALL","EC_train__EO_photo_test","AD_FTD_vs_CN","classic_fast","sda_shrinklda",0.806818181818182,0.785797779076563,0.854700854700855,0.711864406779661,0.783282630740258,0.566812247631769
"tier2_cross_condition","cross_condition_transfer","EO_photo_train__EC_test","P0_derivative_amplitude_deciles","DERIVED_DECILES_ALL","EO_photo_train__EC_test","AD_FTD_vs_CN","classic_fast","sda_shrinklda",0.863636363636364,0.836937463471654,0.9,0.785714285714286,0.842857142857143,0.686843041863588
"tier2_cross_condition","cross_condition_transfer","EO_photo_train__EC_test","P1_psd_bandpower_from_derivatives","PSD_REGION_ABSOLUTE","EO_photo_train__EC_test","AD_FTD_vs_CN","classic_fast","ranger_rf",0.852272727272727,0.810929281122151,0.894308943089431,0.754716981132076,0.824512962110753,0.656328125423033
"tier2_cross_condition","cross_condition_transfer","EO_photo_train__EC_test","P0_derivative_amplitude_deciles","REGION_AGGREGATES_ALL","EO_photo_train__EC_test","AD_FTD_vs_CN","classic_fast","knn_euclidean",0.863636363636364,0.863237872589129,0.894736842105263,0.806451612903226,0.850594227504244,0.705355097354874
"tier4_pooled","pooled_condition","POOLED_EC_EO_subject_grouped","P0_derivative_amplitude_deciles","DERIVED_DECILES_ALL","POOLED_EC_EO_subject_grouped","AD_FTD_vs_CN","classic_fast","sda_shrinklda",0.826415978672171,0.807237179487179,0.868654818044148,0.739543505431503,0.804099161737825,0.617394441094896
"tier4_pooled","pooled_condition","POOLED_EC_EO_subject_grouped","P1_psd_bandpower_from_derivatives","PSD_REGION_ABSOLUTE","POOLED_EC_EO_subject_grouped","AD_FTD_vs_CN","classic_fast","ranger_rf",0.834467126762986,0.786960372960373,0.882475876450734,0.714711549176807,0.79859371281377,0.617809855427086
"tier4_pooled","pooled_condition","POOLED_EC_EO_subject_grouped","P0_derivative_amplitude_deciles","REGION_AGGREGATES_ALL","POOLED_EC_EO_subject_grouped","AD_FTD_vs_CN","classic_fast","ranger_rf",0.828604768661851,0.780778263403263,0.878161338975565,0.705226968741762,0.791694153858663,0.60428366899349
"tier1_main","single_condition","single_condition","P0_derivative_amplitude_deciles","DERIVED_DECILES_ALL","ds004504__EC","AD_vs_CN","classic_fast","ranger_rf",0.790576923076923,0.789404761904762,0.806583405156934,0.76397224997225,0.785277827564592,0.590007083932147
"tier1_main","single_condition","single_condition","P1_psd_bandpower_from_derivatives","PSD_ABSOLUTE_CHANNEL_BAND","ds004504__EC","AD_vs_CN","classic_fast","ranger_rf",0.815320512820513,0.81575,0.825199682670271,0.795658175158175,0.810428928914223,0.648383493215519
"smoke","single_condition","single_condition","P1_psd_bandpower_from_derivatives","PSD_REGION_ABSOLUTE","ds004504__EC","AD_vs_CN","classic_fast","xgboost_default",0.818681318681318,0.822916666666667,0.823809523809524,0.811688311688311,0.817748917748917,0.65612294858165
"tier1_main","single_condition","single_condition","P1_psd_bandpower_from_derivatives","PSD_REGION_ABSOLUTE","ds004504__EC","AD_vs_CN","classic_fast","ranger_rf",0.808086080586081,0.808011904761905,0.822042555483732,0.783136135106723,0.802589345295228,0.629425625650901
"tier1_main","single_condition","single_condition","P0_derivative_amplitude_deciles","RAW_DECILES","ds004504__EC","AD_vs_CN","classic_fast","ranger_rf",0.797967032967033,0.797696428571429,0.811366695396107,0.775854978354978,0.793610836875543,0.606140216016357
"smoke","single_condition","single_condition","P0_derivative_amplitude_deciles","REGION_AGGREGATES_ALL","ds004504__EC","AD_vs_CN","classic_fast","glmnet_elasticnet",0.813186813186813,0.797619047619047,0.844444444444445,0.763636363636363,0.804040404040405,0.633520891730957
"tier1_main","single_condition","single_condition","P0_derivative_amplitude_deciles","REGION_AGGREGATES_ALL","ds004504__EC","AD_vs_CN","classic_fast","ranger_rf",0.780302197802198,0.780285714285714,0.792655739513325,0.75714097014097,0.774898354827147,0.57371542996614
"tier1_main","single_condition","single_condition","P0_derivative_amplitude_deciles","DERIVED_DECILES_ALL","ds006036__EO_or_photomark","AD_vs_CN","classic_fast","ranger_rf",0.725613553113553,0.720738095238095,0.752352177578184,0.67634965034965,0.714350913963917,0.461900611398647
"tier1_main","single_condition","single_condition","P1_psd_bandpower_from_derivatives","PSD_ABSOLUTE_CHANNEL_BAND","ds006036__EO_or_photomark","AD_vs_CN","classic_fast","sda_shrinklda",0.747335164835165,0.745642857142857,0.76915480761069,0.708745698745699,0.738950253178194,0.505750728258536
"smoke","single_condition","single_condition","P1_psd_bandpower_from_derivatives","PSD_REGION_ABSOLUTE","ds006036__EO_or_photomark","AD_vs_CN","classic_fast","knn_euclidean",0.739010989010989,0.729166666666667,0.788888888888889,0.634615384615385,0.711752136752136,0.518958227830732
"tier1_main","single_condition","single_condition","P1_psd_bandpower_from_derivatives","PSD_REGION_ABSOLUTE","ds006036__EO_or_photomark","AD_vs_CN","classic_fast","sda_shrinklda",0.796831501831502,0.787755952380952,0.826558232702969,0.743990897990898,0.785274565346934,0.604221614851531
"tier1_main","single_condition","single_condition","P0_derivative_amplitude_deciles","RAW_DECILES","ds006036__EO_or_photomark","AD_vs_CN","classic_fast","sda_shrinklda",0.730457875457875,0.723571428571429,0.76290730013021,0.67158374958375,0.71724552485698,0.471407913592388
"smoke","single_condition","single_condition","P0_derivative_amplitude_deciles","REGION_AGGREGATES_ALL","ds006036__EO_or_photomark","AD_vs_CN","classic_fast","ranger_rf",0.854395604395604,0.833333333333333,0.887719298245614,0.787878787878788,0.837799043062201,0.728467626492747
"tier1_main","single_condition","single_condition","P0_derivative_amplitude_deciles","REGION_AGGREGATES_ALL","ds006036__EO_or_photomark","AD_vs_CN","classic_fast","ranger_rf",0.726428571428571,0.720363095238095,0.756083512892336,0.674365634365634,0.715224573628985,0.460297789109646
"tier2_cross_condition","cross_condition_transfer","EC_train__EO_photo_test","P0_derivative_amplitude_deciles","DERIVED_DECILES_ALL","EC_train__EO_photo_test","AD_vs_CN","classic_fast","ranger_rf",0.907692307692308,0.896551724137931,0.923076923076923,0.884615384615385,0.903846153846154,0.824501640789771
"tier2_cross_condition","cross_condition_transfer","EC_train__EO_photo_test","P1_psd_bandpower_from_derivatives","PSD_REGION_ABSOLUTE","EC_train__EO_photo_test","AD_vs_CN","classic_fast","svm_linear_liblinear",0.846153846153846,0.844348659003831,0.861111111111111,0.827586206896552,0.844348659003831,0.688697318007663
"tier2_cross_condition","cross_condition_transfer","EC_train__EO_photo_test","P0_derivative_amplitude_deciles","REGION_AGGREGATES_ALL","EC_train__EO_photo_test","AD_vs_CN","classic_fast","ranger_rf",0.869230769230769,0.853448275862069,0.894444444444444,0.828163265306122,0.861303854875283,0.756253148228218
"tier2_cross_condition","cross_condition_transfer","EO_photo_train__EC_test","P0_derivative_amplitude_deciles","DERIVED_DECILES_ALL","EO_photo_train__EC_test","AD_vs_CN","classic_fast","ranger_rf",0.907692307692308,0.909961685823755,0.914285714285714,0.9,0.907142857142857,0.816024522300929
"tier2_cross_condition","cross_condition_transfer","EO_photo_train__EC_test","P1_psd_bandpower_from_derivatives","PSD_REGION_ABSOLUTE","EO_photo_train__EC_test","AD_vs_CN","classic_fast","ranger_rf",0.9,0.90301724137931,0.906418219461698,0.892622950819672,0.899520585140685,0.801828214660697
"tier2_cross_condition","cross_condition_transfer","EO_photo_train__EC_test","P0_derivative_amplitude_deciles","REGION_AGGREGATES_ALL","EO_photo_train__EC_test","AD_vs_CN","classic_fast","ranger_rf",0.892307692307692,0.896072796934866,0.898550724637681,0.885245901639344,0.891898313138513,0.787631907020464
"tier4_pooled","pooled_condition","POOLED_EC_EO_subject_grouped","P0_derivative_amplitude_deciles","DERIVED_DECILES_ALL","POOLED_EC_EO_subject_grouped","AD_vs_CN","classic_fast","ranger_rf",0.839679487179487,0.837708333333333,0.853874272305955,0.818866031800106,0.83637015205303,0.684905080420135
"tier4_pooled","pooled_condition","POOLED_EC_EO_subject_grouped","P1_psd_bandpower_from_derivatives","PSD_REGION_ABSOLUTE","POOLED_EC_EO_subject_grouped","AD_vs_CN","classic_fast","ranger_rf",0.842239010989011,0.839913690476191,0.856575068758379,0.821473843845195,0.839024456301787,0.687808961882254
"tier4_pooled","pooled_condition","POOLED_EC_EO_subject_grouped","P0_derivative_amplitude_deciles","REGION_AGGREGATES_ALL","POOLED_EC_EO_subject_grouped","AD_vs_CN","classic_fast","ranger_rf",0.824578754578755,0.819377976190476,0.844876507517398,0.794787636418711,0.819832071968054,0.651341808019008
"tier1_main","single_condition","single_condition","P0_derivative_amplitude_deciles","DERIVED_DECILES_ALL","ds004504__EC","AD_vs_FTD","classic_fast","xgboost_default",0.664504662004662,0.650607142857143,0.711289950245833,0.569919913419913,0.640604931832873,0.315595162397024
"tier1_main","single_condition","single_condition","P1_psd_bandpower_from_derivatives","PSD_ABSOLUTE_CHANNEL_BAND","ds004504__EC","AD_vs_FTD","classic_fast","ranger_rf",0.63302548900375,0.598544254658385,0.710087154697802,0.473412698412698,0.59174992655525,0.220611457960632
"tier1_main","single_condition","single_condition","P1_psd_bandpower_from_derivatives","PSD_REGION_ABSOLUTE","ds004504__EC","AD_vs_FTD","classic_fast","knn_euclidean",0.614816617981175,0.573892405063291,0.698849504968955,0.429342247063766,0.56409587601636,0.178633084363239
"tier1_main","single_condition","single_condition","P0_derivative_amplitude_deciles","RAW_DECILES","ds004504__EC","AD_vs_FTD","classic_fast","xgboost_default",0.631737310308739,0.619460641399417,0.681260341299357,0.535948122172612,0.608604231735984,0.254708933738441
"tier1_main","single_condition","single_condition","P0_derivative_amplitude_deciles","REGION_AGGREGATES_ALL","ds004504__EC","AD_vs_FTD","classic_fast","glmnet_ridge",0.634199134199134,0.565051020408163,0.741532139171458,0.351927437641723,0.546729788406591,0.204730361297189
"tier1_main","single_condition","single_condition","P0_derivative_amplitude_deciles","DERIVED_DECILES_ALL","ds006036__EO_or_photomark","AD_vs_FTD","classic_fast","svm_linear_liblinear",0.727714204986932,0.713401875901876,0.770193256254331,0.64437375194951,0.70728350410192,0.447701968213282
"tier1_main","single_condition","single_condition","P1_psd_bandpower_from_derivatives","PSD_ABSOLUTE_CHANNEL_BAND","ds006036__EO_or_photomark","AD_vs_FTD","classic_fast","knn_euclidean",0.595203407703408,0.563456632653061,0.670645935550845,0.435908271622557,0.553277103586701,0.147139976798278
"tier1_main","single_condition","single_condition","P1_psd_bandpower_from_derivatives","PSD_REGION_ABSOLUTE","ds006036__EO_or_photomark","AD_vs_FTD","classic_fast","knn_euclidean",0.613254129383161,0.582872503840246,0.683377476284198,0.465912164299261,0.574644820291729,0.187679932424986
"tier1_main","single_condition","single_condition","P0_derivative_amplitude_deciles","RAW_DECILES","ds006036__EO_or_photomark","AD_vs_FTD","classic_fast","knn_euclidean",0.644627230692804,0.586241217798595,0.741879497534728,0.403337827927992,0.57260866273136,0.228471950230533
"tier1_main","single_condition","single_condition","P0_derivative_amplitude_deciles","REGION_AGGREGATES_ALL","ds006036__EO_or_photomark","AD_vs_FTD","classic_fast","svm_linear_liblinear",0.565994936962679,0.560023041474654,0.608529505308692,0.484973091424704,0.546751298366698,0.128938264572493
"tier2_cross_condition","cross_condition_transfer","EO_photo_train__EC_test","P0_derivative_amplitude_deciles","DERIVED_DECILES_ALL","EO_photo_train__EC_test","AD_vs_FTD","classic_fast","ranger_rf",0.728813559322034,0.667874396135266,0.80952380952381,0.529411764705882,0.669467787114846,0.420448363337697
"tier4_pooled","pooled_condition","POOLED_EC_EO_subject_grouped","P0_derivative_amplitude_deciles","DERIVED_DECILES_ALL","POOLED_EC_EO_subject_grouped","AD_vs_FTD","classic_fast","ranger_rf",0.688030303030303,0.653616071428571,0.759632163750811,0.544161287247773,0.651896725499292,0.330764654930525
"tier4_pooled","pooled_condition","POOLED_EC_EO_subject_grouped","P1_psd_bandpower_from_derivatives","PSD_REGION_ABSOLUTE","POOLED_EC_EO_subject_grouped","AD_vs_FTD","classic_fast","svm_linear_liblinear",0.656043123543124,0.626866071428571,0.728403168605241,0.517649752827152,0.623026460716196,0.264960525227415
"tier4_pooled","pooled_condition","POOLED_EC_EO_subject_grouped","P0_derivative_amplitude_deciles","REGION_AGGREGATES_ALL","POOLED_EC_EO_subject_grouped","AD_vs_FTD","classic_fast","ranger_rf",0.623289627039627,0.585794642857143,0.707660819107744,0.452793107150847,0.580226963129295,0.185796975798765
"tier1_main","single_condition","single_condition","P0_derivative_amplitude_deciles","DERIVED_DECILES_ALL","ds004504__EC","CN_vs_FTD","classic_fast","ranger_rf",0.712881391231907,0.703092783505155,0.642054737931027,0.750448520551613,0.69625162924132,0.427990068642778
"tier1_main","single_condition","single_condition","P1_psd_bandpower_from_derivatives","PSD_ABSOLUTE_CHANNEL_BAND","ds004504__EC","CN_vs_FTD","classic_fast","ranger_rf",0.719755449229133,0.710087719298246,0.653819747503958,0.751553884711779,0.702686816107869,0.447753092630015
"tier1_main","single_condition","single_condition","P1_psd_bandpower_from_derivatives","PSD_REGION_ABSOLUTE","ds004504__EC","CN_vs_FTD","classic_fast","sda_shrinklda",0.736241199877563,0.747643097643098,0.738802106983925,0.719317943560368,0.729060025272147,0.511504045707068
"tier1_main","single_condition","single_condition","P0_derivative_amplitude_deciles","RAW_DECILES","ds004504__EC","CN_vs_FTD","classic_fast","ranger_rf",0.744505662687481,0.737878787878788,0.68609179821301,0.775160305463336,0.730626051838173,0.494966997707112
"tier1_main","single_condition","single_condition","P0_derivative_amplitude_deciles","REGION_AGGREGATES_ALL","ds004504__EC","CN_vs_FTD","classic_fast","ranger_rf",0.741485562697684,0.732491582491583,0.676558514437302,0.775630205933236,0.726094360185269,0.486716068670735
"tier1_main","single_condition","single_condition","P0_derivative_amplitude_deciles","DERIVED_DECILES_ALL","ds006036__EO_or_photomark","CN_vs_FTD","classic_fast","sda_shrinklda",0.770121212121212,0.7635,0.722122322122322,0.796842768342768,0.759482545232545,0.554160234195952
"tier1_main","single_condition","single_condition","P1_psd_bandpower_from_derivatives","PSD_ABSOLUTE_CHANNEL_BAND","ds006036__EO_or_photomark","CN_vs_FTD","classic_fast","glmnet_lasso",0.790511172329354,0.786531986531987,0.747780109901322,0.813761491034218,0.78077080046777,0.597263806857283
"tier1_main","single_condition","single_condition","P1_psd_bandpower_from_derivatives","PSD_REGION_ABSOLUTE","ds006036__EO_or_photomark","CN_vs_FTD","classic_fast","glmnet_ridge",0.817353535353535,0.8185,0.792176878676879,0.828463425463425,0.810320152070152,0.65708813004033
"tier1_main","single_condition","single_condition","P0_derivative_amplitude_deciles","RAW_DECILES","ds006036__EO_or_photomark","CN_vs_FTD","classic_fast","sda_shrinklda",0.748767676767677,0.745666666666667,0.705886169386169,0.7691891996892,0.737537684537685,0.512154961612553
"tier1_main","single_condition","single_condition","P0_derivative_amplitude_deciles","REGION_AGGREGATES_ALL","ds006036__EO_or_photomark","CN_vs_FTD","classic_fast","sda_shrinklda",0.753474135292317,0.753535353535354,0.726659872114418,0.765514395817426,0.746087133965922,0.52436988681481
"tier2_cross_condition","cross_condition_transfer","EC_train__EO_photo_test","P0_derivative_amplitude_deciles","DERIVED_DECILES_ALL","EC_train__EO_photo_test","CN_vs_FTD","classic_fast","ranger_rf",0.865384615384615,0.870314842578711,0.857142857142857,0.872727272727273,0.864935064935065,0.735682938029248
"tier2_cross_condition","cross_condition_transfer","EC_train__EO_photo_test","P1_psd_bandpower_from_derivatives","PSD_REGION_ABSOLUTE","EC_train__EO_photo_test","CN_vs_FTD","classic_fast","ranger_rf",0.865384615384615,0.865817091454273,0.851063829787234,0.87719298245614,0.864128406121687,0.728907247654725
"tier2_cross_condition","cross_condition_transfer","EC_train__EO_photo_test","P0_derivative_amplitude_deciles","REGION_AGGREGATES_ALL","EC_train__EO_photo_test","CN_vs_FTD","classic_fast","sda_shrinklda",0.865384615384615,0.861319340329835,0.844444444444444,0.88135593220339,0.862900188323917,0.72646074794165
"tier2_cross_condition","cross_condition_transfer","EO_photo_train__EC_test","P0_derivative_amplitude_deciles","DERIVED_DECILES_ALL","EO_photo_train__EC_test","CN_vs_FTD","classic_fast","ranger_rf",0.826923076923077,0.813343328335832,0.780487804878049,0.857142857142857,0.818815331010453,0.654240844412795
"tier2_cross_condition","cross_condition_transfer","EO_photo_train__EC_test","P1_psd_bandpower_from_derivatives","PSD_REGION_ABSOLUTE","EO_photo_train__EC_test","CN_vs_FTD","classic_fast","glmnet_elasticnet",0.865384615384615,0.870314842578711,0.857142857142857,0.872727272727273,0.864935064935065,0.735682938029248
"tier2_cross_condition","cross_condition_transfer","EO_photo_train__EC_test","P0_derivative_amplitude_deciles","REGION_AGGREGATES_ALL","EO_photo_train__EC_test","CN_vs_FTD","classic_fast","ranger_rf",0.826923076923077,0.813343328335832,0.780487804878049,0.857142857142857,0.818815331010453,0.654240844412795
"tier4_pooled","pooled_condition","POOLED_EC_EO_subject_grouped","P0_derivative_amplitude_deciles","DERIVED_DECILES_ALL","POOLED_EC_EO_subject_grouped","CN_vs_FTD","classic_fast","ranger_rf",0.818343434343434,0.81675,0.793811935562979,0.832887585897648,0.813349760730313,0.643921171052274
"tier4_pooled","pooled_condition","POOLED_EC_EO_subject_grouped","P1_psd_bandpower_from_derivatives","PSD_REGION_ABSOLUTE","POOLED_EC_EO_subject_grouped","CN_vs_FTD","classic_fast","glmnet_elasticnet",0.831505050505051,0.833458333333333,0.815275260974649,0.842203507428194,0.828739384201421,0.673224376508471
"tier4_pooled","pooled_condition","POOLED_EC_EO_subject_grouped","P0_derivative_amplitude_deciles","REGION_AGGREGATES_ALL","POOLED_EC_EO_subject_grouped","CN_vs_FTD","classic_fast","ranger_rf",0.817606060606061,0.816083333333333,0.79125467528015,0.833708992377234,0.812481833828692,0.642991452380359
"tier2_cross_condition","cross_condition_transfer","EC_train__EO_photo_test","P1_psd_bandpower_from_derivatives","PSD_REGION_ABSOLUTE","EC_train__EO_photo_test","AD_vs_FTD","classic_fast","ranger_rf",0.76271186440678,0.727053140096618,0.82051282051282,0.65,0.73525641025641,0.48901656492805
"tier2_cross_condition","cross_condition_transfer","EC_train__EO_photo_test","P0_derivative_amplitude_deciles","REGION_AGGREGATES_ALL","EC_train__EO_photo_test","AD_vs_FTD","classic_fast","sda_shrinklda",0.694915254237288,0.68719806763285,0.742857142857143,0.625,0.683928571428571,0.369519245590278
"tier2_cross_condition","cross_condition_transfer","EO_photo_train__EC_test","P0_derivative_amplitude_deciles","REGION_AGGREGATES_ALL","EO_photo_train__EC_test","AD_vs_FTD","classic_fast","glmnet_ridge",0.711864406779661,0.638285024154589,0.804597701149425,0.451612903225806,0.628105302187616,0.393994566321899
"tier2_cross_condition","cross_condition_transfer","EC_train__EO_photo_test","P0_derivative_amplitude_deciles","DERIVED_DECILES_ALL","EC_train__EO_photo_test","AD_vs_FTD","classic_fast","sda_shrinklda",0.76271186440678,0.766304347826087,0.794117647058823,0.72,0.757058823529412,0.521394625089733
"tier2_cross_condition","cross_condition_transfer","EO_photo_train__EC_test","P1_psd_bandpower_from_derivatives","PSD_REGION_ABSOLUTE","EO_photo_train__EC_test","AD_vs_FTD","classic_fast","ranger_rf",0.745762711864407,0.728864734299517,0.794520547945206,0.666666666666667,0.730593607305936,0.461648936198984
"tier1_main","single_condition","single_condition","P0_derivative_amplitude_deciles","DERIVED_DECILES_ALL","ds004504__EC","AD_FTD_vs_CN","switchBox","kTSP_k9_disjoint",0.770208333333333,0.742318181818182,0.817828796083891,0.654956785216847,0.736392790650369,0.516853000590882
"tier1_main","single_condition","single_condition","P1_psd_bandpower_from_derivatives","PSD_ABSOLUTE_CHANNEL_BAND","ds004504__EC","AD_FTD_vs_CN","switchBox","kTSP_k9_disjoint",0.766736111111111,0.78819696969697,0.801634561622999,0.707277820218997,0.754456190920998,0.556501280478315
"tier1_main","single_condition","single_condition","P1_psd_bandpower_from_derivatives","PSD_REGION_ABSOLUTE","ds004504__EC","AD_FTD_vs_CN","switchBox","kTSP_k9_nondisjoint",0.781875,0.799780303030303,0.818017790514028,0.721661358249593,0.769839574381811,0.575637602042333
"tier1_main","single_condition","single_condition","P0_derivative_amplitude_deciles","RAW_DECILES","ds004504__EC","AD_FTD_vs_CN","switchBox","kTSP_k9_disjoint",0.766041666666667,0.719886363636364,0.824923866826552,0.617031538636802,0.720977702731677,0.479084160248125
"tier1_main","single_condition","single_condition","P0_derivative_amplitude_deciles","REGION_AGGREGATES_ALL","ds004504__EC","AD_FTD_vs_CN","switchBox","kTSP_k9_disjoint",0.780763888888889,0.742924242424242,0.834121036180533,0.650988212767624,0.742554624474079,0.521453294406437
"tier1_main","single_condition","single_condition","P0_derivative_amplitude_deciles","DERIVED_DECILES_ALL","ds006036__EO_or_photomark","AD_FTD_vs_CN","switchBox","kTSP_k9_disjoint",0.746212121212121,0.707973676155494,0.807307869341215,0.600757514750385,0.7040326920458,0.441870811178945
"tier1_main","single_condition","single_condition","P1_psd_bandpower_from_derivatives","PSD_ABSOLUTE_CHANNEL_BAND","ds006036__EO_or_photomark","AD_FTD_vs_CN","switchBox","kTSP_k9_disjoint",0.789236111111111,0.78194696969697,0.83382551036705,0.699418020575915,0.766621765471483,0.556252125428698
"tier1_main","single_condition","single_condition","P1_psd_bandpower_from_derivatives","PSD_REGION_ABSOLUTE","ds006036__EO_or_photomark","AD_FTD_vs_CN","switchBox","kTSP_k9_disjoint",0.753680555555556,0.792522727272727,0.777250413233735,0.715417054222008,0.746333733727872,0.56324926752984
"tier1_main","single_condition","single_condition","P0_derivative_amplitude_deciles","RAW_DECILES","ds006036__EO_or_photomark","AD_FTD_vs_CN","switchBox","kTSP_k9_disjoint",0.714015151515151,0.679935720844812,0.777352647475503,0.565186659719449,0.671269653597476,0.382944065969156
"tier1_main","single_condition","single_condition","P0_derivative_amplitude_deciles","REGION_AGGREGATES_ALL","ds006036__EO_or_photomark","AD_FTD_vs_CN","switchBox","kTSP_k9_disjoint",0.757013888888889,0.706030303030303,0.82082273789845,0.593706515706516,0.707264626802483,0.452115251019529
"tier2_cross_condition","cross_condition_transfer","EC_train__EO_photo_test","P0_derivative_amplitude_deciles","DERIVED_DECILES_ALL","EC_train__EO_photo_test","AD_FTD_vs_CN","switchBox","kTSP_CV_disjoint",0.829545454545455,0.776446522501461,0.88,0.705882352941177,0.792941176470588,0.600181802445519
"tier2_cross_condition","cross_condition_transfer","EC_train__EO_photo_test","P1_psd_bandpower_from_derivatives","PSD_REGION_ABSOLUTE","EC_train__EO_photo_test","AD_FTD_vs_CN","switchBox","kTSP_k5_disjoint",0.784090909090909,0.812682641729982,0.819047619047619,0.732394366197183,0.775720992622401,0.588511849805395
"tier2_cross_condition","cross_condition_transfer","EC_train__EO_photo_test","P0_derivative_amplitude_deciles","REGION_AGGREGATES_ALL","EC_train__EO_photo_test","AD_FTD_vs_CN","switchBox","kTSP_k5_nondisjoint",0.772727272727273,0.751607247223846,0.827586206896552,0.666666666666667,0.747126436781609,0.495176324525867
"tier2_cross_condition","cross_condition_transfer","EO_photo_train__EC_test","P0_derivative_amplitude_deciles","DERIVED_DECILES_ALL","EO_photo_train__EC_test","AD_FTD_vs_CN","switchBox","kTSP_k5_disjoint",0.829545454545455,0.78521332554062,0.878048780487805,0.716981132075472,0.797514956281638,0.602045348132407
"tier2_cross_condition","cross_condition_transfer","EO_photo_train__EC_test","P1_psd_bandpower_from_derivatives","PSD_REGION_ABSOLUTE","EO_photo_train__EC_test","AD_FTD_vs_CN","switchBox","kTSP_CV_nondisjoint",0.784090909090909,0.803915838690824,0.822429906542056,0.72463768115942,0.773533793850738,0.573796269229529
"tier2_cross_condition","cross_condition_transfer","EO_photo_train__EC_test","P0_derivative_amplitude_deciles","REGION_AGGREGATES_ALL","EO_photo_train__EC_test","AD_FTD_vs_CN","switchBox","kTSP_CV_disjoint",0.829545454545455,0.820280537697253,0.869565217391304,0.754098360655738,0.811831789023521,0.625916711030735
"tier4_pooled","pooled_condition","POOLED_EC_EO_subject_grouped","P0_derivative_amplitude_deciles","DERIVED_DECILES_ALL","POOLED_EC_EO_subject_grouped","AD_FTD_vs_CN","switchBox","kTSP_k9_disjoint",0.791649789301686,0.751339160839161,0.847255580542957,0.663192472016997,0.755224026279977,0.525857466137447
"tier4_pooled","pooled_condition","POOLED_EC_EO_subject_grouped","P1_psd_bandpower_from_derivatives","PSD_REGION_ABSOLUTE","POOLED_EC_EO_subject_grouped","AD_FTD_vs_CN","switchBox","kTSP_k5_disjoint",0.761909292225662,0.806048368298368,0.789454914252116,0.723195579839615,0.756325247045866,0.580054028614417
"tier4_pooled","pooled_condition","POOLED_EC_EO_subject_grouped","P0_derivative_amplitude_deciles","REGION_AGGREGATES_ALL","POOLED_EC_EO_subject_grouped","AD_FTD_vs_CN","switchBox","kTSP_k9_disjoint",0.7968669375645,0.747273018648019,0.854462853485442,0.655760494174715,0.755111673830079,0.529632474056325
"tier1_main","single_condition","single_condition","P0_derivative_amplitude_deciles","DERIVED_DECILES_ALL","ds004504__EC","AD_vs_CN","switchBox","kTSP_k9_disjoint",0.74231684981685,0.741267857142857,0.755448724735876,0.710878649128649,0.733163686932263,0.501591021418028
"tier1_main","single_condition","single_condition","P1_psd_bandpower_from_derivatives","PSD_ABSOLUTE_CHANNEL_BAND","ds004504__EC","AD_vs_CN","switchBox","kTSP_k9_disjoint",0.80231684981685,0.809517857142857,0.798204326719033,0.800295364765953,0.799249845742493,0.629033474369374
"smoke","single_condition","single_condition","P1_psd_bandpower_from_derivatives","PSD_REGION_ABSOLUTE","ds004504__EC","AD_vs_CN","switchBox","kTSP_CV_nondisjoint",0.928571428571428,0.9375,0.928571428571428,0.928571428571428,0.928571428571428,0.875
"tier1_main","single_condition","single_condition","P1_psd_bandpower_from_derivatives","PSD_REGION_ABSOLUTE","ds004504__EC","AD_vs_CN","switchBox","kTSP_k5_disjoint",0.796437728937729,0.810940476190476,0.774208596958597,0.810409654758726,0.792309125858661,0.640884583998936
"tier1_main","single_condition","single_condition","P0_derivative_amplitude_deciles","RAW_DECILES","ds004504__EC","AD_vs_CN","switchBox","kTSP_k9_disjoint",0.713974358974359,0.702708333333333,0.746402406245286,0.636383138103726,0.691392772174506,0.452838636334854
"smoke","single_condition","single_condition","P0_derivative_amplitude_deciles","REGION_AGGREGATES_ALL","ds004504__EC","AD_vs_CN","switchBox","kTSP_CV_nondisjoint",0.813186813186813,0.813988095238095,0.822115384615385,0.801282051282051,0.811698717948718,0.62797619047619
"tier1_main","single_condition","single_condition","P0_derivative_amplitude_deciles","REGION_AGGREGATES_ALL","ds004504__EC","AD_vs_CN","switchBox","kTSP_k5_nondisjoint",0.743525641025641,0.741363095238095,0.762977537168714,0.706636030636031,0.734806783902372,0.498826754694397
"tier1_main","single_condition","single_condition","P0_derivative_amplitude_deciles","DERIVED_DECILES_ALL","ds006036__EO_or_photomark","AD_vs_CN","switchBox","kTSP_k9_disjoint",0.762903762903763,0.74788961038961,0.803958738408499,0.679891601103722,0.741925169756111,0.547116419620059
"tier1_main","single_condition","single_condition","P1_psd_bandpower_from_derivatives","PSD_ABSOLUTE_CHANNEL_BAND","ds006036__EO_or_photomark","AD_vs_CN","switchBox","kTSP_k9_disjoint",0.775384615384615,0.778071428571429,0.786355978988332,0.753560495060495,0.769958237024413,0.56972226382529
"smoke","single_condition","single_condition","P1_psd_bandpower_from_derivatives","PSD_REGION_ABSOLUTE","ds006036__EO_or_photomark","AD_vs_CN","switchBox","kTSP_CV_nondisjoint",0.78021978021978,0.78125,0.794642857142857,0.757142857142857,0.775892857142857,0.589207816578215
"tier1_main","single_condition","single_condition","P1_psd_bandpower_from_derivatives","PSD_REGION_ABSOLUTE","ds006036__EO_or_photomark","AD_vs_CN","switchBox","kTSP_k9_disjoint",0.818681318681319,0.829422619047619,0.807592019092019,0.823154187315952,0.815373103203985,0.67248936704632
"tier1_main","single_condition","single_condition","P0_derivative_amplitude_deciles","RAW_DECILES","ds006036__EO_or_photomark","AD_vs_CN","switchBox","kTSP_k9_disjoint",0.711677211677212,0.699013949013949,0.745273671976458,0.627545602545603,0.68640963726103,0.457644388983307
"smoke","single_condition","single_condition","P0_derivative_amplitude_deciles","REGION_AGGREGATES_ALL","ds006036__EO_or_photomark","AD_vs_CN","switchBox","kTSP_CV_disjoint",0.851648351648352,0.833333333333333,0.881944444444444,0.8,0.840972222222222,0.725189521581659
"tier1_main","single_condition","single_condition","P0_derivative_amplitude_deciles","REGION_AGGREGATES_ALL","ds006036__EO_or_photomark","AD_vs_CN","switchBox","kTSP_k9_disjoint",0.781126373626373,0.761815476190476,0.825314288738437,0.68710150960151,0.756207899169973,0.587803364779136
"tier2_cross_condition","cross_condition_transfer","EC_train__EO_photo_test","P0_derivative_amplitude_deciles","DERIVED_DECILES_ALL","EC_train__EO_photo_test","AD_vs_CN","switchBox","kTSP_CV_disjoint",0.8,0.792624521072797,0.826666666666667,0.763636363636364,0.795151515151515,0.593843467470141
"tier2_cross_condition","cross_condition_transfer","EC_train__EO_photo_test","P1_psd_bandpower_from_derivatives","PSD_REGION_ABSOLUTE","EC_train__EO_photo_test","AD_vs_CN","switchBox","kTSP_k5_disjoint",0.830769230769231,0.837164750957854,0.835820895522388,0.825396825396825,0.830608860459607,0.671122971611979
"tier2_cross_condition","cross_condition_transfer","EC_train__EO_photo_test","P0_derivative_amplitude_deciles","REGION_AGGREGATES_ALL","EC_train__EO_photo_test","AD_vs_CN","switchBox","kTSP_CV_disjoint",0.815384615384615,0.809865900383142,0.837837837837838,0.785714285714286,0.811776061776062,0.625144408342938
"tier2_cross_condition","cross_condition_transfer","EO_photo_train__EC_test","P0_derivative_amplitude_deciles","DERIVED_DECILES_ALL","EO_photo_train__EC_test","AD_vs_CN","switchBox","kTSP_CV_disjoint",0.815384615384615,0.799808429118774,0.85,0.76,0.805,0.637364834373533
"tier2_cross_condition","cross_condition_transfer","EO_photo_train__EC_test","P1_psd_bandpower_from_derivatives","PSD_REGION_ABSOLUTE","EO_photo_train__EC_test","AD_vs_CN","switchBox","kTSP_CV_nondisjoint",0.8,0.806034482758621,0.805970149253731,0.793650793650794,0.799810471452262,0.609158492698941
"tier2_cross_condition","cross_condition_transfer","EO_photo_train__EC_test","P0_derivative_amplitude_deciles","REGION_AGGREGATES_ALL","EO_photo_train__EC_test","AD_vs_CN","switchBox","kTSP_k3_nondisjoint",0.8,0.782567049808429,0.839506172839506,0.73469387755102,0.787100025195263,0.60866805291367
"tier4_pooled","pooled_condition","POOLED_EC_EO_subject_grouped","P0_derivative_amplitude_deciles","DERIVED_DECILES_ALL","POOLED_EC_EO_subject_grouped","AD_vs_CN","switchBox","kTSP_k9_disjoint",0.771227106227106,0.759431547619048,0.806652276944326,0.710525975626307,0.758589126285317,0.549720137759516
"tier4_pooled","pooled_condition","POOLED_EC_EO_subject_grouped","P1_psd_bandpower_from_derivatives","PSD_REGION_ABSOLUTE","POOLED_EC_EO_subject_grouped","AD_vs_CN","switchBox","kTSP_k5_disjoint",0.819716117216117,0.830238095238095,0.814675078274216,0.822444279873851,0.818559679074034,0.666780326221478
"tier4_pooled","pooled_condition","POOLED_EC_EO_subject_grouped","P0_derivative_amplitude_deciles","REGION_AGGREGATES_ALL","POOLED_EC_EO_subject_grouped","AD_vs_CN","switchBox","kTSP_k9_disjoint",0.788186813186813,0.770943452380952,0.830705255298348,0.711398690683541,0.771051972990944,0.589959956001317
"tier1_main","single_condition","single_condition","P0_derivative_amplitude_deciles","DERIVED_DECILES_ALL","ds004504__EC","AD_vs_FTD","switchBox","kTSP_CV_nondisjoint",0.575343041837887,0.592470544918999,0.580457794344999,0.545950870435406,0.563204332390203,0.189541533935888
"tier1_main","single_condition","single_condition","P1_psd_bandpower_from_derivatives","PSD_ABSOLUTE_CHANNEL_BAND","ds004504__EC","AD_vs_FTD","switchBox","kTSP_CV_disjoint",0.55371965432941,0.54087543554007,0.607052373570534,0.445709439611879,0.526380906591206,0.0915426174053799
"tier1_main","single_condition","single_condition","P1_psd_bandpower_from_derivatives","PSD_REGION_ABSOLUTE","ds004504__EC","AD_vs_FTD","switchBox","kTSP_k9_disjoint",0.509324009324009,0.486522911051213,0.567610167610168,0.363463580444712,0.46553687402744,-0.0035869555475102
"tier1_main","single_condition","single_condition","P0_derivative_amplitude_deciles","RAW_DECILES","ds004504__EC","AD_vs_FTD","switchBox","kTSP_k9_disjoint",0.552478883124044,0.560848694316436,0.571050867398116,0.49522422022422,0.533137543811168,0.131853128888588
"tier1_main","single_condition","single_condition","P0_derivative_amplitude_deciles","REGION_AGGREGATES_ALL","ds004504__EC","AD_vs_FTD","switchBox","kTSP_k9_disjoint",0.485468832243026,0.50397465437788,0.488611232396811,0.458582456969554,0.473596844683182,0.0117962223511713
"tier1_main","single_condition","single_condition","P0_derivative_amplitude_deciles","DERIVED_DECILES_ALL","ds006036__EO_or_photomark","AD_vs_FTD","switchBox","kTSP_k9_disjoint",0.577456753772543,0.568364661654135,0.625361408728689,0.483400809716599,0.554381109222644,0.144852334383903
"tier1_main","single_condition","single_condition","P1_psd_bandpower_from_derivatives","PSD_ABSOLUTE_CHANNEL_BAND","ds006036__EO_or_photomark","AD_vs_FTD","switchBox","kTSP_k9_disjoint",0.606485671191553,0.580756302521008,0.673566234146274,0.464804672451731,0.569185453299003,0.186481744248043
"tier1_main","single_condition","single_condition","P1_psd_bandpower_from_derivatives","PSD_REGION_ABSOLUTE","ds006036__EO_or_photomark","AD_vs_FTD","switchBox","kTSP_k3_nondisjoint",0.600578908271216,0.582554945054945,0.664038600727608,0.481920765437249,0.572979683082429,0.174093621367052
"tier1_main","single_condition","single_condition","P0_derivative_amplitude_deciles","RAW_DECILES","ds006036__EO_or_photomark","AD_vs_FTD","switchBox","kTSP_k9_nondisjoint",0.637398315969744,0.639413265306123,0.667355358989907,0.575639213394315,0.621497286192112,0.286875206607943
"tier1_main","single_condition","single_condition","P0_derivative_amplitude_deciles","REGION_AGGREGATES_ALL","ds006036__EO_or_photomark","AD_vs_FTD","switchBox","kTSP_k9_disjoint",0.5508604870307,0.549867021276596,0.587388857766303,0.474873825937656,0.531131341851979,0.104711938411378
"tier2_cross_condition","cross_condition_transfer","EC_train__EO_photo_test","P0_derivative_amplitude_deciles","DERIVED_DECILES_ALL","EC_train__EO_photo_test","AD_vs_FTD","switchBox","kTSP_k3_nondisjoint",0.644067796610169,0.645531400966184,0.686567164179104,0.588235294117647,0.637401229148376,0.284277188482228
"tier2_cross_condition","cross_condition_transfer","EC_train__EO_photo_test","P1_psd_bandpower_from_derivatives","PSD_REGION_ABSOLUTE","EC_train__EO_photo_test","AD_vs_FTD","switchBox","kTSP_CV_nondisjoint",0.644067796610169,0.559178743961353,0.764044943820225,0.275862068965517,0.519953506392871,0.190984159312376
"tier2_cross_condition","cross_condition_transfer","EC_train__EO_photo_test","P0_derivative_amplitude_deciles","REGION_AGGREGATES_ALL","EC_train__EO_photo_test","AD_vs_FTD","switchBox","kTSP_k3_disjoint",0.627118644067797,0.655193236714976,0.633333333333333,0.620689655172414,0.627011494252874,0.308161452101503
"tier2_cross_condition","cross_condition_transfer","EO_photo_train__EC_test","P0_derivative_amplitude_deciles","DERIVED_DECILES_ALL","EO_photo_train__EC_test","AD_vs_FTD","switchBox","kTSP_k9_disjoint",0.711864406779661,0.638285024154589,0.804597701149425,0.451612903225806,0.628105302187616,0.393994566321899
"tier2_cross_condition","cross_condition_transfer","EO_photo_train__EC_test","P1_psd_bandpower_from_derivatives","PSD_REGION_ABSOLUTE","EO_photo_train__EC_test","AD_vs_FTD","switchBox","kTSP_k3_disjoint",0.644067796610169,0.621980676328502,0.712328767123288,0.533333333333333,0.62283105022831,0.246050356496556
"tier2_cross_condition","cross_condition_transfer","EO_photo_train__EC_test","P0_derivative_amplitude_deciles","REGION_AGGREGATES_ALL","EO_photo_train__EC_test","AD_vs_FTD","switchBox","kTSP_CV_nondisjoint",0.576271186440678,0.527173913043478,0.683544303797468,0.358974358974359,0.521259331385914,0.0596215313202087
"tier4_pooled","pooled_condition","POOLED_EC_EO_subject_grouped","P0_derivative_amplitude_deciles","DERIVED_DECILES_ALL","POOLED_EC_EO_subject_grouped","AD_vs_FTD","switchBox","kTSP_k9_disjoint",0.652135780885781,0.622258928571429,0.717600494383931,0.512323413940671,0.614961954162301,0.266866346438322
"tier4_pooled","pooled_condition","POOLED_EC_EO_subject_grouped","P1_psd_bandpower_from_derivatives","PSD_REGION_ABSOLUTE","POOLED_EC_EO_subject_grouped","AD_vs_FTD","switchBox","kTSP_k9_nondisjoint",0.58494373010502,0.531365207373272,0.692096167244644,0.331247560544475,0.511671863894559,0.0709005412767659
"tier4_pooled","pooled_condition","POOLED_EC_EO_subject_grouped","P0_derivative_amplitude_deciles","REGION_AGGREGATES_ALL","POOLED_EC_EO_subject_grouped","AD_vs_FTD","switchBox","kTSP_k5_nondisjoint",0.57126504447933,0.579610058309038,0.600514836748857,0.516997722181106,0.558756279464981,0.161689750967632
"tier1_main","single_condition","single_condition","P0_derivative_amplitude_deciles","DERIVED_DECILES_ALL","ds004504__EC","CN_vs_FTD","switchBox","kTSP_k9_disjoint",0.686167800453515,0.695578231292517,0.674722669620629,0.676164425144017,0.675443547382323,0.410766655069052
"tier1_main","single_condition","single_condition","P1_psd_bandpower_from_derivatives","PSD_ABSOLUTE_CHANNEL_BAND","ds004504__EC","CN_vs_FTD","switchBox","kTSP_k9_disjoint",0.78694234006734,0.76953125,0.707205236892737,0.826987884800385,0.767096560846561,0.588967090322943
"tier1_main","single_condition","single_condition","P1_psd_bandpower_from_derivatives","PSD_REGION_ABSOLUTE","ds004504__EC","CN_vs_FTD","switchBox","kTSP_k5_nondisjoint",0.787212121212121,0.77775,0.734503607503608,0.817388389388389,0.775945998445998,0.581904873011578
"tier1_main","single_condition","single_condition","P0_derivative_amplitude_deciles","RAW_DECILES","ds004504__EC","CN_vs_FTD","switchBox","kTSP_k9_disjoint",0.67320202020202,0.674,0.626919635919636,0.68331240981241,0.655116022866023,0.373914707537005
"tier1_main","single_condition","single_condition","P0_derivative_amplitude_deciles","REGION_AGGREGATES_ALL","ds004504__EC","CN_vs_FTD","switchBox","kTSP_CV_disjoint",0.769181818181818,0.769833333333333,0.744198967698968,0.777572705072705,0.760885836385836,0.556930051899034
"tier1_main","single_condition","single_condition","P0_derivative_amplitude_deciles","DERIVED_DECILES_ALL","ds006036__EO_or_photomark","CN_vs_FTD","switchBox","kTSP_k9_disjoint",0.680808080808081,0.675673400673401,0.630489992611205,0.702677737526222,0.666583865068713,0.375760050594907
"tier1_main","single_condition","single_condition","P1_psd_bandpower_from_derivatives","PSD_ABSOLUTE_CHANNEL_BAND","ds006036__EO_or_photomark","CN_vs_FTD","switchBox","kTSP_k3_disjoint",0.814767676767677,0.818333333333333,0.803390775890776,0.815352203352203,0.80937148962149,0.655529521246105
"tier1_main","single_condition","single_condition","P1_psd_bandpower_from_derivatives","PSD_REGION_ABSOLUTE","ds006036__EO_or_photomark","CN_vs_FTD","switchBox","kTSP_k9_nondisjoint",0.794171717171717,0.794166666666667,0.772558497058497,0.803840659340659,0.788199578199578,0.605276302370458
"tier1_main","single_condition","single_condition","P0_derivative_amplitude_deciles","RAW_DECILES","ds006036__EO_or_photomark","CN_vs_FTD","switchBox","kTSP_k5_disjoint",0.673206815631058,0.672053872053872,0.630935506693082,0.689741963984388,0.660338735338735,0.364876869138952
"tier1_main","single_condition","single_condition","P0_derivative_amplitude_deciles","REGION_AGGREGATES_ALL","ds006036__EO_or_photomark","CN_vs_FTD","switchBox","TSP_k1",0.747740026527905,0.756144781144781,0.737426266214145,0.741109563836837,0.739267915025491,0.530063471275608
"tier2_cross_condition","cross_condition_transfer","EC_train__EO_photo_test","P0_derivative_amplitude_deciles","DERIVED_DECILES_ALL","EC_train__EO_photo_test","CN_vs_FTD","switchBox","kTSP_CV_disjoint",0.807692307692308,0.818590704647676,0.807692307692308,0.807692307692308,0.807692307692308,0.637181409295352
"tier2_cross_condition","cross_condition_transfer","EC_train__EO_photo_test","P1_psd_bandpower_from_derivatives","PSD_REGION_ABSOLUTE","EC_train__EO_photo_test","CN_vs_FTD","switchBox","kTSP_k9_nondisjoint",0.807692307692308,0.809595202398801,0.791666666666667,0.821428571428572,0.806547619047619,0.615510191486957
"tier2_cross_condition","cross_condition_transfer","EC_train__EO_photo_test","P0_derivative_amplitude_deciles","REGION_AGGREGATES_ALL","EC_train__EO_photo_test","CN_vs_FTD","switchBox","kTSP_CV_nondisjoint",0.769230769230769,0.770614692653673,0.75,0.785714285714286,0.767857142857143,0.538012540258575
"tier2_cross_condition","cross_condition_transfer","EO_photo_train__EC_test","P0_derivative_amplitude_deciles","DERIVED_DECILES_ALL","EO_photo_train__EC_test","CN_vs_FTD","switchBox","kTSP_k3_disjoint",0.826923076923077,0.831334332833583,0.816326530612245,0.836363636363636,0.826345083487941,0.658242628763011
"tier2_cross_condition","cross_condition_transfer","EO_photo_train__EC_test","P1_psd_bandpower_from_derivatives","PSD_REGION_ABSOLUTE","EO_photo_train__EC_test","CN_vs_FTD","switchBox","kTSP_CV_nondisjoint",0.788461538461538,0.778860569715142,0.744186046511628,0.819672131147541,0.781929088829584,0.569364041974775
"tier2_cross_condition","cross_condition_transfer","EO_photo_train__EC_test","P0_derivative_amplitude_deciles","REGION_AGGREGATES_ALL","EO_photo_train__EC_test","CN_vs_FTD","switchBox","kTSP_CV_disjoint",0.807692307692308,0.796101949025487,0.761904761904762,0.838709677419355,0.800307219662058,0.610801940676245
"tier4_pooled","pooled_condition","POOLED_EC_EO_subject_grouped","P0_derivative_amplitude_deciles","DERIVED_DECILES_ALL","POOLED_EC_EO_subject_grouped","CN_vs_FTD","switchBox","kTSP_k9_disjoint",0.745126262626263,0.752833333333333,0.739236331483087,0.745185116295589,0.742210723889338,0.513164864240277
"tier4_pooled","pooled_condition","POOLED_EC_EO_subject_grouped","P1_psd_bandpower_from_derivatives","PSD_REGION_ABSOLUTE","POOLED_EC_EO_subject_grouped","CN_vs_FTD","switchBox","kTSP_k9_nondisjoint",0.795015151515152,0.791916666666667,0.76884045358554,0.812621134995384,0.790730794290462,0.593715338485572
"tier4_pooled","pooled_condition","POOLED_EC_EO_subject_grouped","P0_derivative_amplitude_deciles","REGION_AGGREGATES_ALL","POOLED_EC_EO_subject_grouped","CN_vs_FTD","switchBox","kTSP_k5_disjoint",0.77120202020202,0.779291666666667,0.767388418276956,0.76990029872014,0.768644358498548,0.566693845233165
