tier,scenario_family,scenario_name,layer,world,condition,task,model,feature,n_jobs_selected
tier1_main,single_condition,single_condition,P1_psd_bandpower_from_derivatives,PSD_REGION_ABSOLUTE,ds006036__EO_or_photomark,AD_vs_CN,kTSP_k9_disjoint,occipital_alpha_psd_abs,100
tier1_main,single_condition,single_condition,P1_psd_bandpower_from_derivatives,PSD_REGION_ABSOLUTE,ds004504__EC,AD_vs_CN,kTSP_k5_disjoint,occipital_beta_psd_abs,100
tier1_main,single_condition,single_condition,P1_psd_bandpower_from_derivatives,PSD_REGION_ABSOLUTE,ds004504__EC,AD_vs_CN,kTSP_k5_disjoint,frontal_beta_psd_abs,100
tier1_main,single_condition,single_condition,P1_psd_bandpower_from_derivatives,PSD_ABSOLUTE_CHANNEL_BAND,ds006036__EO_or_photomark,AD_FTD_vs_CN,kTSP_k9_disjoint,O2_alpha_psd_abs,100
tier4_pooled,pooled_condition,POOLED_EC_EO_subject_grouped,P1_psd_bandpower_from_derivatives,PSD_REGION_ABSOLUTE,POOLED_EC_EO_subject_grouped,AD_FTD_vs_CN,kTSP_k5_disjoint,occipital_alpha_psd_abs,100
tier1_main,single_condition,single_condition,P1_psd_bandpower_from_derivatives,PSD_REGION_ABSOLUTE,ds004504__EC,AD_vs_CN,kTSP_k5_disjoint,occipital_alpha_psd_abs,100
tier4_pooled,pooled_condition,POOLED_EC_EO_subject_grouped,P1_psd_bandpower_from_derivatives,PSD_REGION_ABSOLUTE,POOLED_EC_EO_subject_grouped,AD_vs_CN,kTSP_k5_disjoint,occipital_alpha_psd_abs,100
tier1_main,single_condition,single_condition,P1_psd_bandpower_from_derivatives,PSD_REGION_ABSOLUTE,ds004504__EC,CN_vs_FTD,kTSP_k5_nondisjoint,occipital_alpha_psd_abs,100
tier1_main,single_condition,single_condition,P1_psd_bandpower_from_derivatives,PSD_REGION_ABSOLUTE,ds006036__EO_or_photomark,AD_FTD_vs_CN,kTSP_k9_disjoint,occipital_alpha_psd_abs,100
tier1_main,single_condition,single_condition,P1_psd_bandpower_from_derivatives,PSD_REGION_ABSOLUTE,ds004504__EC,AD_FTD_vs_CN,kTSP_k9_nondisjoint,frontal_theta_psd_abs,100
tier1_main,single_condition,single_condition,P1_psd_bandpower_from_derivatives,PSD_REGION_ABSOLUTE,ds004504__EC,AD_FTD_vs_CN,kTSP_k9_nondisjoint,occipital_alpha_psd_abs,100
tier1_main,single_condition,single_condition,P1_psd_bandpower_from_derivatives,PSD_REGION_ABSOLUTE,ds006036__EO_or_photomark,CN_vs_FTD,kTSP_k9_nondisjoint,occipital_alpha_psd_abs,100
tier4_pooled,pooled_condition,POOLED_EC_EO_subject_grouped,P1_psd_bandpower_from_derivatives,PSD_REGION_ABSOLUTE,POOLED_EC_EO_subject_grouped,CN_vs_FTD,kTSP_k9_nondisjoint,occipital_alpha_psd_abs,100
tier4_pooled,pooled_condition,POOLED_EC_EO_subject_grouped,P1_psd_bandpower_from_derivatives,PSD_REGION_ABSOLUTE,POOLED_EC_EO_subject_grouped,AD_FTD_vs_CN,kTSP_k5_disjoint,occipital_beta_psd_abs,100
tier1_main,single_condition,single_condition,P1_psd_bandpower_from_derivatives,PSD_REGION_ABSOLUTE,ds004504__EC,CN_vs_FTD,kTSP_k5_nondisjoint,frontal_theta_psd_abs,100
tier1_main,single_condition,single_condition,P1_psd_bandpower_from_derivatives,PSD_ABSOLUTE_CHANNEL_BAND,ds004504__EC,AD_vs_CN,kTSP_k9_disjoint,P3_alpha_psd_abs,99
tier4_pooled,pooled_condition,POOLED_EC_EO_subject_grouped,P1_psd_bandpower_from_derivatives,PSD_REGION_ABSOLUTE,POOLED_EC_EO_subject_grouped,AD_vs_CN,kTSP_k5_disjoint,occipital_beta_psd_abs,99
tier1_main,single_condition,single_condition,P0_derivative_amplitude_deciles,REGION_AGGREGATES_ALL,ds004504__EC,CN_vs_FTD,kTSP_CV_disjoint,occipital_beta_D70,98
tier1_main,single_condition,single_condition,P1_psd_bandpower_from_derivatives,PSD_ABSOLUTE_CHANNEL_BAND,ds006036__EO_or_photomark,AD_vs_CN,kTSP_k9_disjoint,O2_alpha_psd_abs,98
tier4_pooled,pooled_condition,POOLED_EC_EO_subject_grouped,P1_psd_bandpower_from_derivatives,PSD_REGION_ABSOLUTE,POOLED_EC_EO_subject_grouped,CN_vs_FTD,kTSP_k9_nondisjoint,central_theta_psd_abs,98
tier4_pooled,pooled_condition,POOLED_EC_EO_subject_grouped,P0_derivative_amplitude_deciles,REGION_AGGREGATES_ALL,POOLED_EC_EO_subject_grouped,CN_vs_FTD,kTSP_k5_disjoint,central_gamma_lower_tail,97
tier4_pooled,pooled_condition,POOLED_EC_EO_subject_grouped,P0_derivative_amplitude_deciles,REGION_AGGREGATES_ALL,POOLED_EC_EO_subject_grouped,CN_vs_FTD,kTSP_k5_disjoint,occipital_beta_D70,97
tier4_pooled,pooled_condition,POOLED_EC_EO_subject_grouped,P1_psd_bandpower_from_derivatives,PSD_REGION_ABSOLUTE,POOLED_EC_EO_subject_grouped,AD_vs_FTD,kTSP_k9_nondisjoint,frontal_alpha_psd_abs,96
tier1_main,single_condition,single_condition,P1_psd_bandpower_from_derivatives,PSD_REGION_ABSOLUTE,ds006036__EO_or_photomark,AD_FTD_vs_CN,kTSP_k9_disjoint,occipital_beta_psd_abs,96
tier1_main,single_condition,single_condition,P1_psd_bandpower_from_derivatives,PSD_REGION_ABSOLUTE,ds006036__EO_or_photomark,CN_vs_FTD,kTSP_k9_nondisjoint,central_theta_psd_abs,96
tier4_pooled,pooled_condition,POOLED_EC_EO_subject_grouped,P1_psd_bandpower_from_derivatives,PSD_REGION_ABSOLUTE,POOLED_EC_EO_subject_grouped,AD_vs_CN,kTSP_k5_disjoint,parietal_alpha_psd_abs,95
tier4_pooled,pooled_condition,POOLED_EC_EO_subject_grouped,P1_psd_bandpower_from_derivatives,PSD_REGION_ABSOLUTE,POOLED_EC_EO_subject_grouped,AD_vs_CN,kTSP_k5_disjoint,frontal_alpha_psd_abs,95
tier1_main,single_condition,single_condition,P1_psd_bandpower_from_derivatives,PSD_ABSOLUTE_CHANNEL_BAND,ds004504__EC,CN_vs_FTD,kTSP_k9_disjoint,O1_alpha_psd_abs,95
tier1_main,single_condition,single_condition,P0_derivative_amplitude_deciles,REGION_AGGREGATES_ALL,ds004504__EC,CN_vs_FTD,kTSP_CV_disjoint,central_gamma_lower_tail,94
tier1_main,single_condition,single_condition,P1_psd_bandpower_from_derivatives,PSD_ABSOLUTE_CHANNEL_BAND,ds004504__EC,AD_FTD_vs_CN,kTSP_k9_disjoint,O1_alpha_psd_abs,94
tier1_main,single_condition,single_condition,P1_psd_bandpower_from_derivatives,PSD_REGION_ABSOLUTE,ds006036__EO_or_photomark,CN_vs_FTD,kTSP_k9_nondisjoint,frontal_theta_psd_abs,94
tier1_main,single_condition,single_condition,P1_psd_bandpower_from_derivatives,PSD_REGION_ABSOLUTE,ds006036__EO_or_photomark,AD_vs_FTD,kTSP_k3_nondisjoint,frontal_alpha_psd_abs,94
tier1_main,single_condition,single_condition,P1_psd_bandpower_from_derivatives,PSD_ABSOLUTE_CHANNEL_BAND,ds006036__EO_or_photomark,CN_vs_FTD,kTSP_k3_disjoint,O2_alpha_psd_abs,93
tier1_main,single_condition,single_condition,P1_psd_bandpower_from_derivatives,PSD_ABSOLUTE_CHANNEL_BAND,ds006036__EO_or_photomark,AD_vs_CN,kTSP_k9_disjoint,P3_alpha_psd_abs,93
tier4_pooled,pooled_condition,POOLED_EC_EO_subject_grouped,P0_derivative_amplitude_deciles,DERIVED_DECILES_ALL,POOLED_EC_EO_subject_grouped,AD_FTD_vs_CN,kTSP_k9_disjoint,O2_alpha_upper_tail,93
tier4_pooled,pooled_condition,POOLED_EC_EO_subject_grouped,P1_psd_bandpower_from_derivatives,PSD_REGION_ABSOLUTE,POOLED_EC_EO_subject_grouped,CN_vs_FTD,kTSP_k9_nondisjoint,parietal_theta_psd_abs,93
tier1_main,single_condition,single_condition,P1_psd_bandpower_from_derivatives,PSD_ABSOLUTE_CHANNEL_BAND,ds006036__EO_or_photomark,CN_vs_FTD,kTSP_k3_disjoint,Fp1_theta_psd_abs,93
tier1_main,single_condition,single_condition,P1_psd_bandpower_from_derivatives,PSD_REGION_ABSOLUTE,ds006036__EO_or_photomark,AD_vs_CN,kTSP_k9_disjoint,occipital_theta_psd_abs,93
tier4_pooled,pooled_condition,POOLED_EC_EO_subject_grouped,P0_derivative_amplitude_deciles,REGION_AGGREGATES_ALL,POOLED_EC_EO_subject_grouped,CN_vs_FTD,kTSP_k5_disjoint,temporal_gamma_spread_90_10,92
tier4_pooled,pooled_condition,POOLED_EC_EO_subject_grouped,P0_derivative_amplitude_deciles,REGION_AGGREGATES_ALL,POOLED_EC_EO_subject_grouped,AD_vs_CN,kTSP_k9_disjoint,frontal_theta_D90,92
