tier,scenario_family,scenario_name,condition,task,world_ktsp,model_ktsp,mcc_ktsp,balanced_accuracy_ktsp,macro_f1_ktsp,world_classic,model_classic,mcc_classic,balanced_accuracy_classic,macro_f1_classic,delta_mcc,delta_balanced_accuracy,delta_macro_f1
smoke,single_condition,single_condition,ds004504__EC,AD_vs_CN,PSD_REGION_ABSOLUTE,kTSP_CV_nondisjoint,0.875,0.9375,0.928571428571428,PSD_REGION_ABSOLUTE,xgboost_default,0.65612294858165,0.822916666666667,0.817748917748917,0.21887705141835,0.11458333333333304,0.11082251082251104
smoke,single_condition,single_condition,ds006036__EO_or_photomark,AD_vs_CN,REGION_AGGREGATES_ALL,kTSP_CV_disjoint,0.725189521581659,0.833333333333333,0.840972222222222,REGION_AGGREGATES_ALL,ranger_rf,0.728467626492747,0.833333333333333,0.837799043062201,-0.0032781049110880423,0.0,0.0031731791600210224
tier1_main,single_condition,single_condition,ds004504__EC,AD_FTD_vs_CN,PSD_REGION_ABSOLUTE,kTSP_k9_nondisjoint,0.575637602042333,0.799780303030303,0.769839574381811,PSD_ABSOLUTE_CHANNEL_BAND,sda_shrinklda,0.588675354384519,0.771365166819712,0.77981459504077,-0.01303775234218596,0.028415136210590997,-0.009975020658958944
tier1_main,single_condition,single_condition,ds004504__EC,AD_vs_CN,PSD_REGION_ABSOLUTE,kTSP_k5_disjoint,0.640884583998936,0.810940476190476,0.792309125858661,PSD_ABSOLUTE_CHANNEL_BAND,ranger_rf,0.648383493215519,0.81575,0.810428928914223,-0.007498909216583027,-0.00480952380952393,-0.018119803055562045
tier1_main,single_condition,single_condition,ds004504__EC,AD_vs_FTD,DERIVED_DECILES_ALL,kTSP_CV_nondisjoint,0.189541533935888,0.592470544918999,0.563204332390203,DERIVED_DECILES_ALL,xgboost_default,0.315595162397024,0.650607142857143,0.640604931832873,-0.12605362846113602,-0.058136597938144075,-0.07740059944267008
tier1_main,single_condition,single_condition,ds004504__EC,CN_vs_FTD,PSD_ABSOLUTE_CHANNEL_BAND,kTSP_k9_disjoint,0.588967090322943,0.76953125,0.767096560846561,PSD_REGION_ABSOLUTE,sda_shrinklda,0.511504045707068,0.747643097643098,0.729060025272147,0.07746304461587505,0.021888152356902002,0.038036535574414
tier1_main,single_condition,single_condition,ds006036__EO_or_photomark,AD_FTD_vs_CN,PSD_REGION_ABSOLUTE,kTSP_k9_disjoint,0.56324926752984,0.792522727272727,0.746333733727872,PSD_ABSOLUTE_CHANNEL_BAND,sda_shrinklda,0.503088382068222,0.730666666666667,0.734573107371833,0.06016088546161791,0.06185606060605997,0.011760626356039028
tier1_main,single_condition,single_condition,ds006036__EO_or_photomark,AD_vs_CN,PSD_REGION_ABSOLUTE,kTSP_k9_disjoint,0.67248936704632,0.829422619047619,0.815373103203985,PSD_REGION_ABSOLUTE,sda_shrinklda,0.604221614851531,0.787755952380952,0.785274565346934,0.06826775219478898,0.041666666666667074,0.030098537857051078
tier1_main,single_condition,single_condition,ds006036__EO_or_photomark,AD_vs_FTD,RAW_DECILES,kTSP_k9_nondisjoint,0.286875206607943,0.639413265306123,0.621497286192112,DERIVED_DECILES_ALL,svm_linear_liblinear,0.447701968213282,0.713401875901876,0.70728350410192,-0.16082676160533899,-0.07398861059575301,-0.085786217909808
tier1_main,single_condition,single_condition,ds006036__EO_or_photomark,CN_vs_FTD,PSD_ABSOLUTE_CHANNEL_BAND,kTSP_k3_disjoint,0.655529521246105,0.818333333333333,0.80937148962149,PSD_REGION_ABSOLUTE,glmnet_ridge,0.65708813004033,0.8185,0.810320152070152,-0.0015586087942249804,-0.00016666666666698138,-0.0009486624486619855
tier2_cross_condition,cross_condition_transfer,EC_train__EO_photo_test,EC_train__EO_photo_test,AD_FTD_vs_CN,DERIVED_DECILES_ALL,kTSP_CV_disjoint,0.600181802445519,0.776446522501461,0.792941176470588,PSD_REGION_ABSOLUTE,glmnet_elasticnet,0.658733573370486,0.819696084161309,0.828099173553719,-0.058551770924966995,-0.04324956165984806,-0.03515799708313094
tier2_cross_condition,cross_condition_transfer,EC_train__EO_photo_test,EC_train__EO_photo_test,AD_vs_CN,PSD_REGION_ABSOLUTE,kTSP_k5_disjoint,0.671122971611979,0.837164750957854,0.830608860459607,DERIVED_DECILES_ALL,ranger_rf,0.824501640789771,0.896551724137931,0.903846153846154,-0.15337866917779197,-0.05938697318007702,-0.07323729338654694
tier2_cross_condition,cross_condition_transfer,EC_train__EO_photo_test,EC_train__EO_photo_test,AD_vs_FTD,REGION_AGGREGATES_ALL,kTSP_k3_disjoint,0.308161452101503,0.655193236714976,0.627011494252874,DERIVED_DECILES_ALL,sda_shrinklda,0.521394625089733,0.766304347826087,0.757058823529412,-0.21323317298823002,-0.11111111111111105,-0.13004732927653806
tier2_cross_condition,cross_condition_transfer,EC_train__EO_photo_test,EC_train__EO_photo_test,CN_vs_FTD,DERIVED_DECILES_ALL,kTSP_CV_disjoint,0.637181409295352,0.818590704647676,0.807692307692308,DERIVED_DECILES_ALL,ranger_rf,0.735682938029248,0.870314842578711,0.864935064935065,-0.09850152873389595,-0.05172413793103492,-0.05724275724275696
tier2_cross_condition,cross_condition_transfer,EO_photo_train__EC_test,EO_photo_train__EC_test,AD_FTD_vs_CN,REGION_AGGREGATES_ALL,kTSP_CV_disjoint,0.625916711030735,0.820280537697253,0.811831789023521,REGION_AGGREGATES_ALL,knn_euclidean,0.705355097354874,0.863237872589129,0.850594227504244,-0.07943838632413902,-0.04295733489187603,-0.038762438480722916
tier2_cross_condition,cross_condition_transfer,EO_photo_train__EC_test,EO_photo_train__EC_test,AD_vs_CN,DERIVED_DECILES_ALL,kTSP_CV_disjoint,0.637364834373533,0.799808429118774,0.805,DERIVED_DECILES_ALL,ranger_rf,0.816024522300929,0.909961685823755,0.907142857142857,-0.17865968792739606,-0.110153256704981,-0.10214285714285698
tier2_cross_condition,cross_condition_transfer,EO_photo_train__EC_test,EO_photo_train__EC_test,AD_vs_FTD,DERIVED_DECILES_ALL,kTSP_k9_disjoint,0.393994566321899,0.638285024154589,0.628105302187616,PSD_REGION_ABSOLUTE,ranger_rf,0.461648936198984,0.728864734299517,0.730593607305936,-0.06765436987708501,-0.09057971014492805,-0.10248830511832008
tier2_cross_condition,cross_condition_transfer,EO_photo_train__EC_test,EO_photo_train__EC_test,CN_vs_FTD,DERIVED_DECILES_ALL,kTSP_k3_disjoint,0.658242628763011,0.831334332833583,0.826345083487941,PSD_REGION_ABSOLUTE,glmnet_elasticnet,0.735682938029248,0.870314842578711,0.864935064935065,-0.07744030926623702,-0.0389805097451279,-0.038589981447124
tier4_pooled,pooled_condition,POOLED_EC_EO_subject_grouped,POOLED_EC_EO_subject_grouped,AD_FTD_vs_CN,PSD_REGION_ABSOLUTE,kTSP_k5_disjoint,0.580054028614417,0.806048368298368,0.756325247045866,PSD_REGION_ABSOLUTE,ranger_rf,0.617809855427086,0.786960372960373,0.79859371281377,-0.03775582681266898,0.01908799533799499,-0.042268465767903995
tier4_pooled,pooled_condition,POOLED_EC_EO_subject_grouped,POOLED_EC_EO_subject_grouped,AD_vs_CN,PSD_REGION_ABSOLUTE,kTSP_k5_disjoint,0.666780326221478,0.830238095238095,0.818559679074034,PSD_REGION_ABSOLUTE,ranger_rf,0.687808961882254,0.839913690476191,0.839024456301787,-0.021028635660776063,-0.009675595238096024,-0.020464777227752973
tier4_pooled,pooled_condition,POOLED_EC_EO_subject_grouped,POOLED_EC_EO_subject_grouped,AD_vs_FTD,DERIVED_DECILES_ALL,kTSP_k9_disjoint,0.266866346438322,0.622258928571429,0.614961954162301,DERIVED_DECILES_ALL,ranger_rf,0.330764654930525,0.653616071428571,0.651896725499292,-0.06389830849220296,-0.031357142857142084,-0.03693477133699097
tier4_pooled,pooled_condition,POOLED_EC_EO_subject_grouped,POOLED_EC_EO_subject_grouped,CN_vs_FTD,PSD_REGION_ABSOLUTE,kTSP_k9_nondisjoint,0.593715338485572,0.791916666666667,0.790730794290462,PSD_REGION_ABSOLUTE,glmnet_elasticnet,0.673224376508471,0.833458333333333,0.828739384201421,-0.07950903802289899,-0.04154166666666592,-0.03800858991095901
