family,condition,task,statistic,observed,null_mean,null_q025,null_q500,null_q950,null_q975,empirical_p_raw,empirical_p_holm,empirical_p_taskwise_maxT,monte_carlo_se_raw,B
six_setting_exact_pair_maxima,ds004504__EC,AD_FTD_vs_CN,max_exact_pair_frequency,1.0,0.8522199999999999,0.59,0.88,1.0,1.0,0.06986027944111776,0.41916167664670656,0.06986027944111776,0.011388601367719733,500
six_setting_exact_pair_maxima,ds004504__EC,AD_vs_CN,max_exact_pair_frequency,1.0,0.8626600000000011,0.61475,0.88,1.0,1.0,0.07584830339321358,0.41916167664670656,0.07584830339321358,0.01182839189499258,500
six_setting_exact_pair_maxima,ds004504__EC,CN_vs_FTD,max_exact_pair_frequency,0.86,0.8500200000000004,0.59,0.87,1.0,1.0,0.5469061876247505,1.0,0.8003992015968064,0.02223983809132537,500
six_setting_exact_pair_maxima,ds006036__EO_or_photomark,AD_FTD_vs_CN,max_exact_pair_frequency,0.85,0.8630399999999996,0.58,0.9,1.0,1.0,0.6487025948103793,1.0,0.8762475049900199,0.021327572433390476,500
six_setting_exact_pair_maxima,ds006036__EO_or_photomark,AD_vs_CN,max_exact_pair_frequency,0.9,0.8569800000000005,0.57,0.89,1.0,1.0,0.47305389221556887,1.0,0.6786427145708582,0.0223058895615547,500
six_setting_exact_pair_maxima,ds006036__EO_or_photomark,CN_vs_FTD,max_exact_pair_frequency,0.85,0.8468400000000001,0.58,0.87,1.0,1.0,0.5848303393213573,1.0,0.810379241516966,0.02201450318223252,500
24_prespecified_setting_motif_tests,ds004504__EC,AD_FTD_vs_CN,slow_gt_fast_mean_within_fit_share,0.32755555555555504,0.09633422222222213,0.0,0.05999999999999999,0.2818222222222217,0.303894444444444,0.01996007984031936,0.3393213572854291,0.16167664670658682,0.006248620614743775,500
24_prespecified_setting_motif_tests,ds004504__EC,AD_FTD_vs_CN,theta_gt_alpha_mean_within_fit_share,0.32755555555555504,0.08800044444444434,0.0,0.051888888888888866,0.27651111111111065,0.28701666666666625,0.015968063872255488,0.2874251497005988,0.15768463073852296,0.005600307378295528,500
24_prespecified_setting_motif_tests,ds004504__EC,AD_FTD_vs_CN,anterior_gt_posterior_mean_within_fit_share,0.8386666666666664,0.3112933333333329,0.06433333333333331,0.29111111111111065,0.589611111111111,0.643461111111111,0.001996007984031936,0.04790419161676646,0.06187624750499002,0.001994014965078577,500
24_prespecified_setting_motif_tests,ds004504__EC,AD_FTD_vs_CN,frontal_theta_gt_occipital_alpha_mean_within_fit_share,0.19333333333333322,0.009739555555555557,0.0,0.0,0.06276666666666655,0.08011111111111094,0.001996007984031936,0.04790419161676646,0.001996007984031936,0.001994014965078577,500
24_prespecified_setting_motif_tests,ds004504__EC,AD_vs_CN,slow_gt_fast_mean_within_fit_share,0.2973333333333329,0.08648755555555535,0.0,0.05055555555555555,0.28255555555555506,0.31926111111111055,0.041916167664670656,0.6287425149700598,0.17365269461077845,0.00895310498810885,500
24_prespecified_setting_motif_tests,ds004504__EC,AD_vs_CN,theta_gt_alpha_mean_within_fit_share,0.2973333333333329,0.0843195555555554,0.0,0.048666666666666664,0.2792777777777771,0.3186777777777773,0.041916167664670656,0.6287425149700598,0.16367265469061876,0.00895310498810885,500
24_prespecified_setting_motif_tests,ds004504__EC,AD_vs_CN,anterior_gt_posterior_mean_within_fit_share,0.8804444444444438,0.33038044444444425,0.07975555555555552,0.3163333333333329,0.6235111111111105,0.6731277777777777,0.001996007984031936,0.04790419161676646,0.06387225548902195,0.001994014965078577,500
24_prespecified_setting_motif_tests,ds004504__EC,AD_vs_CN,frontal_theta_gt_occipital_alpha_mean_within_fit_share,0.1933333333333332,0.010310222222222215,0.0,0.0,0.06586666666666653,0.0947388888888886,0.003992015968063872,0.07984031936127745,0.003992015968063872,0.002817141632788598,500
24_prespecified_setting_motif_tests,ds004504__EC,CN_vs_FTD,slow_gt_fast_mean_within_fit_share,0.0,0.09445555555555538,0.0,0.07133333333333328,0.2724888888888884,0.2991722222222216,1.0,1.0,1.0,0.0,500
24_prespecified_setting_motif_tests,ds004504__EC,CN_vs_FTD,theta_gt_alpha_mean_within_fit_share,0.0,0.08354311111111093,0.0,0.052888888888888874,0.26248888888888844,0.2873499999999993,1.0,1.0,1.0,0.0,500
24_prespecified_setting_motif_tests,ds004504__EC,CN_vs_FTD,anterior_gt_posterior_mean_within_fit_share,0.003333333333333333,0.312242222222222,0.057800000000000004,0.2962222222222219,0.584033333333333,0.6501833333333331,1.0,1.0,1.0,0.0,500
24_prespecified_setting_motif_tests,ds004504__EC,CN_vs_FTD,frontal_theta_gt_occipital_alpha_mean_within_fit_share,0.0,0.005072444444444442,0.0,0.0,0.027111111111111117,0.05003333333333329,1.0,1.0,1.0,0.0,500
24_prespecified_setting_motif_tests,ds006036__EO_or_photomark,AD_FTD_vs_CN,slow_gt_fast_mean_within_fit_share,0.24399999999999955,0.09075155555555549,0.0,0.055999999999999966,0.30606666666666593,0.3694944444444441,0.09181636726546906,0.9181636726546906,0.37924151696606784,0.012901138136027897,500
24_prespecified_setting_motif_tests,ds006036__EO_or_photomark,AD_FTD_vs_CN,theta_gt_alpha_mean_within_fit_share,0.24399999999999955,0.06646444444444444,0.0,0.031777777777777794,0.23801111111111076,0.28693333333333293,0.04590818363273453,0.6287425149700598,0.19161676646706588,0.00935020811708967,500
24_prespecified_setting_motif_tests,ds006036__EO_or_photomark,AD_FTD_vs_CN,anterior_gt_posterior_mean_within_fit_share,0.7688888888888884,0.2984160000000002,0.06633888888888886,0.28055555555555517,0.5596444444444443,0.6281111111111108,0.003992015968063872,0.07984031936127745,0.07984031936127745,0.002817141632788598,500
24_prespecified_setting_motif_tests,ds006036__EO_or_photomark,AD_FTD_vs_CN,frontal_theta_gt_occipital_alpha_mean_within_fit_share,0.03555555555555556,0.0048559999999999975,0.0,0.0,0.029366666666666645,0.05059999999999985,0.03792415169660679,0.6067864271457086,0.19560878243512975,0.008533824962606995,500
24_prespecified_setting_motif_tests,ds006036__EO_or_photomark,AD_vs_CN,slow_gt_fast_mean_within_fit_share,0.25666666666666627,0.10688088888888866,0.0,0.07177777777777772,0.30487777777777714,0.3460666666666663,0.10379241516966067,0.934131736526946,0.34930139720558884,0.013625995887199694,500
24_prespecified_setting_motif_tests,ds006036__EO_or_photomark,AD_vs_CN,theta_gt_alpha_mean_within_fit_share,0.25666666666666627,0.08173022222222218,0.0,0.0491111111111111,0.260044444444444,0.302955555555555,0.05588822355289421,0.6287425149700598,0.25149700598802394,0.010262495914600768,500
24_prespecified_setting_motif_tests,ds006036__EO_or_photomark,AD_vs_CN,anterior_gt_posterior_mean_within_fit_share,0.9215555555555549,0.3099431111111105,0.06182777777777777,0.2868888888888885,0.5869333333333332,0.6571444444444443,0.001996007984031936,0.04790419161676646,0.041916167664670656,0.001994014965078577,500
24_prespecified_setting_motif_tests,ds006036__EO_or_photomark,AD_vs_CN,frontal_theta_gt_occipital_alpha_mean_within_fit_share,0.05155555555555557,0.007259111111111108,0.0,0.0,0.047555555555555545,0.08507222222222206,0.04790419161676647,0.6287425149700598,0.21157684630738524,0.00954131472655623,500
24_prespecified_setting_motif_tests,ds006036__EO_or_photomark,CN_vs_FTD,slow_gt_fast_mean_within_fit_share,0.0,0.11446266666666642,0.0,0.07222222222222219,0.3565111111111108,0.412572222222222,1.0,1.0,1.0,0.0,500
24_prespecified_setting_motif_tests,ds006036__EO_or_photomark,CN_vs_FTD,theta_gt_alpha_mean_within_fit_share,0.0,0.07834133333333328,0.0,0.042333333333333334,0.27733333333333293,0.3067277777777771,1.0,1.0,1.0,0.0,500
24_prespecified_setting_motif_tests,ds006036__EO_or_photomark,CN_vs_FTD,anterior_gt_posterior_mean_within_fit_share,0.0011111111111111111,0.30670666666666646,0.056855555555555534,0.2956666666666663,0.5693999999999997,0.6230611111111108,1.0,1.0,1.0,0.0,500
24_prespecified_setting_motif_tests,ds006036__EO_or_photomark,CN_vs_FTD,frontal_theta_gt_occipital_alpha_mean_within_fit_share,0.0,0.00577733333333333,0.0,0.0,0.03422222222222223,0.05872222222222194,1.0,1.0,1.0,0.0,500
six_setting_omnibus_motif_tests,ds004504__EC,AD_FTD_vs_CN,max_standardized_prespecified_motif,8.764721513202588,0.7209492544569103,-0.4649639717645276,0.5150560473005764,2.782400082199188,3.4937223945751006,0.001996007984031936,0.011976047904191616,,0.001994014965078577,500
six_setting_omnibus_motif_tests,ds004504__EC,AD_vs_CN,max_standardized_prespecified_motif,7.444060705166349,0.6481491965017387,-0.4193455112856396,0.3764357904373649,2.739609054268245,3.554852512750587,0.003992015968063872,0.01996007984031936,,0.002817141632788598,500
six_setting_omnibus_motif_tests,ds004504__EC,CN_vs_FTD,max_standardized_prespecified_motif,-0.3286820420430033,0.7400592041864329,-0.3286820420430033,0.4767466503369869,2.706007694465483,3.5379715825564517,1.0,1.0,,0.0,500
six_setting_omnibus_motif_tests,ds006036__EO_or_photomark,AD_FTD_vs_CN,max_standardized_prespecified_motif,3.218259696309653,0.769823005495947,-0.340830798386162,0.4209705897307735,3.073075254171667,3.8533440373362766,0.04790419161676647,0.14371257485029942,,0.00954131472655623,500
six_setting_omnibus_motif_tests,ds006036__EO_or_photomark,AD_vs_CN,max_standardized_prespecified_motif,4.061587648889924,0.7757135011418004,-0.34172706057714464,0.4711357615112869,3.0528521833668365,4.040576280519113,0.027944111776447105,0.11177644710578842,,0.007363290073434158,500
six_setting_omnibus_motif_tests,ds006036__EO_or_photomark,CN_vs_FTD,max_standardized_prespecified_motif,-0.31839106737193656,0.7765265480237659,-0.31839106737193656,0.5290525556411809,2.730451645513121,3.6004174654354,1.0,1.0,,0.0,500
