split_family,layer,world,condition,task,negative_class,positive_class,repeat_n,cross_split_family_pairing_performed,p_values_computed,original_selected_k_mean_n,original_selected_k_mean_mean,original_selected_k_mean_sd,original_selected_k_mean_median,original_selected_k_mean_q1,original_selected_k_mean_q3,original_selected_k_mean_min,original_selected_k_mean_max,adjusted_selected_k_mean_n,adjusted_selected_k_mean_mean,adjusted_selected_k_mean_sd,adjusted_selected_k_mean_median,adjusted_selected_k_mean_q1,adjusted_selected_k_mean_q3,adjusted_selected_k_mean_min,adjusted_selected_k_mean_max,delta_selected_k_mean_adjusted_minus_original_n,delta_selected_k_mean_adjusted_minus_original_mean,delta_selected_k_mean_adjusted_minus_original_sd,delta_selected_k_mean_adjusted_minus_original_median,delta_selected_k_mean_adjusted_minus_original_q1,delta_selected_k_mean_adjusted_minus_original_q3,delta_selected_k_mean_adjusted_minus_original_min,delta_selected_k_mean_adjusted_minus_original_max,direction_sensitive_jaccard_mean_n,direction_sensitive_jaccard_mean_mean,direction_sensitive_jaccard_mean_sd,direction_sensitive_jaccard_mean_median,direction_sensitive_jaccard_mean_q1,direction_sensitive_jaccard_mean_q3,direction_sensitive_jaccard_mean_min,direction_sensitive_jaccard_mean_max,direction_insensitive_jaccard_mean_n,direction_insensitive_jaccard_mean_mean,direction_insensitive_jaccard_mean_sd,direction_insensitive_jaccard_mean_median,direction_insensitive_jaccard_mean_q1,direction_insensitive_jaccard_mean_q3,direction_insensitive_jaccard_mean_min,direction_insensitive_jaccard_mean_max,direction_sensitive_overlap_coefficient_mean_n,direction_sensitive_overlap_coefficient_mean_mean,direction_sensitive_overlap_coefficient_mean_sd,direction_sensitive_overlap_coefficient_mean_median,direction_sensitive_overlap_coefficient_mean_q1,direction_sensitive_overlap_coefficient_mean_q3,direction_sensitive_overlap_coefficient_mean_min,direction_sensitive_overlap_coefficient_mean_max,direction_insensitive_overlap_coefficient_mean_n,direction_insensitive_overlap_coefficient_mean_mean,direction_insensitive_overlap_coefficient_mean_sd,direction_insensitive_overlap_coefficient_mean_median,direction_insensitive_overlap_coefficient_mean_q1,direction_insensitive_overlap_coefficient_mean_q3,direction_insensitive_overlap_coefficient_mean_min,direction_insensitive_overlap_coefficient_mean_max,reversal_rate_among_common_unordered_pairs_n,reversal_rate_among_common_unordered_pairs_mean,reversal_rate_among_common_unordered_pairs_sd,reversal_rate_among_common_unordered_pairs_median,reversal_rate_among_common_unordered_pairs_q1,reversal_rate_among_common_unordered_pairs_q3,reversal_rate_among_common_unordered_pairs_min,reversal_rate_among_common_unordered_pairs_max,original_train_tie_rate_n,original_train_tie_rate_mean,original_train_tie_rate_sd,original_train_tie_rate_median,original_train_tie_rate_q1,original_train_tie_rate_q3,original_train_tie_rate_min,original_train_tie_rate_max,adjusted_train_tie_rate_n,adjusted_train_tie_rate_mean,adjusted_train_tie_rate_sd,adjusted_train_tie_rate_median,adjusted_train_tie_rate_q1,adjusted_train_tie_rate_q3,adjusted_train_tie_rate_min,adjusted_train_tie_rate_max,delta_train_tie_rate_adjusted_minus_original_n,delta_train_tie_rate_adjusted_minus_original_mean,delta_train_tie_rate_adjusted_minus_original_sd,delta_train_tie_rate_adjusted_minus_original_median,delta_train_tie_rate_adjusted_minus_original_q1,delta_train_tie_rate_adjusted_minus_original_q3,delta_train_tie_rate_adjusted_minus_original_min,delta_train_tie_rate_adjusted_minus_original_max,original_test_tie_rate_n,original_test_tie_rate_mean,original_test_tie_rate_sd,original_test_tie_rate_median,original_test_tie_rate_q1,original_test_tie_rate_q3,original_test_tie_rate_min,original_test_tie_rate_max,adjusted_test_tie_rate_n,adjusted_test_tie_rate_mean,adjusted_test_tie_rate_sd,adjusted_test_tie_rate_median,adjusted_test_tie_rate_q1,adjusted_test_tie_rate_q3,adjusted_test_tie_rate_min,adjusted_test_tie_rate_max,delta_test_tie_rate_adjusted_minus_original_n,delta_test_tie_rate_adjusted_minus_original_mean,delta_test_tie_rate_adjusted_minus_original_sd,delta_test_tie_rate_adjusted_minus_original_median,delta_test_tie_rate_adjusted_minus_original_q1,delta_test_tie_rate_adjusted_minus_original_q3,delta_test_tie_rate_adjusted_minus_original_min,delta_test_tie_rate_adjusted_minus_original_max
P0,P0_derivative_amplitude_deciles,DERIVED_DECILES_ALL,ds004504__EC,AD_FTD_vs_CN,CN,AD_FTD,20,False,False,20,7.32,1.051114696530858,7.2,6.499999999999999,7.8999999999999995,5.4,9.0,20,7.18,0.8153785042930416,7.0,6.6,7.8,5.8,9.0,20,-0.14,1.3315602245407254,-0.2,-0.8,0.5,-2.8,2.4,20,0.045336480512951104,0.028425269178191936,0.04307783719548425,0.027678571428571427,0.0546582094376212,0.0,0.11725921137685844,20,0.045336480512951104,0.028425269178191936,0.04307783719548425,0.027678571428571427,0.0546582094376212,0.0,0.11725921137685844,20,0.09777777777777777,0.06112652649803847,0.08888888888888888,0.061111111111111116,0.11888888888888888,0.0,0.21777777777777776,20,0.09777777777777777,0.06112652649803847,0.08888888888888888,0.061111111111111116,0.11888888888888888,0.0,0.21777777777777776,19,0.0,0.0,0.0,0.0,0.0,0.0,0.0,20,0.0,0.0,0.0,0.0,0.0,0.0,0.0,20,0.0,0.0,0.0,0.0,0.0,0.0,0.0,20,0.0,0.0,0.0,0.0,0.0,0.0,0.0,20,0.0,0.0,0.0,0.0,0.0,0.0,0.0,20,0.0,0.0,0.0,0.0,0.0,0.0,0.0,20,0.0,0.0,0.0,0.0,0.0,0.0,0.0
P0,P0_derivative_amplitude_deciles,DERIVED_DECILES_ALL,ds004504__EC,AD_vs_CN,CN,AD,20,False,False,20,6.32,1.2386750136632627,6.4,5.699999999999999,7.1,4.2,8.2,20,5.78,1.1927853294307669,5.8,5.300000000000001,6.6,3.0,8.2,20,-0.54,1.6480929968651008,-1.2,-1.7000000000000002,0.5,-2.8,2.8,20,0.028267498841028253,0.025091009761603847,0.02287581699346405,0.011538461538461539,0.04264591617532794,0.0,0.08214285714285714,20,0.028267498841028253,0.025091009761603847,0.02287581699346405,0.011538461538461539,0.04264591617532794,0.0,0.08214285714285714,20,0.06711111111111111,0.061039724386798916,0.05333333333333333,0.03,0.0922222222222222,0.0,0.19999999999999998,20,0.06711111111111111,0.061039724386798916,0.05333333333333333,0.03,0.0922222222222222,0.0,0.19999999999999998,15,0.0,0.0,0.0,0.0,0.0,0.0,0.0,20,0.0,0.0,0.0,0.0,0.0,0.0,0.0,20,0.0,0.0,0.0,0.0,0.0,0.0,0.0,20,0.0,0.0,0.0,0.0,0.0,0.0,0.0,20,0.0,0.0,0.0,0.0,0.0,0.0,0.0,20,0.0,0.0,0.0,0.0,0.0,0.0,0.0,20,0.0,0.0,0.0,0.0,0.0,0.0,0.0
P0,P0_derivative_amplitude_deciles,DERIVED_DECILES_ALL,ds004504__EC,AD_vs_FTD,FTD,AD,20,False,False,20,7.56,0.9571888665857899,7.6,7.0,8.2,5.4,9.0,20,7.859999999999999,0.9109855854194978,8.2,7.0,8.399999999999999,6.2,9.0,20,0.3,1.2839085063319655,0.4,-0.4,0.9000000000000001,-2.4,2.4,20,0.08240426240426241,0.03193742359571242,0.08358437314319667,0.055384615384615386,0.09705316742081448,0.027149321266968326,0.13982905982905983,20,0.08240426240426241,0.03193742359571242,0.08358437314319667,0.055384615384615386,0.09705316742081448,0.027149321266968326,0.13982905982905983,20,0.166,0.06532410325857303,0.1688888888888889,0.10666666666666666,0.19666666666666666,0.06222222222222222,0.32,20,0.166,0.06532410325857303,0.1688888888888889,0.10666666666666666,0.19666666666666666,0.06222222222222222,0.32,20,0.0,0.0,0.0,0.0,0.0,0.0,0.0,20,0.0,0.0,0.0,0.0,0.0,0.0,0.0,20,0.0,0.0,0.0,0.0,0.0,0.0,0.0,20,0.0,0.0,0.0,0.0,0.0,0.0,0.0,20,0.0,0.0,0.0,0.0,0.0,0.0,0.0,20,0.0,0.0,0.0,0.0,0.0,0.0,0.0,20,0.0,0.0,0.0,0.0,0.0,0.0,0.0
P0,P0_derivative_amplitude_deciles,DERIVED_DECILES_ALL,ds004504__EC,CN_vs_FTD,CN,FTD,20,False,False,20,7.08,0.7633720207770671,7.0,6.6,7.8,5.8,8.2,20,6.7,1.444408456591723,7.0,6.1000000000000005,7.8999999999999995,3.8,9.0,20,-0.38,1.581338540271301,-0.2,-1.2999999999999998,0.4,-4.0,2.8,20,0.042659335762276936,0.027123452233397762,0.040192307692307694,0.027149321266968326,0.05483927836869013,0.0,0.10069930069930069,20,0.042659335762276936,0.027123452233397762,0.040192307692307694,0.027149321266968326,0.05483927836869013,0.0,0.10069930069930069,20,0.09577777777777778,0.062029358577499916,0.08666666666666667,0.06222222222222222,0.13,0.0,0.24,20,0.09577777777777778,0.062029358577499916,0.08666666666666667,0.06222222222222222,0.13,0.0,0.24,18,0.0,0.0,0.0,0.0,0.0,0.0,0.0,20,0.0,0.0,0.0,0.0,0.0,0.0,0.0,20,0.0,0.0,0.0,0.0,0.0,0.0,0.0,20,0.0,0.0,0.0,0.0,0.0,0.0,0.0,20,0.0,0.0,0.0,0.0,0.0,0.0,0.0,20,0.0,0.0,0.0,0.0,0.0,0.0,0.0,20,0.0,0.0,0.0,0.0,0.0,0.0,0.0
P0,P0_derivative_amplitude_deciles,DERIVED_DECILES_ALL,ds006036__EO_or_photomark,AD_FTD_vs_CN,CN,AD_FTD,20,False,False,20,6.68,1.0748806543298801,6.6,6.1000000000000005,7.500000000000001,4.2,8.2,20,6.06,1.4350499716221146,5.8,4.9,6.699999999999999,4.2,9.0,20,-0.62,1.6592959826067009,-0.6000000000000001,-1.7000000000000002,0.1,-3.2,3.2,20,0.03849990369108016,0.02525357824312645,0.035165569724393254,0.02420814479638009,0.05113636363636364,0.0,0.09510489510489512,20,0.03849990369108016,0.02525357824312645,0.035165569724393254,0.02420814479638009,0.05113636363636364,0.0,0.09510489510489512,20,0.086,0.056130822778193666,0.08,0.056666666666666664,0.10999999999999999,0.0,0.21333333333333332,20,0.086,0.056130822778193666,0.08,0.056666666666666664,0.10999999999999999,0.0,0.21333333333333332,18,0.0,0.0,0.0,0.0,0.0,0.0,0.0,20,0.0,0.0,0.0,0.0,0.0,0.0,0.0,20,0.0,0.0,0.0,0.0,0.0,0.0,0.0,20,0.0,0.0,0.0,0.0,0.0,0.0,0.0,20,0.0,0.0,0.0,0.0,0.0,0.0,0.0,20,0.0,0.0,0.0,0.0,0.0,0.0,0.0,20,0.0,0.0,0.0,0.0,0.0,0.0,0.0
P0,P0_derivative_amplitude_deciles,DERIVED_DECILES_ALL,ds006036__EO_or_photomark,AD_vs_CN,CN,AD,20,False,False,20,6.22,1.0008417509907925,5.8,5.4,7.0,5.0,8.2,20,5.68,1.457322707461944,5.8,4.8,6.699999999999999,3.4,8.2,20,-0.54,1.9990524070958695,0.2,-1.8000000000000003,0.8,-3.6,2.8,20,0.01157405339758281,0.018796279918963047,0.0,0.0,0.015384615384615385,0.0,0.07390256802021508,20,0.01157405339758281,0.018796279918963047,0.0,0.0,0.015384615384615385,0.0,0.07390256802021508,20,0.027777777777777776,0.04745094248610888,0.0,0.0,0.04,0.0,0.19555555555555554,20,0.027777777777777776,0.04745094248610888,0.0,0.0,0.04,0.0,0.19555555555555554,9,0.0,0.0,0.0,0.0,0.0,0.0,0.0,20,0.0,0.0,0.0,0.0,0.0,0.0,0.0,20,0.0,0.0,0.0,0.0,0.0,0.0,0.0,20,0.0,0.0,0.0,0.0,0.0,0.0,0.0,20,0.0,0.0,0.0,0.0,0.0,0.0,0.0,20,0.0,0.0,0.0,0.0,0.0,0.0,0.0,20,0.0,0.0,0.0,0.0,0.0,0.0,0.0
P0,P0_derivative_amplitude_deciles,DERIVED_DECILES_ALL,ds006036__EO_or_photomark,AD_vs_FTD,FTD,AD,20,False,False,20,6.68,0.9763519641475283,7.0,5.8,7.4,5.0,8.2,20,7.78,0.9752732410646986,8.2,7.4,8.2,5.4,9.0,20,1.1,1.0372027158102752,1.2,0.30000000000000004,2.0,-0.8,3.2,20,0.03390783236371472,0.018139557879311284,0.027149321266968326,0.024632352941176473,0.041277472527472533,0.0,0.07692307692307693,20,0.03390783236371472,0.018139557879311284,0.027149321266968326,0.024632352941176473,0.041277472527472533,0.0,0.07692307692307693,20,0.06955555555555555,0.033142533855415685,0.06222222222222222,0.04444444444444444,0.08888888888888889,0.0,0.12444444444444444,20,0.06955555555555555,0.033142533855415685,0.06222222222222222,0.04444444444444444,0.08888888888888889,0.0,0.12444444444444444,19,0.0,0.0,0.0,0.0,0.0,0.0,0.0,20,0.0006872538764746488,0.0015181371716273474,0.0,0.0,0.0,0.0,0.005172413793103448,20,0.0,0.0,0.0,0.0,0.0,0.0,0.0,20,-0.0006872538764746488,0.0015181371716273474,0.0,0.0,0.0,-0.005172413793103448,0.0,20,0.0005705612205184089,0.0017981553855389838,0.0,0.0,0.0,0.0,0.006896551724137931,20,0.0,0.0,0.0,0.0,0.0,0.0,0.0,20,-0.0005705612205184089,0.0017981553855389838,0.0,0.0,0.0,-0.006896551724137931,0.0
P0,P0_derivative_amplitude_deciles,DERIVED_DECILES_ALL,ds006036__EO_or_photomark,CN_vs_FTD,CN,FTD,20,False,False,20,7.2,0.8258966419340222,7.0,6.6,7.8,5.8,9.0,20,6.52,1.1283896303559053,6.4,5.8,7.0,4.2,9.0,20,-0.6799999999999999,1.291918198485859,-0.8,-1.6,0.5,-2.8,1.2,20,0.05233338230397054,0.02586162414238531,0.049358974358974364,0.041577540106951874,0.06213786213786214,0.0,0.11398692810457517,20,0.05233338230397054,0.02586162414238531,0.049358974358974364,0.041577540106951874,0.06213786213786214,0.0,0.11398692810457517,20,0.12422222222222222,0.06099840750379226,0.1111111111111111,0.08888888888888888,0.16,0.0,0.2622222222222222,20,0.12422222222222222,0.06099840750379226,0.1111111111111111,0.08888888888888888,0.16,0.0,0.2622222222222222,19,0.0,0.0,0.0,0.0,0.0,0.0,0.0,20,0.0,0.0,0.0,0.0,0.0,0.0,0.0,20,0.0,0.0,0.0,0.0,0.0,0.0,0.0,20,0.0,0.0,0.0,0.0,0.0,0.0,0.0,20,0.0,0.0,0.0,0.0,0.0,0.0,0.0,20,0.0,0.0,0.0,0.0,0.0,0.0,0.0,20,0.0,0.0,0.0,0.0,0.0,0.0,0.0
P0,P0_derivative_amplitude_deciles,RAW_DECILES,ds004504__EC,AD_FTD_vs_CN,CN,AD_FTD,20,False,False,20,6.14,1.3751172198838368,6.0,5.4,7.0,3.0,9.0,20,7.4399999999999995,0.8094182446281044,7.4,7.0,8.2,5.8,9.0,20,1.3,1.6613247725836149,1.2,0.0,2.1,-1.6,6.0,20,0.03918607046548223,0.024182330922943585,0.033776680835504364,0.01748251748251748,0.059970397249809015,0.011764705882352941,0.08571428571428572,20,0.03918607046548223,0.024182330922943585,0.033776680835504364,0.01748251748251748,0.059970397249809015,0.011764705882352941,0.08571428571428572,20,0.09,0.04749474168083699,0.08666666666666667,0.04333333333333333,0.13333333333333333,0.02222222222222222,0.17333333333333334,20,0.09,0.04749474168083699,0.08666666666666667,0.04333333333333333,0.13333333333333333,0.02222222222222222,0.17333333333333334,20,0.0,0.0,0.0,0.0,0.0,0.0,0.0,20,0.0,0.0,0.0,0.0,0.0,0.0,0.0,20,0.0,0.0,0.0,0.0,0.0,0.0,0.0,20,0.0,0.0,0.0,0.0,0.0,0.0,0.0,20,0.0,0.0,0.0,0.0,0.0,0.0,0.0,20,0.0,0.0,0.0,0.0,0.0,0.0,0.0,20,0.0,0.0,0.0,0.0,0.0,0.0,0.0
P0,P0_derivative_amplitude_deciles,RAW_DECILES,ds004504__EC,AD_vs_CN,CN,AD,20,False,False,20,6.4799999999999995,0.9720298890791157,6.6,5.8,7.1,4.6,8.2,20,6.92,0.967688510126879,7.0,6.1000000000000005,7.500000000000001,5.0,8.2,20,0.44,1.303598259070881,0.8,-0.2,1.2,-2.4,2.4,20,0.03543430262547909,0.025238725316156885,0.03344988344988345,0.01748251748251748,0.049038461538461545,0.0,0.0879120879120879,20,0.03543430262547909,0.025238725316156885,0.03344988344988345,0.01748251748251748,0.049038461538461545,0.0,0.0879120879120879,20,0.07577777777777778,0.04964801381881602,0.08,0.04333333333333333,0.10999999999999999,0.0,0.1688888888888889,20,0.07577777777777778,0.04964801381881602,0.08,0.04333333333333333,0.10999999999999999,0.0,0.1688888888888889,17,0.0,0.0,0.0,0.0,0.0,0.0,0.0,20,0.0,0.0,0.0,0.0,0.0,0.0,0.0,20,0.0,0.0,0.0,0.0,0.0,0.0,0.0,20,0.0,0.0,0.0,0.0,0.0,0.0,0.0,20,0.0,0.0,0.0,0.0,0.0,0.0,0.0,20,0.0,0.0,0.0,0.0,0.0,0.0,0.0,20,0.0,0.0,0.0,0.0,0.0,0.0,0.0
P0,P0_derivative_amplitude_deciles,RAW_DECILES,ds004504__EC,AD_vs_FTD,FTD,AD,20,False,False,20,7.62,1.1349008767288884,8.0,6.9,8.2,5.0,9.0,20,7.2,1.0094292290304716,7.4,6.2,7.8999999999999995,5.8,9.0,20,-0.42000000000000004,1.3073073975079263,-0.8,-1.2,0.8,-3.2,1.6,20,0.052530023897670954,0.0362639455527444,0.04340463458110517,0.02821590174531351,0.0711657215333686,0.0,0.15804195804195803,20,0.052530023897670954,0.0362639455527444,0.04340463458110517,0.02821590174531351,0.0711657215333686,0.0,0.15804195804195803,20,0.114,0.06529226540737648,0.09555555555555556,0.06666666666666667,0.1688888888888889,0.0,0.23555555555555557,20,0.114,0.06529226540737648,0.09555555555555556,0.06666666666666667,0.1688888888888889,0.0,0.23555555555555557,19,0.0,0.0,0.0,0.0,0.0,0.0,0.0,20,0.0,0.0,0.0,0.0,0.0,0.0,0.0,20,0.0,0.0,0.0,0.0,0.0,0.0,0.0,20,0.0,0.0,0.0,0.0,0.0,0.0,0.0,20,0.0,0.0,0.0,0.0,0.0,0.0,0.0,20,0.0,0.0,0.0,0.0,0.0,0.0,0.0,20,0.0,0.0,0.0,0.0,0.0,0.0,0.0
P0,P0_derivative_amplitude_deciles,RAW_DECILES,ds004504__EC,CN_vs_FTD,CN,FTD,20,False,False,20,7.64,0.8549546002104745,7.8,7.0,8.2,5.8,9.0,20,7.18,1.2344186784410751,6.8,6.499999999999999,8.2,5.0,9.0,20,-0.46,1.5370511753970566,-0.6000000000000001,-1.6,0.5,-3.2,2.4,20,0.05551076211370329,0.02790009647086389,0.047549019607843135,0.036596736596736595,0.08051470588235293,0.0,0.10500000000000001,20,0.05551076211370329,0.02790009647086389,0.047549019607843135,0.036596736596736595,0.08051470588235293,0.0,0.10500000000000001,20,0.11666666666666667,0.05101949582136369,0.10444444444444445,0.08888888888888888,0.1488888888888889,0.0,0.21333333333333332,20,0.11666666666666667,0.05101949582136369,0.10444444444444445,0.08888888888888888,0.1488888888888889,0.0,0.21333333333333332,19,0.0,0.0,0.0,0.0,0.0,0.0,0.0,20,0.0,0.0,0.0,0.0,0.0,0.0,0.0,20,0.0,0.0,0.0,0.0,0.0,0.0,0.0,20,0.0,0.0,0.0,0.0,0.0,0.0,0.0,20,0.0,0.0,0.0,0.0,0.0,0.0,0.0,20,0.0,0.0,0.0,0.0,0.0,0.0,0.0,20,0.0,0.0,0.0,0.0,0.0,0.0,0.0
P0,P0_derivative_amplitude_deciles,RAW_DECILES,ds006036__EO_or_photomark,AD_FTD_vs_CN,CN,AD_FTD,20,False,False,20,6.4,1.3825986212087804,6.4,5.4,7.4,3.8,9.0,20,5.36,1.209784669835265,5.4,4.5,5.8999999999999995,3.8,8.2,20,-1.04,1.6940763668861287,-0.8,-2.1,0.1,-5.2,1.6,20,0.06710694534223946,0.04467559804396739,0.06105763517528224,0.04025210084033613,0.09785714285714286,0.0,0.15151515151515152,20,0.06710694534223946,0.04467559804396739,0.06105763517528224,0.04025210084033613,0.09785714285714286,0.0,0.15151515151515152,20,0.17133333333333334,0.14480458926023446,0.16444444444444445,0.08333333333333331,0.20555555555555555,0.0,0.6133333333333333,20,0.17133333333333334,0.14480458926023446,0.16444444444444445,0.08333333333333331,0.20555555555555555,0.0,0.6133333333333333,18,0.0,0.0,0.0,0.0,0.0,0.0,0.0,20,0.0,0.0,0.0,0.0,0.0,0.0,0.0,20,0.0,0.0,0.0,0.0,0.0,0.0,0.0,20,0.0,0.0,0.0,0.0,0.0,0.0,0.0,20,0.0,0.0,0.0,0.0,0.0,0.0,0.0,20,0.0,0.0,0.0,0.0,0.0,0.0,0.0,20,0.0,0.0,0.0,0.0,0.0,0.0,0.0
P0,P0_derivative_amplitude_deciles,RAW_DECILES,ds006036__EO_or_photomark,AD_vs_CN,CN,AD,20,False,False,20,5.9,0.9872876187339044,5.8,5.200000000000001,6.6,4.6,7.8,20,5.18,1.0894711416192044,5.0,4.5,5.8999999999999995,3.4,7.0,20,-0.72,1.364821175870767,-1.0,-1.7000000000000002,0.1,-2.4,2.0,20,0.01945353502706444,0.017949328252422285,0.015384615384615385,0.011764705882352941,0.02291666666666666,0.0,0.07532467532467532,20,0.01945353502706444,0.017949328252422285,0.015384615384615385,0.011764705882352941,0.02291666666666666,0.0,0.07532467532467532,20,0.04377777777777778,0.03902049577232955,0.04,0.02222222222222222,0.06666666666666667,0.0,0.15555555555555556,20,0.04377777777777778,0.03902049577232955,0.04,0.02222222222222222,0.06666666666666667,0.0,0.15555555555555556,16,0.0,0.0,0.0,0.0,0.0,0.0,0.0,20,0.0,0.0,0.0,0.0,0.0,0.0,0.0,20,0.0,0.0,0.0,0.0,0.0,0.0,0.0,20,0.0,0.0,0.0,0.0,0.0,0.0,0.0,20,0.0,0.0,0.0,0.0,0.0,0.0,0.0,20,0.0,0.0,0.0,0.0,0.0,0.0,0.0,20,0.0,0.0,0.0,0.0,0.0,0.0,0.0
P0,P0_derivative_amplitude_deciles,RAW_DECILES,ds006036__EO_or_photomark,AD_vs_FTD,FTD,AD,20,False,False,20,6.36,0.9571888665857899,6.2,5.699999999999999,7.0,5.0,8.2,20,6.72,1.2181089744699405,7.0,5.8,7.500000000000001,5.0,9.0,20,0.36000000000000004,1.764682765586465,0.2,-1.2,1.7000000000000002,-2.8,3.2,20,0.020557496425143484,0.03797200571298662,0.0,0.0,0.019886363636363636,0.0,0.14509803921568626,20,0.020557496425143484,0.03797200571298662,0.0,0.0,0.019886363636363636,0.0,0.14509803921568626,20,0.03688888888888889,0.06004719824349915,0.0,0.0,0.04999999999999999,0.0,0.23555555555555555,20,0.03688888888888889,0.06004719824349915,0.0,0.0,0.04999999999999999,0.0,0.23555555555555555,9,0.0,0.0,0.0,0.0,0.0,0.0,0.0,20,0.0065982618198456985,0.0038896958152284814,0.006708587269719662,0.0035097453407312565,0.00943065330044579,0.0,0.013100436681222707,20,0.0,0.0,0.0,0.0,0.0,0.0,0.0,20,-0.0065982618198456985,0.0038896958152284814,-0.006708587269719662,-0.00943065330044579,-0.0035097453407312565,-0.013100436681222707,0.0,20,0.005785352705912894,0.0041042252128579045,0.005917211557819735,0.0024451614813060596,0.00876146700025213,0.0,0.012698412698412698,20,0.0,0.0,0.0,0.0,0.0,0.0,0.0,20,-0.005785352705912894,0.0041042252128579045,-0.005917211557819735,-0.00876146700025213,-0.0024451614813060596,-0.012698412698412698,0.0
P0,P0_derivative_amplitude_deciles,RAW_DECILES,ds006036__EO_or_photomark,CN_vs_FTD,CN,FTD,20,False,False,20,7.14,1.2799671048404657,7.2,6.499999999999999,8.2,3.4,9.0,20,6.58,0.9490161110051654,6.6,6.2,7.1,3.8,7.8,20,-0.5599999999999999,1.3003643214195983,-0.4,-1.2,0.1,-3.6,2.0,20,0.040916745019686195,0.02693958927120193,0.03504901960784314,0.025,0.05044117647058824,0.0,0.10666666666666666,20,0.040916745019686195,0.02693958927120193,0.03504901960784314,0.025,0.05044117647058824,0.0,0.10666666666666666,20,0.08911111111111111,0.05912904797550801,0.07333333333333333,0.04444444444444444,0.1111111111111111,0.0,0.21333333333333332,20,0.08911111111111111,0.05912904797550801,0.07333333333333333,0.04444444444444444,0.1111111111111111,0.0,0.21333333333333332,19,0.0,0.0,0.0,0.0,0.0,0.0,0.0,20,0.0010203331881536149,0.00250831479812424,0.0,0.0,0.0,0.0,0.007596685082872928,20,0.0,0.0,0.0,0.0,0.0,0.0,0.0,20,-0.0010203331881536149,0.00250831479812424,0.0,0.0,0.0,-0.007596685082872928,0.0,20,0.0011272570501115846,0.0031184363113939116,0.0,0.0,0.0,0.0,0.010752688172043012,20,0.0,0.0,0.0,0.0,0.0,0.0,0.0,20,-0.0011272570501115846,0.0031184363113939116,0.0,0.0,0.0,-0.010752688172043012,0.0
P0,P0_derivative_amplitude_deciles,REGION_AGGREGATES_ALL,ds004504__EC,AD_FTD_vs_CN,CN,AD_FTD,20,False,False,20,6.5,0.8297114273237285,6.2,5.8,7.0,5.4,8.2,20,5.9399999999999995,0.9472397573448533,6.2,5.300000000000001,6.6,4.2,8.2,20,-0.5599999999999999,1.2270632463432012,-0.8,-1.2,0.1,-2.8,2.0,20,0.13158166506695917,0.05997273369558109,0.1236204481792717,0.10012362637362637,0.1538036963036963,0.04444444444444444,0.28285714285714286,20,0.13158166506695917,0.05997273369558109,0.1236204481792717,0.10012362637362637,0.1538036963036963,0.04444444444444444,0.28285714285714286,20,0.2793333333333333,0.1093452663102406,0.28888888888888886,0.19777777777777777,0.34111111111111114,0.08,0.4755555555555555,20,0.2793333333333333,0.1093452663102406,0.28888888888888886,0.19777777777777777,0.34111111111111114,0.08,0.4755555555555555,20,0.0,0.0,0.0,0.0,0.0,0.0,0.0,20,0.0,0.0,0.0,0.0,0.0,0.0,0.0,20,0.0,0.0,0.0,0.0,0.0,0.0,0.0,20,0.0,0.0,0.0,0.0,0.0,0.0,0.0,20,0.0,0.0,0.0,0.0,0.0,0.0,0.0,20,0.0,0.0,0.0,0.0,0.0,0.0,0.0,20,0.0,0.0,0.0,0.0,0.0,0.0,0.0
P0,P0_derivative_amplitude_deciles,REGION_AGGREGATES_ALL,ds004504__EC,AD_vs_CN,CN,AD,20,False,False,20,5.44,1.145425685062108,5.4,4.5,5.8999999999999995,4.2,8.2,20,4.48,1.1019599763483627,4.4,3.6999999999999997,5.4,2.2,6.6,20,-0.96,1.81409684648341,-0.4,-2.8,0.4,-4.4,2.0,20,0.05060257226433697,0.030082929742104438,0.04991452991452991,0.029326923076923077,0.06666666666666667,0.0,0.11818181818181818,20,0.05060257226433697,0.030082929742104438,0.04991452991452991,0.029326923076923077,0.06666666666666667,0.0,0.11818181818181818,20,0.13622222222222222,0.08767919551145564,0.11777777777777777,0.07666666666666666,0.2,0.0,0.3466666666666667,20,0.13622222222222222,0.08767919551145564,0.11777777777777777,0.07666666666666666,0.2,0.0,0.3466666666666667,19,0.0,0.0,0.0,0.0,0.0,0.0,0.0,20,0.0,0.0,0.0,0.0,0.0,0.0,0.0,20,0.0,0.0,0.0,0.0,0.0,0.0,0.0,20,0.0,0.0,0.0,0.0,0.0,0.0,0.0,20,0.0,0.0,0.0,0.0,0.0,0.0,0.0,20,0.0,0.0,0.0,0.0,0.0,0.0,0.0,20,0.0,0.0,0.0,0.0,0.0,0.0,0.0
P0,P0_derivative_amplitude_deciles,REGION_AGGREGATES_ALL,ds004504__EC,AD_vs_FTD,FTD,AD,20,False,False,20,7.26,0.9560885226577581,7.2,6.499999999999999,8.2,5.8,9.0,20,6.62,1.0971734018304538,6.4,5.8,7.1,4.6,9.0,20,-0.64,1.4876332315389258,-1.2,-1.7000000000000002,0.4,-2.8,2.0,20,0.05711794088264677,0.049887128198986906,0.04723479135243841,0.03178733031674208,0.06368006993006993,0.0,0.22714932126696832,20,0.05711794088264677,0.049887128198986906,0.04723479135243841,0.03178733031674208,0.06368006993006993,0.0,0.22714932126696832,20,0.12844444444444444,0.095626520636238,0.11555555555555555,0.07555555555555556,0.15333333333333332,0.0,0.39555555555555555,20,0.12844444444444444,0.095626520636238,0.11555555555555555,0.07555555555555556,0.15333333333333332,0.0,0.39555555555555555,18,0.0,0.0,0.0,0.0,0.0,0.0,0.0,20,0.0,0.0,0.0,0.0,0.0,0.0,0.0,20,0.0,0.0,0.0,0.0,0.0,0.0,0.0,20,0.0,0.0,0.0,0.0,0.0,0.0,0.0,20,0.0,0.0,0.0,0.0,0.0,0.0,0.0,20,0.0,0.0,0.0,0.0,0.0,0.0,0.0,20,0.0,0.0,0.0,0.0,0.0,0.0,0.0
P0,P0_derivative_amplitude_deciles,REGION_AGGREGATES_ALL,ds004504__EC,CN_vs_FTD,CN,FTD,20,False,False,20,6.94,1.0404452488187321,7.0,6.2,7.500000000000001,4.2,9.0,20,6.24,1.303598259070881,6.2,5.4,7.1,3.0,9.0,20,-0.7,1.7112629992586117,-0.6000000000000001,-2.0,0.5,-4.4,2.0,20,0.10288720103425986,0.05402921782138006,0.09325720031602384,0.0662004662004662,0.12807812285753462,0.033566433566433566,0.2540659340659341,20,0.10288720103425986,0.05402921782138006,0.09325720031602384,0.0662004662004662,0.12807812285753462,0.033566433566433566,0.2540659340659341,20,0.23888888888888887,0.11552743697475988,0.22888888888888886,0.15,0.31555555555555553,0.08888888888888888,0.49333333333333335,20,0.23888888888888887,0.11552743697475988,0.22888888888888886,0.15,0.31555555555555553,0.08888888888888888,0.49333333333333335,20,0.0,0.0,0.0,0.0,0.0,0.0,0.0,20,0.0,0.0,0.0,0.0,0.0,0.0,0.0,20,0.0,0.0,0.0,0.0,0.0,0.0,0.0,20,0.0,0.0,0.0,0.0,0.0,0.0,0.0,20,0.0,0.0,0.0,0.0,0.0,0.0,0.0,20,0.0,0.0,0.0,0.0,0.0,0.0,0.0,20,0.0,0.0,0.0,0.0,0.0,0.0,0.0
P0,P0_derivative_amplitude_deciles,REGION_AGGREGATES_ALL,ds006036__EO_or_photomark,AD_FTD_vs_CN,CN,AD_FTD,20,False,False,20,6.8,1.042264740588342,7.0,6.2,7.4,4.2,8.2,20,6.26,1.1842830387156078,6.6,5.4,7.0,3.8,8.2,20,-0.54,1.7616977457465344,-0.6000000000000001,-1.7000000000000002,0.5,-3.6,2.8,20,0.1199698797934092,0.0404716437295381,0.11282790738673093,0.09081585081585081,0.15372280497280497,0.058333333333333334,0.20871794871794871,20,0.1199698797934092,0.0404716437295381,0.11282790738673093,0.09081585081585081,0.15372280497280497,0.058333333333333334,0.20871794871794871,20,0.24711111111111111,0.07158322809506024,0.24888888888888888,0.19444444444444442,0.3,0.12444444444444444,0.37333333333333335,20,0.24711111111111111,0.07158322809506024,0.24888888888888888,0.19444444444444442,0.3,0.12444444444444444,0.37333333333333335,20,0.0,0.0,0.0,0.0,0.0,0.0,0.0,20,0.00015384615384615385,0.0006880209161537814,0.0,0.0,0.0,0.0,0.003076923076923077,20,0.0,0.0,0.0,0.0,0.0,0.0,0.0,20,-0.00015384615384615385,0.0006880209161537814,0.0,0.0,0.0,-0.003076923076923077,0.0,20,0.0,0.0,0.0,0.0,0.0,0.0,0.0,20,0.0,0.0,0.0,0.0,0.0,0.0,0.0,20,0.0,0.0,0.0,0.0,0.0,0.0,0.0
P0,P0_derivative_amplitude_deciles,REGION_AGGREGATES_ALL,ds006036__EO_or_photomark,AD_vs_CN,CN,AD,20,False,False,20,5.78,1.5105244819354355,6.0,5.0,6.6,2.6,9.0,20,5.52,1.2454548947018684,5.4,4.6,6.300000000000001,3.4,7.8,20,-0.26,2.1570935611556,0.0,-1.2999999999999998,0.4,-4.4,5.2,20,0.11693609984786456,0.055544838987204644,0.11656565656565657,0.08067307692307693,0.15158077216900745,0.037606837606837605,0.2318181818181818,20,0.11693609984786456,0.055544838987204644,0.11656565656565657,0.08067307692307693,0.15158077216900745,0.037606837606837605,0.2318181818181818,20,0.2808888888888889,0.09318952998607377,0.28444444444444444,0.24888888888888888,0.35222222222222227,0.08,0.43555555555555553,20,0.2808888888888889,0.09318952998607377,0.28444444444444444,0.24888888888888888,0.35222222222222227,0.08,0.43555555555555553,20,0.0,0.0,0.0,0.0,0.0,0.0,0.0,20,0.00021668067619314466,0.0006689155224307384,0.0,0.0,0.0,0.0,0.002325581395348837,20,0.0,0.0,0.0,0.0,0.0,0.0,0.0,20,-0.00021668067619314466,0.0006689155224307384,0.0,0.0,0.0,-0.002325581395348837,0.0,20,0.001072114201329067,0.0038338100637089144,0.0,0.0,0.0,0.0,0.016736401673640166,20,0.0,0.0,0.0,0.0,0.0,0.0,0.0,20,-0.001072114201329067,0.0038338100637089144,0.0,0.0,0.0,-0.016736401673640166,0.0
P0,P0_derivative_amplitude_deciles,REGION_AGGREGATES_ALL,ds006036__EO_or_photomark,AD_vs_FTD,FTD,AD,20,False,False,20,6.98,1.1714139005133026,7.4,6.1000000000000005,7.4,4.6,9.0,20,7.34,0.9016943116039644,7.2,6.6,7.8999999999999995,5.8,9.0,20,0.36000000000000004,1.5349952854376425,0.2,-0.5,1.1,-2.8,4.0,20,0.03129590017825312,0.016739681910226015,0.027149321266968326,0.02051282051282051,0.04217948717948718,0.011764705882352941,0.0668997668997669,20,0.03129590017825312,0.016739681910226015,0.027149321266968326,0.02051282051282051,0.04217948717948718,0.011764705882352941,0.0668997668997669,20,0.07288888888888889,0.04728688383385027,0.06222222222222222,0.04,0.09666666666666665,0.02222222222222222,0.18666666666666668,20,0.07288888888888889,0.04728688383385027,0.06222222222222222,0.04,0.09666666666666665,0.02222222222222222,0.18666666666666668,20,0.0,0.0,0.0,0.0,0.0,0.0,0.0,20,0.00255696872500538,0.003453386034519046,0.001148107139091005,0.0,0.0031779661016949155,0.0,0.011049723756906077,20,0.0,0.0,0.0,0.0,0.0,0.0,0.0,20,-0.00255696872500538,0.003453386034519046,-0.001148107139091005,-0.0031779661016949155,0.0,-0.011049723756906077,0.0,20,0.002887852185092832,0.004270634440099981,0.0,0.0,0.004669989324107535,0.0,0.014760147601476014,20,0.0,0.0,0.0,0.0,0.0,0.0,0.0,20,-0.002887852185092832,0.004270634440099981,0.0,-0.004669989324107535,0.0,-0.014760147601476014,0.0
P0,P0_derivative_amplitude_deciles,REGION_AGGREGATES_ALL,ds006036__EO_or_photomark,CN_vs_FTD,CN,FTD,20,False,False,20,6.66,0.8133103246673598,6.6,6.2,7.0,5.0,8.2,20,6.32,1.1246519929574472,6.6,6.0,7.0,3.0,7.8,20,-0.33999999999999997,1.2193181873921437,0.0,-0.6000000000000001,0.4,-2.8,1.2,20,0.06454593445769916,0.04377048147311043,0.06538461538461537,0.03021978021978022,0.10142482517482518,0.0,0.14836144247908953,20,0.06454593445769916,0.04377048147311043,0.06538461538461537,0.03021978021978022,0.10142482517482518,0.0,0.14836144247908953,20,0.14444444444444443,0.0847762027246329,0.15333333333333332,0.06666666666666667,0.1833333333333333,0.0,0.31555555555555553,20,0.14444444444444443,0.0847762027246329,0.15333333333333332,0.06666666666666667,0.1833333333333333,0.0,0.31555555555555553,19,0.0,0.0,0.0,0.0,0.0,0.0,0.0,20,0.0,0.0,0.0,0.0,0.0,0.0,0.0,20,0.0,0.0,0.0,0.0,0.0,0.0,0.0,20,0.0,0.0,0.0,0.0,0.0,0.0,0.0,20,0.0,0.0,0.0,0.0,0.0,0.0,0.0,20,0.0,0.0,0.0,0.0,0.0,0.0,0.0,20,0.0,0.0,0.0,0.0,0.0,0.0,0.0
P1,P1_psd_bandpower_from_derivatives,PSD_ABSOLUTE_CHANNEL_BAND,ds004504__EC,AD_FTD_vs_CN,CN,AD_FTD,20,False,False,20,8.26,0.6524447950028537,8.2,7.8,9.0,7.0,9.0,20,7.739999999999999,0.9560885226577581,8.0,7.0,8.2,5.0,9.0,20,-0.52,1.0630640917451284,-0.8,-1.2,0.1,-3.2,1.6,20,0.07108777660248249,0.040759786544043414,0.06391402714932126,0.04852941176470588,0.09152509255450432,0.011764705882352941,0.16843434343434344,20,0.07108777660248249,0.040759786544043414,0.06391402714932126,0.04852941176470588,0.09152509255450432,0.011764705882352941,0.16843434343434344,20,0.14733333333333332,0.09104147959665143,0.13111111111111112,0.08888888888888888,0.18444444444444444,0.02222222222222222,0.36444444444444446,20,0.14733333333333332,0.09104147959665143,0.13111111111111112,0.08888888888888888,0.18444444444444444,0.02222222222222222,0.36444444444444446,20,0.0,0.0,0.0,0.0,0.0,0.0,0.0,20,0.0,0.0,0.0,0.0,0.0,0.0,0.0,20,0.0,0.0,0.0,0.0,0.0,0.0,0.0,20,0.0,0.0,0.0,0.0,0.0,0.0,0.0,20,0.0,0.0,0.0,0.0,0.0,0.0,0.0,20,0.0,0.0,0.0,0.0,0.0,0.0,0.0,20,0.0,0.0,0.0,0.0,0.0,0.0,0.0
P1,P1_psd_bandpower_from_derivatives,PSD_ABSOLUTE_CHANNEL_BAND,ds004504__EC,AD_vs_CN,CN,AD,20,False,False,20,6.88,1.1321149281439211,6.8,6.2,7.6000000000000005,5.0,9.0,20,8.34,0.5547877735532846,8.2,8.1,9.0,7.4,9.0,20,1.46,1.337869476758516,1.4,0.8,2.2,-0.8,4.0,20,0.05140153637212461,0.022591132190749732,0.04533113944878651,0.038680069930069935,0.07150641025641026,0.011764705882352941,0.09866946778711484,20,0.05140153637212461,0.022591132190749732,0.04533113944878651,0.038680069930069935,0.07150641025641026,0.011764705882352941,0.09866946778711484,20,0.11822222222222221,0.05245673361813848,0.10666666666666666,0.08444444444444445,0.1577777777777778,0.02222222222222222,0.21333333333333332,20,0.11822222222222221,0.05245673361813848,0.10666666666666666,0.08444444444444445,0.1577777777777778,0.02222222222222222,0.21333333333333332,20,0.0,0.0,0.0,0.0,0.0,0.0,0.0,20,0.0,0.0,0.0,0.0,0.0,0.0,0.0,20,0.0,0.0,0.0,0.0,0.0,0.0,0.0,20,0.0,0.0,0.0,0.0,0.0,0.0,0.0,20,0.0,0.0,0.0,0.0,0.0,0.0,0.0,20,0.0,0.0,0.0,0.0,0.0,0.0,0.0,20,0.0,0.0,0.0,0.0,0.0,0.0,0.0
P1,P1_psd_bandpower_from_derivatives,PSD_ABSOLUTE_CHANNEL_BAND,ds004504__EC,AD_vs_FTD,FTD,AD,20,False,False,20,8.7,0.5005260390723681,9.0,8.2,9.0,7.4,9.0,20,8.08,0.8811475771013496,8.2,7.4,9.0,6.2,9.0,20,-0.62,1.1857043210017013,-0.8,-1.6,0.0,-2.8,1.6,20,0.026980323597970656,0.01807121691649039,0.027149321266968326,0.011764705882352941,0.03730203619909502,0.0,0.06048265460030166,20,0.026980323597970656,0.01807121691649039,0.027149321266968326,0.011764705882352941,0.03730203619909502,0.0,0.06048265460030166,20,0.06133333333333333,0.04320132840351625,0.06222222222222222,0.02222222222222222,0.09,0.0,0.14222222222222222,20,0.06133333333333333,0.04320132840351625,0.06222222222222222,0.02222222222222222,0.09,0.0,0.14222222222222222,17,0.0,0.0,0.0,0.0,0.0,0.0,0.0,20,0.0,0.0,0.0,0.0,0.0,0.0,0.0,20,0.0,0.0,0.0,0.0,0.0,0.0,0.0,20,0.0,0.0,0.0,0.0,0.0,0.0,0.0,20,0.0,0.0,0.0,0.0,0.0,0.0,0.0,20,0.0,0.0,0.0,0.0,0.0,0.0,0.0,20,0.0,0.0,0.0,0.0,0.0,0.0,0.0
P1,P1_psd_bandpower_from_derivatives,PSD_ABSOLUTE_CHANNEL_BAND,ds004504__EC,CN_vs_FTD,CN,FTD,20,False,False,20,7.52,0.7352765322974535,7.6,6.9,8.2,6.2,9.0,20,7.96,1.0414564700204076,8.0,7.4,9.0,5.4,9.0,20,0.44,1.0292562465453545,0.4,-0.1,1.2,-1.6,2.8,20,0.03629104229104229,0.020709255821161475,0.0330316742081448,0.023529411764705882,0.04633601692425221,0.011764705882352941,0.08787878787878788,20,0.03629104229104229,0.020709255821161475,0.0330316742081448,0.023529411764705882,0.04633601692425221,0.011764705882352941,0.08787878787878788,20,0.07844444444444444,0.04997777283731017,0.06666666666666667,0.04444444444444444,0.10666666666666666,0.02222222222222222,0.2,20,0.07844444444444444,0.04997777283731017,0.06666666666666667,0.04444444444444444,0.10666666666666666,0.02222222222222222,0.2,20,0.0,0.0,0.0,0.0,0.0,0.0,0.0,20,0.0,0.0,0.0,0.0,0.0,0.0,0.0,20,0.0,0.0,0.0,0.0,0.0,0.0,0.0,20,0.0,0.0,0.0,0.0,0.0,0.0,0.0,20,0.0,0.0,0.0,0.0,0.0,0.0,0.0,20,0.0,0.0,0.0,0.0,0.0,0.0,0.0,20,0.0,0.0,0.0,0.0,0.0,0.0,0.0
P1,P1_psd_bandpower_from_derivatives,PSD_ABSOLUTE_CHANNEL_BAND,ds006036__EO_or_photomark,AD_FTD_vs_CN,CN,AD_FTD,20,False,False,20,7.56,1.0085946449861494,7.4,7.0,8.2,5.0,9.0,20,7.859999999999999,0.47284135539144706,7.8,7.4,8.2,7.0,9.0,20,0.3,1.0770329614269007,0.0,-0.2,0.8,-1.2,2.4,20,0.07984246146010852,0.021252746352748056,0.08090463458110517,0.06696061291649527,0.09053733031674209,0.04253393665158371,0.115,20,0.07984246146010852,0.021252746352748056,0.08090463458110517,0.06696061291649527,0.09053733031674209,0.04253393665158371,0.115,20,0.17444444444444446,0.04499945851959255,0.1688888888888889,0.15000000000000002,0.2,0.10222222222222223,0.28444444444444444,20,0.17444444444444446,0.04499945851959255,0.1688888888888889,0.15000000000000002,0.2,0.10222222222222223,0.28444444444444444,20,0.0,0.0,0.0,0.0,0.0,0.0,0.0,20,0.0,0.0,0.0,0.0,0.0,0.0,0.0,20,0.0,0.0,0.0,0.0,0.0,0.0,0.0,20,0.0,0.0,0.0,0.0,0.0,0.0,0.0,20,0.0,0.0,0.0,0.0,0.0,0.0,0.0,20,0.0,0.0,0.0,0.0,0.0,0.0,0.0,20,0.0,0.0,0.0,0.0,0.0,0.0,0.0
P1,P1_psd_bandpower_from_derivatives,PSD_ABSOLUTE_CHANNEL_BAND,ds006036__EO_or_photomark,AD_vs_CN,CN,AD,20,False,False,20,7.6,0.9222398363709265,7.6,7.0,8.2,5.8,9.0,20,7.62,0.9401007784722925,7.8,7.0,8.2,5.8,9.0,20,0.019999999999999983,1.2943602361988071,0.2,-0.8,0.8,-3.2,2.4,20,0.034016317016317014,0.019341696246585934,0.02747326203208556,0.01748251748251748,0.05053733031674209,0.011764705882352941,0.06993006993006992,20,0.034016317016317014,0.019341696246585934,0.02747326203208556,0.01748251748251748,0.05053733031674209,0.011764705882352941,0.06993006993006992,20,0.07066666666666667,0.040603632482331356,0.06666666666666667,0.04333333333333333,0.09333333333333332,0.02222222222222222,0.16,20,0.07066666666666667,0.040603632482331356,0.06666666666666667,0.04333333333333333,0.09333333333333332,0.02222222222222222,0.16,20,0.0,0.0,0.0,0.0,0.0,0.0,0.0,20,0.0,0.0,0.0,0.0,0.0,0.0,0.0,20,0.0,0.0,0.0,0.0,0.0,0.0,0.0,20,0.0,0.0,0.0,0.0,0.0,0.0,0.0,20,0.0,0.0,0.0,0.0,0.0,0.0,0.0,20,0.0,0.0,0.0,0.0,0.0,0.0,0.0,20,0.0,0.0,0.0,0.0,0.0,0.0,0.0
P1,P1_psd_bandpower_from_derivatives,PSD_ABSOLUTE_CHANNEL_BAND,ds006036__EO_or_photomark,AD_vs_FTD,FTD,AD,20,False,False,20,8.48,0.5961278562964757,8.6,8.2,9.0,7.4,9.0,20,8.66,0.5393953730067147,9.0,8.2,9.0,7.0,9.0,20,0.18000000000000002,0.7164238674798159,0.0,0.0,0.8,-1.2,1.6,20,0.0354027149321267,0.018844821663452874,0.037104072398190045,0.021493212669683258,0.05214932126696833,0.0,0.065,20,0.0354027149321267,0.018844821663452874,0.037104072398190045,0.021493212669683258,0.05214932126696833,0.0,0.065,20,0.07088888888888889,0.03521695498092722,0.07555555555555556,0.04333333333333333,0.10666666666666666,0.0,0.1111111111111111,20,0.07088888888888889,0.03521695498092722,0.07555555555555556,0.04333333333333333,0.10666666666666666,0.0,0.1111111111111111,19,0.0,0.0,0.0,0.0,0.0,0.0,0.0,20,0.0,0.0,0.0,0.0,0.0,0.0,0.0,20,0.0,0.0,0.0,0.0,0.0,0.0,0.0,20,0.0,0.0,0.0,0.0,0.0,0.0,0.0,20,0.0,0.0,0.0,0.0,0.0,0.0,0.0,20,0.0,0.0,0.0,0.0,0.0,0.0,0.0,20,0.0,0.0,0.0,0.0,0.0,0.0,0.0
P1,P1_psd_bandpower_from_derivatives,PSD_ABSOLUTE_CHANNEL_BAND,ds006036__EO_or_photomark,CN_vs_FTD,CN,FTD,20,False,False,20,5.62,1.0175305504271759,5.8,4.9,6.300000000000001,3.8,7.0,20,7.34,0.9109855854194977,7.2,6.6,8.2,6.2,9.0,20,1.72,1.6573917365611104,2.0,0.30000000000000004,2.9999999999999996,-0.8,4.4,20,0.07747932949403538,0.03113323002000517,0.06625874125874126,0.0563177019059372,0.09763471822295351,0.037606837606837605,0.13747899159663865,20,0.07747932949403538,0.03113323002000517,0.06625874125874126,0.0563177019059372,0.09763471822295351,0.037606837606837605,0.13747899159663865,20,0.18177777777777776,0.057856895897196205,0.18222222222222223,0.14555555555555555,0.21333333333333335,0.08,0.29333333333333333,20,0.18177777777777776,0.057856895897196205,0.18222222222222223,0.14555555555555555,0.21333333333333335,0.08,0.29333333333333333,20,0.0,0.0,0.0,0.0,0.0,0.0,0.0,20,0.0,0.0,0.0,0.0,0.0,0.0,0.0,20,0.0,0.0,0.0,0.0,0.0,0.0,0.0,20,0.0,0.0,0.0,0.0,0.0,0.0,0.0,20,0.0,0.0,0.0,0.0,0.0,0.0,0.0,20,0.0,0.0,0.0,0.0,0.0,0.0,0.0,20,0.0,0.0,0.0,0.0,0.0,0.0,0.0
P1,P1_psd_bandpower_from_derivatives,PSD_REGION_ABSOLUTE,ds004504__EC,AD_FTD_vs_CN,CN,AD_FTD,20,False,False,20,4.859999999999999,0.9016943116039645,4.6,4.5,5.500000000000001,3.4,6.6,20,7.66,0.8133103246673598,7.8,7.0,8.2,5.8,9.0,20,2.8,1.2912662084375288,3.0,2.3,3.6,0.4,5.6,20,0.2746693861693862,0.08189030260476009,0.27428571428571424,0.24881673881673882,0.29652347652347655,0.09858585858585858,0.43230769230769234,20,0.2746693861693862,0.08189030260476009,0.27428571428571424,0.24881673881673882,0.29652347652347655,0.09858585858585858,0.43230769230769234,20,0.5984444444444444,0.12277302787774277,0.6155555555555555,0.5588888888888888,0.6699999999999999,0.24,0.8,20,0.5984444444444444,0.12277302787774277,0.6155555555555555,0.5588888888888888,0.6699999999999999,0.24,0.8,20,0.0,0.0,0.0,0.0,0.0,0.0,0.0,20,0.0,0.0,0.0,0.0,0.0,0.0,0.0,20,0.0,0.0,0.0,0.0,0.0,0.0,0.0,20,0.0,0.0,0.0,0.0,0.0,0.0,0.0,20,0.0,0.0,0.0,0.0,0.0,0.0,0.0,20,0.0,0.0,0.0,0.0,0.0,0.0,0.0,20,0.0,0.0,0.0,0.0,0.0,0.0,0.0
P1,P1_psd_bandpower_from_derivatives,PSD_REGION_ABSOLUTE,ds004504__EC,AD_vs_CN,CN,AD,20,False,False,20,5.6,1.2682354089961292,5.8,4.9,6.300000000000001,3.0,7.8,20,5.38,0.7280832803724412,5.6,5.0,5.8,3.8,6.6,20,-0.22,1.3516461698318287,0.0,-1.2,0.8,-2.8,2.0,20,0.27261408036408036,0.05965153690785949,0.2746520146520146,0.22929945054945053,0.3141333666333666,0.1854945054945055,0.3811111111111111,20,0.27261408036408036,0.05965153690785949,0.2746520146520146,0.22929945054945053,0.3141333666333666,0.1854945054945055,0.3811111111111111,20,0.5113333333333333,0.10383647863345882,0.49777777777777776,0.4122222222222222,0.6066666666666667,0.35555555555555557,0.6799999999999999,20,0.5113333333333333,0.10383647863345882,0.49777777777777776,0.4122222222222222,0.6066666666666667,0.35555555555555557,0.6799999999999999,20,0.0,0.0,0.0,0.0,0.0,0.0,0.0,20,0.0,0.0,0.0,0.0,0.0,0.0,0.0,20,0.0,0.0,0.0,0.0,0.0,0.0,0.0,20,0.0,0.0,0.0,0.0,0.0,0.0,0.0,20,0.0,0.0,0.0,0.0,0.0,0.0,0.0,20,0.0,0.0,0.0,0.0,0.0,0.0,0.0,20,0.0,0.0,0.0,0.0,0.0,0.0,0.0
P1,P1_psd_bandpower_from_derivatives,PSD_REGION_ABSOLUTE,ds004504__EC,AD_vs_FTD,FTD,AD,20,False,False,20,7.859999999999999,0.7816312227777575,8.0,7.4,8.2,6.6,9.0,20,7.06,1.2054263277276414,7.0,6.499999999999999,8.2,4.6,9.0,20,-0.8,1.5788070113054884,-0.8,-1.2999999999999998,0.0,-4.4,1.6,20,0.08174009487244782,0.026872241037560512,0.08219834087481147,0.06580316742081449,0.09431040364863894,0.027149321266968326,0.13200280112044818,20,0.09119825925708279,0.03036136297663978,0.09094988344988345,0.06924722336487042,0.116453081232493,0.027149321266968326,0.13663003663003662,20,0.16933333333333334,0.05997443683290658,0.1711111111111111,0.12777777777777777,0.21333333333333332,0.06222222222222222,0.29333333333333333,20,0.18777777777777777,0.06242031957861395,0.19777777777777777,0.1488888888888889,0.21888888888888888,0.06222222222222222,0.29333333333333333,20,0.08984126984126985,0.12041221528546729,0.0,0.0,0.14285714285714285,0.0,0.4,20,0.0,0.0,0.0,0.0,0.0,0.0,0.0,20,0.0,0.0,0.0,0.0,0.0,0.0,0.0,20,0.0,0.0,0.0,0.0,0.0,0.0,0.0,20,0.0,0.0,0.0,0.0,0.0,0.0,0.0,20,0.0,0.0,0.0,0.0,0.0,0.0,0.0,20,0.0,0.0,0.0,0.0,0.0,0.0,0.0
P1,P1_psd_bandpower_from_derivatives,PSD_REGION_ABSOLUTE,ds004504__EC,CN_vs_FTD,CN,FTD,20,False,False,20,4.06,1.198420012481346,4.2,3.1999999999999997,4.300000000000001,2.6,6.6,20,8.04,0.9028609498349355,8.2,7.4,9.0,6.2,9.0,20,3.98,1.4594880140507815,4.4,2.8,4.8999999999999995,1.6,6.4,20,0.12338286386815799,0.044506227702734706,0.12377095127095128,0.08812834224598931,0.14965367965367965,0.05216874628639334,0.21216874628639334,20,0.12338286386815799,0.044506227702734706,0.12377095127095128,0.08812834224598931,0.14965367965367965,0.05216874628639334,0.21216874628639334,20,0.4046666666666666,0.14312197118359424,0.39999999999999997,0.28888888888888886,0.4833333333333333,0.17333333333333334,0.6666666666666666,20,0.4046666666666666,0.14312197118359424,0.39999999999999997,0.28888888888888886,0.4833333333333333,0.17333333333333334,0.6666666666666666,20,0.0,0.0,0.0,0.0,0.0,0.0,0.0,20,0.0,0.0,0.0,0.0,0.0,0.0,0.0,20,0.0,0.0,0.0,0.0,0.0,0.0,0.0,20,0.0,0.0,0.0,0.0,0.0,0.0,0.0,20,0.0,0.0,0.0,0.0,0.0,0.0,0.0,20,0.0,0.0,0.0,0.0,0.0,0.0,0.0,20,0.0,0.0,0.0,0.0,0.0,0.0,0.0
P1,P1_psd_bandpower_from_derivatives,PSD_REGION_ABSOLUTE,ds006036__EO_or_photomark,AD_FTD_vs_CN,CN,AD_FTD,20,False,False,20,7.16,0.9659464951947115,7.4,6.499999999999999,8.2,5.4,8.2,20,7.359999999999999,0.8598653505361356,7.4,6.9,8.2,5.8,9.0,20,0.19999999999999998,1.4067506418768938,0.2,-0.8,0.8,-2.4,2.8,20,0.2343321025379849,0.04626906240686663,0.22114024864024864,0.20739510489510488,0.2629516317016317,0.16124542124542124,0.3169230769230769,20,0.2343321025379849,0.04626906240686663,0.22114024864024864,0.20739510489510488,0.2629516317016317,0.16124542124542124,0.3169230769230769,20,0.4226666666666667,0.05883689639051414,0.4244444444444444,0.39777777777777784,0.45111111111111113,0.31555555555555553,0.5244444444444445,20,0.4226666666666667,0.05883689639051414,0.4244444444444444,0.39777777777777784,0.45111111111111113,0.31555555555555553,0.5244444444444445,20,0.0,0.0,0.0,0.0,0.0,0.0,0.0,20,0.0,0.0,0.0,0.0,0.0,0.0,0.0,20,0.0,0.0,0.0,0.0,0.0,0.0,0.0,20,0.0,0.0,0.0,0.0,0.0,0.0,0.0,20,0.0,0.0,0.0,0.0,0.0,0.0,0.0,20,0.0,0.0,0.0,0.0,0.0,0.0,0.0,20,0.0,0.0,0.0,0.0,0.0,0.0,0.0
P1,P1_psd_bandpower_from_derivatives,PSD_REGION_ABSOLUTE,ds006036__EO_or_photomark,AD_vs_CN,CN,AD,20,False,False,20,5.46,0.7597783610334904,5.4,5.0,5.8,4.2,7.4,20,7.76,0.9167448132558911,8.0,7.300000000000001,8.2,5.4,9.0,20,2.3,1.167092654058749,2.5999999999999996,1.6,3.2,-0.4,4.0,20,0.11674808524808525,0.03625145998552405,0.11767399267399267,0.09022921522921523,0.12980769230769232,0.05934065934065934,0.19615384615384615,20,0.11674808524808525,0.03625145998552405,0.11767399267399267,0.09022921522921523,0.12980769230769232,0.05934065934065934,0.19615384615384615,20,0.2551111111111111,0.05688742688179848,0.2577777777777778,0.22000000000000003,0.29444444444444445,0.14666666666666667,0.3466666666666667,20,0.2551111111111111,0.05688742688179848,0.2577777777777778,0.22000000000000003,0.29444444444444445,0.14666666666666667,0.3466666666666667,20,0.0,0.0,0.0,0.0,0.0,0.0,0.0,20,0.0,0.0,0.0,0.0,0.0,0.0,0.0,20,0.0,0.0,0.0,0.0,0.0,0.0,0.0,20,0.0,0.0,0.0,0.0,0.0,0.0,0.0,20,0.0,0.0,0.0,0.0,0.0,0.0,0.0,20,0.0,0.0,0.0,0.0,0.0,0.0,0.0,20,0.0,0.0,0.0,0.0,0.0,0.0,0.0
P1,P1_psd_bandpower_from_derivatives,PSD_REGION_ABSOLUTE,ds006036__EO_or_photomark,AD_vs_FTD,FTD,AD,20,False,False,20,6.24,1.2508523409848857,6.2,5.300000000000001,7.0,3.8,9.0,20,8.32,0.6370986868940363,8.2,8.2,9.0,7.0,9.0,20,2.08,1.664995653542612,2.2,1.2,3.2,-2.0,5.2,20,0.08402953908836262,0.031454670489111755,0.0840292060880296,0.06114339092280269,0.09873538226479403,0.03636363636363636,0.14946311858076564,20,0.08857543926661574,0.03637002156440829,0.08981351981351982,0.06114339092280269,0.09932234432234432,0.03636363636363636,0.16447552447552446,20,0.19755555555555554,0.06851208019906693,0.17777777777777776,0.15222222222222223,0.22999999999999998,0.10222222222222223,0.37333333333333335,20,0.2051111111111111,0.07793667978481275,0.18888888888888888,0.15222222222222223,0.22999999999999998,0.10222222222222223,0.41333333333333333,20,0.03835497835497836,0.0729018568259427,0.0,0.0,0.022727272727272728,0.0,0.2222222222222222,20,0.0,0.0,0.0,0.0,0.0,0.0,0.0,20,0.0,0.0,0.0,0.0,0.0,0.0,0.0,20,0.0,0.0,0.0,0.0,0.0,0.0,0.0,20,0.0,0.0,0.0,0.0,0.0,0.0,0.0,20,0.0,0.0,0.0,0.0,0.0,0.0,0.0,20,0.0,0.0,0.0,0.0,0.0,0.0,0.0
P1,P1_psd_bandpower_from_derivatives,PSD_REGION_ABSOLUTE,ds006036__EO_or_photomark,CN_vs_FTD,CN,FTD,20,False,False,20,7.82,0.8357788677571799,7.8,7.4,8.2,5.8,9.0,20,7.6,0.7167176644441767,7.8,7.300000000000001,8.2,6.2,9.0,20,-0.22,1.1998245485771748,-0.6000000000000001,-1.2,0.5,-2.0,2.4,20,0.26958875275051747,0.06322062180504714,0.27250555000555,0.21957417582417582,0.3088988788988789,0.17222222222222222,0.38263736263736264,20,0.26958875275051747,0.06322062180504714,0.27250555000555,0.21957417582417582,0.3088988788988789,0.17222222222222222,0.38263736263736264,20,0.4591111111111111,0.0874158650548506,0.4488888888888889,0.41777777777777775,0.5255555555555556,0.2622222222222222,0.6088888888888889,20,0.4591111111111111,0.0874158650548506,0.4488888888888889,0.41777777777777775,0.5255555555555556,0.2622222222222222,0.6088888888888889,20,0.0,0.0,0.0,0.0,0.0,0.0,0.0,20,0.0,0.0,0.0,0.0,0.0,0.0,0.0,20,0.0,0.0,0.0,0.0,0.0,0.0,0.0,20,0.0,0.0,0.0,0.0,0.0,0.0,0.0,20,0.0,0.0,0.0,0.0,0.0,0.0,0.0,20,0.0,0.0,0.0,0.0,0.0,0.0,0.0,20,0.0,0.0,0.0,0.0,0.0,0.0,0.0
