bundle_id,experiment,matching_id,matching_map_csv,condition,task,world,source_grid_csv,model,positive_class,negative_class,expected_source_jobs,base_seed
R2_without_theta_alpha__ds004504__EC__AD_vs_CN,EXP4_pattern_ablation,0,,ds004504__EC,AD_vs_CN,PSD_REGION_ABSOLUTE,/opt/2026_Girona/EEG/adftd_repro_benchmark/revision_outputs/reviewer_round2_20260904/config/exp34_selected_source_grid.csv,EEGKTSP_R2_without_theta_alpha,AD,CN,100,20260518
R2_without_theta_alpha__ds004504__EC__CN_vs_FTD,EXP4_pattern_ablation,0,,ds004504__EC,CN_vs_FTD,PSD_REGION_ABSOLUTE,/opt/2026_Girona/EEG/adftd_repro_benchmark/revision_outputs/reviewer_round2_20260904/config/exp34_selected_source_grid.csv,EEGKTSP_R2_without_theta_alpha,FTD,CN,100,20260518
R2_without_theta_alpha__ds004504__EC__AD_FTD_vs_CN,EXP4_pattern_ablation,0,,ds004504__EC,AD_FTD_vs_CN,PSD_REGION_ABSOLUTE,/opt/2026_Girona/EEG/adftd_repro_benchmark/revision_outputs/reviewer_round2_20260904/config/exp34_selected_source_grid.csv,EEGKTSP_R2_without_theta_alpha,AD_FTD,CN,100,20260518
R2_without_theta_alpha__ds006036__EO_or_photomark__AD_vs_CN,EXP4_pattern_ablation,0,,ds006036__EO_or_photomark,AD_vs_CN,PSD_REGION_ABSOLUTE,/opt/2026_Girona/EEG/adftd_repro_benchmark/revision_outputs/reviewer_round2_20260904/config/exp34_selected_source_grid.csv,EEGKTSP_R2_without_theta_alpha,AD,CN,100,20260518
R2_without_theta_alpha__ds006036__EO_or_photomark__CN_vs_FTD,EXP4_pattern_ablation,0,,ds006036__EO_or_photomark,CN_vs_FTD,PSD_REGION_ABSOLUTE,/opt/2026_Girona/EEG/adftd_repro_benchmark/revision_outputs/reviewer_round2_20260904/config/exp34_selected_source_grid.csv,EEGKTSP_R2_without_theta_alpha,FTD,CN,100,20260518
R2_without_theta_alpha__ds006036__EO_or_photomark__AD_FTD_vs_CN,EXP4_pattern_ablation,0,,ds006036__EO_or_photomark,AD_FTD_vs_CN,PSD_REGION_ABSOLUTE,/opt/2026_Girona/EEG/adftd_repro_benchmark/revision_outputs/reviewer_round2_20260904/config/exp34_selected_source_grid.csv,EEGKTSP_R2_without_theta_alpha,AD_FTD,CN,100,20260518
R2_without_slow_fast__ds004504__EC__AD_vs_CN,EXP4_pattern_ablation,0,,ds004504__EC,AD_vs_CN,PSD_REGION_ABSOLUTE,/opt/2026_Girona/EEG/adftd_repro_benchmark/revision_outputs/reviewer_round2_20260904/config/exp34_selected_source_grid.csv,EEGKTSP_R2_without_slow_fast,AD,CN,100,20260518
R2_without_slow_fast__ds004504__EC__CN_vs_FTD,EXP4_pattern_ablation,0,,ds004504__EC,CN_vs_FTD,PSD_REGION_ABSOLUTE,/opt/2026_Girona/EEG/adftd_repro_benchmark/revision_outputs/reviewer_round2_20260904/config/exp34_selected_source_grid.csv,EEGKTSP_R2_without_slow_fast,FTD,CN,100,20260518
R2_without_slow_fast__ds004504__EC__AD_FTD_vs_CN,EXP4_pattern_ablation,0,,ds004504__EC,AD_FTD_vs_CN,PSD_REGION_ABSOLUTE,/opt/2026_Girona/EEG/adftd_repro_benchmark/revision_outputs/reviewer_round2_20260904/config/exp34_selected_source_grid.csv,EEGKTSP_R2_without_slow_fast,AD_FTD,CN,100,20260518
R2_without_slow_fast__ds006036__EO_or_photomark__AD_vs_CN,EXP4_pattern_ablation,0,,ds006036__EO_or_photomark,AD_vs_CN,PSD_REGION_ABSOLUTE,/opt/2026_Girona/EEG/adftd_repro_benchmark/revision_outputs/reviewer_round2_20260904/config/exp34_selected_source_grid.csv,EEGKTSP_R2_without_slow_fast,AD,CN,100,20260518
R2_without_slow_fast__ds006036__EO_or_photomark__CN_vs_FTD,EXP4_pattern_ablation,0,,ds006036__EO_or_photomark,CN_vs_FTD,PSD_REGION_ABSOLUTE,/opt/2026_Girona/EEG/adftd_repro_benchmark/revision_outputs/reviewer_round2_20260904/config/exp34_selected_source_grid.csv,EEGKTSP_R2_without_slow_fast,FTD,CN,100,20260518
R2_without_slow_fast__ds006036__EO_or_photomark__AD_FTD_vs_CN,EXP4_pattern_ablation,0,,ds006036__EO_or_photomark,AD_FTD_vs_CN,PSD_REGION_ABSOLUTE,/opt/2026_Girona/EEG/adftd_repro_benchmark/revision_outputs/reviewer_round2_20260904/config/exp34_selected_source_grid.csv,EEGKTSP_R2_without_slow_fast,AD_FTD,CN,100,20260518
R2_without_anterior_posterior__ds004504__EC__AD_vs_CN,EXP4_pattern_ablation,0,,ds004504__EC,AD_vs_CN,PSD_REGION_ABSOLUTE,/opt/2026_Girona/EEG/adftd_repro_benchmark/revision_outputs/reviewer_round2_20260904/config/exp34_selected_source_grid.csv,EEGKTSP_R2_without_anterior_posterior,AD,CN,100,20260518
R2_without_anterior_posterior__ds004504__EC__CN_vs_FTD,EXP4_pattern_ablation,0,,ds004504__EC,CN_vs_FTD,PSD_REGION_ABSOLUTE,/opt/2026_Girona/EEG/adftd_repro_benchmark/revision_outputs/reviewer_round2_20260904/config/exp34_selected_source_grid.csv,EEGKTSP_R2_without_anterior_posterior,FTD,CN,100,20260518
R2_without_anterior_posterior__ds004504__EC__AD_FTD_vs_CN,EXP4_pattern_ablation,0,,ds004504__EC,AD_FTD_vs_CN,PSD_REGION_ABSOLUTE,/opt/2026_Girona/EEG/adftd_repro_benchmark/revision_outputs/reviewer_round2_20260904/config/exp34_selected_source_grid.csv,EEGKTSP_R2_without_anterior_posterior,AD_FTD,CN,100,20260518
R2_without_anterior_posterior__ds006036__EO_or_photomark__AD_vs_CN,EXP4_pattern_ablation,0,,ds006036__EO_or_photomark,AD_vs_CN,PSD_REGION_ABSOLUTE,/opt/2026_Girona/EEG/adftd_repro_benchmark/revision_outputs/reviewer_round2_20260904/config/exp34_selected_source_grid.csv,EEGKTSP_R2_without_anterior_posterior,AD,CN,100,20260518
R2_without_anterior_posterior__ds006036__EO_or_photomark__CN_vs_FTD,EXP4_pattern_ablation,0,,ds006036__EO_or_photomark,CN_vs_FTD,PSD_REGION_ABSOLUTE,/opt/2026_Girona/EEG/adftd_repro_benchmark/revision_outputs/reviewer_round2_20260904/config/exp34_selected_source_grid.csv,EEGKTSP_R2_without_anterior_posterior,FTD,CN,100,20260518
R2_without_anterior_posterior__ds006036__EO_or_photomark__AD_FTD_vs_CN,EXP4_pattern_ablation,0,,ds006036__EO_or_photomark,AD_FTD_vs_CN,PSD_REGION_ABSOLUTE,/opt/2026_Girona/EEG/adftd_repro_benchmark/revision_outputs/reviewer_round2_20260904/config/exp34_selected_source_grid.csv,EEGKTSP_R2_without_anterior_posterior,AD_FTD,CN,100,20260518
R2_without_frontal_theta_occipital_alpha__ds004504__EC__AD_vs_CN,EXP4_pattern_ablation,0,,ds004504__EC,AD_vs_CN,PSD_REGION_ABSOLUTE,/opt/2026_Girona/EEG/adftd_repro_benchmark/revision_outputs/reviewer_round2_20260904/config/exp34_selected_source_grid.csv,EEGKTSP_R2_without_frontal_theta_occipital_alpha,AD,CN,100,20260518
R2_without_frontal_theta_occipital_alpha__ds004504__EC__CN_vs_FTD,EXP4_pattern_ablation,0,,ds004504__EC,CN_vs_FTD,PSD_REGION_ABSOLUTE,/opt/2026_Girona/EEG/adftd_repro_benchmark/revision_outputs/reviewer_round2_20260904/config/exp34_selected_source_grid.csv,EEGKTSP_R2_without_frontal_theta_occipital_alpha,FTD,CN,100,20260518
R2_without_frontal_theta_occipital_alpha__ds004504__EC__AD_FTD_vs_CN,EXP4_pattern_ablation,0,,ds004504__EC,AD_FTD_vs_CN,PSD_REGION_ABSOLUTE,/opt/2026_Girona/EEG/adftd_repro_benchmark/revision_outputs/reviewer_round2_20260904/config/exp34_selected_source_grid.csv,EEGKTSP_R2_without_frontal_theta_occipital_alpha,AD_FTD,CN,100,20260518
R2_without_frontal_theta_occipital_alpha__ds006036__EO_or_photomark__AD_vs_CN,EXP4_pattern_ablation,0,,ds006036__EO_or_photomark,AD_vs_CN,PSD_REGION_ABSOLUTE,/opt/2026_Girona/EEG/adftd_repro_benchmark/revision_outputs/reviewer_round2_20260904/config/exp34_selected_source_grid.csv,EEGKTSP_R2_without_frontal_theta_occipital_alpha,AD,CN,100,20260518
R2_without_frontal_theta_occipital_alpha__ds006036__EO_or_photomark__CN_vs_FTD,EXP4_pattern_ablation,0,,ds006036__EO_or_photomark,CN_vs_FTD,PSD_REGION_ABSOLUTE,/opt/2026_Girona/EEG/adftd_repro_benchmark/revision_outputs/reviewer_round2_20260904/config/exp34_selected_source_grid.csv,EEGKTSP_R2_without_frontal_theta_occipital_alpha,FTD,CN,100,20260518
R2_without_frontal_theta_occipital_alpha__ds006036__EO_or_photomark__AD_FTD_vs_CN,EXP4_pattern_ablation,0,,ds006036__EO_or_photomark,AD_FTD_vs_CN,PSD_REGION_ABSOLUTE,/opt/2026_Girona/EEG/adftd_repro_benchmark/revision_outputs/reviewer_round2_20260904/config/exp34_selected_source_grid.csv,EEGKTSP_R2_without_frontal_theta_occipital_alpha,AD_FTD,CN,100,20260518
R2_theta_alpha_only__ds004504__EC__AD_vs_CN,EXP4_pattern_ablation,0,,ds004504__EC,AD_vs_CN,PSD_REGION_ABSOLUTE,/opt/2026_Girona/EEG/adftd_repro_benchmark/revision_outputs/reviewer_round2_20260904/config/exp34_selected_source_grid.csv,EEGKTSP_R2_theta_alpha_only,AD,CN,100,20260518
R2_theta_alpha_only__ds004504__EC__CN_vs_FTD,EXP4_pattern_ablation,0,,ds004504__EC,CN_vs_FTD,PSD_REGION_ABSOLUTE,/opt/2026_Girona/EEG/adftd_repro_benchmark/revision_outputs/reviewer_round2_20260904/config/exp34_selected_source_grid.csv,EEGKTSP_R2_theta_alpha_only,FTD,CN,100,20260518
R2_theta_alpha_only__ds004504__EC__AD_FTD_vs_CN,EXP4_pattern_ablation,0,,ds004504__EC,AD_FTD_vs_CN,PSD_REGION_ABSOLUTE,/opt/2026_Girona/EEG/adftd_repro_benchmark/revision_outputs/reviewer_round2_20260904/config/exp34_selected_source_grid.csv,EEGKTSP_R2_theta_alpha_only,AD_FTD,CN,100,20260518
R2_theta_alpha_only__ds006036__EO_or_photomark__AD_vs_CN,EXP4_pattern_ablation,0,,ds006036__EO_or_photomark,AD_vs_CN,PSD_REGION_ABSOLUTE,/opt/2026_Girona/EEG/adftd_repro_benchmark/revision_outputs/reviewer_round2_20260904/config/exp34_selected_source_grid.csv,EEGKTSP_R2_theta_alpha_only,AD,CN,100,20260518
R2_theta_alpha_only__ds006036__EO_or_photomark__CN_vs_FTD,EXP4_pattern_ablation,0,,ds006036__EO_or_photomark,CN_vs_FTD,PSD_REGION_ABSOLUTE,/opt/2026_Girona/EEG/adftd_repro_benchmark/revision_outputs/reviewer_round2_20260904/config/exp34_selected_source_grid.csv,EEGKTSP_R2_theta_alpha_only,FTD,CN,100,20260518
R2_theta_alpha_only__ds006036__EO_or_photomark__AD_FTD_vs_CN,EXP4_pattern_ablation,0,,ds006036__EO_or_photomark,AD_FTD_vs_CN,PSD_REGION_ABSOLUTE,/opt/2026_Girona/EEG/adftd_repro_benchmark/revision_outputs/reviewer_round2_20260904/config/exp34_selected_source_grid.csv,EEGKTSP_R2_theta_alpha_only,AD_FTD,CN,100,20260518
R2_slow_fast_only__ds004504__EC__AD_vs_CN,EXP4_pattern_ablation,0,,ds004504__EC,AD_vs_CN,PSD_REGION_ABSOLUTE,/opt/2026_Girona/EEG/adftd_repro_benchmark/revision_outputs/reviewer_round2_20260904/config/exp34_selected_source_grid.csv,EEGKTSP_R2_slow_fast_only,AD,CN,100,20260518
R2_slow_fast_only__ds004504__EC__CN_vs_FTD,EXP4_pattern_ablation,0,,ds004504__EC,CN_vs_FTD,PSD_REGION_ABSOLUTE,/opt/2026_Girona/EEG/adftd_repro_benchmark/revision_outputs/reviewer_round2_20260904/config/exp34_selected_source_grid.csv,EEGKTSP_R2_slow_fast_only,FTD,CN,100,20260518
R2_slow_fast_only__ds004504__EC__AD_FTD_vs_CN,EXP4_pattern_ablation,0,,ds004504__EC,AD_FTD_vs_CN,PSD_REGION_ABSOLUTE,/opt/2026_Girona/EEG/adftd_repro_benchmark/revision_outputs/reviewer_round2_20260904/config/exp34_selected_source_grid.csv,EEGKTSP_R2_slow_fast_only,AD_FTD,CN,100,20260518
R2_slow_fast_only__ds006036__EO_or_photomark__AD_vs_CN,EXP4_pattern_ablation,0,,ds006036__EO_or_photomark,AD_vs_CN,PSD_REGION_ABSOLUTE,/opt/2026_Girona/EEG/adftd_repro_benchmark/revision_outputs/reviewer_round2_20260904/config/exp34_selected_source_grid.csv,EEGKTSP_R2_slow_fast_only,AD,CN,100,20260518
R2_slow_fast_only__ds006036__EO_or_photomark__CN_vs_FTD,EXP4_pattern_ablation,0,,ds006036__EO_or_photomark,CN_vs_FTD,PSD_REGION_ABSOLUTE,/opt/2026_Girona/EEG/adftd_repro_benchmark/revision_outputs/reviewer_round2_20260904/config/exp34_selected_source_grid.csv,EEGKTSP_R2_slow_fast_only,FTD,CN,100,20260518
R2_slow_fast_only__ds006036__EO_or_photomark__AD_FTD_vs_CN,EXP4_pattern_ablation,0,,ds006036__EO_or_photomark,AD_FTD_vs_CN,PSD_REGION_ABSOLUTE,/opt/2026_Girona/EEG/adftd_repro_benchmark/revision_outputs/reviewer_round2_20260904/config/exp34_selected_source_grid.csv,EEGKTSP_R2_slow_fast_only,AD_FTD,CN,100,20260518
R2_anterior_posterior_only__ds004504__EC__AD_vs_CN,EXP4_pattern_ablation,0,,ds004504__EC,AD_vs_CN,PSD_REGION_ABSOLUTE,/opt/2026_Girona/EEG/adftd_repro_benchmark/revision_outputs/reviewer_round2_20260904/config/exp34_selected_source_grid.csv,EEGKTSP_R2_anterior_posterior_only,AD,CN,100,20260518
R2_anterior_posterior_only__ds004504__EC__CN_vs_FTD,EXP4_pattern_ablation,0,,ds004504__EC,CN_vs_FTD,PSD_REGION_ABSOLUTE,/opt/2026_Girona/EEG/adftd_repro_benchmark/revision_outputs/reviewer_round2_20260904/config/exp34_selected_source_grid.csv,EEGKTSP_R2_anterior_posterior_only,FTD,CN,100,20260518
R2_anterior_posterior_only__ds004504__EC__AD_FTD_vs_CN,EXP4_pattern_ablation,0,,ds004504__EC,AD_FTD_vs_CN,PSD_REGION_ABSOLUTE,/opt/2026_Girona/EEG/adftd_repro_benchmark/revision_outputs/reviewer_round2_20260904/config/exp34_selected_source_grid.csv,EEGKTSP_R2_anterior_posterior_only,AD_FTD,CN,100,20260518
R2_anterior_posterior_only__ds006036__EO_or_photomark__AD_vs_CN,EXP4_pattern_ablation,0,,ds006036__EO_or_photomark,AD_vs_CN,PSD_REGION_ABSOLUTE,/opt/2026_Girona/EEG/adftd_repro_benchmark/revision_outputs/reviewer_round2_20260904/config/exp34_selected_source_grid.csv,EEGKTSP_R2_anterior_posterior_only,AD,CN,100,20260518
R2_anterior_posterior_only__ds006036__EO_or_photomark__CN_vs_FTD,EXP4_pattern_ablation,0,,ds006036__EO_or_photomark,CN_vs_FTD,PSD_REGION_ABSOLUTE,/opt/2026_Girona/EEG/adftd_repro_benchmark/revision_outputs/reviewer_round2_20260904/config/exp34_selected_source_grid.csv,EEGKTSP_R2_anterior_posterior_only,FTD,CN,100,20260518
R2_anterior_posterior_only__ds006036__EO_or_photomark__AD_FTD_vs_CN,EXP4_pattern_ablation,0,,ds006036__EO_or_photomark,AD_FTD_vs_CN,PSD_REGION_ABSOLUTE,/opt/2026_Girona/EEG/adftd_repro_benchmark/revision_outputs/reviewer_round2_20260904/config/exp34_selected_source_grid.csv,EEGKTSP_R2_anterior_posterior_only,AD_FTD,CN,100,20260518
