"split_family","condition","task","metric","n_repeats","repeat_mean","repeat_sd","repeat_median","repeat_iqr","repeat_min","repeat_max","comparison_policy"
"P0","ds004504__EC","AD_FTD_vs_CN","accuracy",20,0.657386363636364,0.0129171372928242,0.659090909090909,0.0113636363636364,0.625,0.681818181818182,"P0_and_P1_reported_as_separate_descriptive_strata; no_paired_cross_representation_test"
"P0","ds004504__EC","AD_FTD_vs_CN","macro_f1",20,0.423799488817376,0.0293666932835146,0.421911421911422,0.0514474920226177,0.384615384615385,0.489643744821872,"P0_and_P1_reported_as_separate_descriptive_strata; no_paired_cross_representation_test"
"P0","ds004504__EC","AD_FTD_vs_CN","balanced_accuracy",20,0.498582700175336,0.0154399967192992,0.491817650496785,0.0173144360023378,0.466101694915254,0.534774985388662,"P0_and_P1_reported_as_separate_descriptive_strata; no_paired_cross_representation_test"
"P0","ds004504__EC","AD_FTD_vs_CN","mcc",20,-0.0185471374729158,0.078620366367507,-0.036928646295287,0.111953150260026,-0.152990106080475,0.141220553151918,"P0_and_P1_reported_as_separate_descriptive_strata; no_paired_cross_representation_test"
"P0","ds004504__EC","AD_FTD_vs_CN","precision_positive",20,0.669851338221325,0.00713011284982961,0.666666666666667,0.00782198561688618,0.654761904761905,0.686746987951807,"P0_and_P1_reported_as_separate_descriptive_strata; no_paired_cross_representation_test"
"P0","ds004504__EC","AD_FTD_vs_CN","recall_positive",20,0.964406779661017,0.018155132995383,0.966101694915254,0.0338983050847458,0.932203389830508,0.983050847457627,"P0_and_P1_reported_as_separate_descriptive_strata; no_paired_cross_representation_test"
"P0","ds004504__EC","AD_FTD_vs_CN","f1_positive",20,0.790513831992918,0.0086097606185976,0.793093607305936,0.0113037647284223,0.769230769230769,0.805555555555556,"P0_and_P1_reported_as_separate_descriptive_strata; no_paired_cross_representation_test"
"P0","ds004504__EC","AD_FTD_vs_CN","precision_negative",20,0.236666666666667,0.226697624304925,0.25,0.4,0,0.666666666666667,"P0_and_P1_reported_as_separate_descriptive_strata; no_paired_cross_representation_test"
"P0","ds004504__EC","AD_FTD_vs_CN","recall_negative",20,0.0327586206896552,0.0325694221168391,0.0344827586206897,0.0689655172413793,0,0.103448275862069,"P0_and_P1_reported_as_separate_descriptive_strata; no_paired_cross_representation_test"
"P0","ds004504__EC","AD_FTD_vs_CN","f1_negative",20,0.0570851456418344,0.0560961648024657,0.0606060606060606,0.115126050420168,0,0.176470588235294,"P0_and_P1_reported_as_separate_descriptive_strata; no_paired_cross_representation_test"
"P1","ds004504__EC","AD_FTD_vs_CN","accuracy",20,0.655681818181818,0.0177199101383445,0.659090909090909,0.0227272727272727,0.613636363636364,0.693181818181818,"P0_and_P1_reported_as_separate_descriptive_strata; no_paired_cross_representation_test"
"P1","ds004504__EC","AD_FTD_vs_CN","macro_f1",20,0.410561840291326,0.0226399176051581,0.401360544217687,0.0269833322184821,0.384615384615385,0.471412680756396,"P0_and_P1_reported_as_separate_descriptive_strata; no_paired_cross_representation_test"
"P1","ds004504__EC","AD_FTD_vs_CN","balanced_accuracy",20,0.493366452367037,0.0155666362409845,0.491817650496785,0.0170222092343659,0.466101694915254,0.53448275862069,"P0_and_P1_reported_as_separate_descriptive_strata; no_paired_cross_representation_test"
"P1","ds004504__EC","AD_FTD_vs_CN","mcc",20,-0.0354460218794068,0.0842791131068128,-0.036928646295287,0.10729351250884,-0.152990106080475,0.21751678676843,"P0_and_P1_reported_as_separate_descriptive_strata; no_paired_cross_representation_test"
"P1","ds004504__EC","AD_FTD_vs_CN","precision_positive",20,0.667388520602539,0.00717685394579371,0.666666666666667,0.00769727024001987,0.654320987654321,0.686046511627907,"P0_and_P1_reported_as_separate_descriptive_strata; no_paired_cross_representation_test"
"P1","ds004504__EC","AD_FTD_vs_CN","recall_positive",20,0.969491525423729,0.0267142008695733,0.966101694915254,0.038135593220339,0.898305084745763,1,"P0_and_P1_reported_as_separate_descriptive_strata; no_paired_cross_representation_test"
"P1","ds004504__EC","AD_FTD_vs_CN","f1_positive",20,0.790475524448253,0.0129226129162309,0.791666666666667,0.0152209038908547,0.757142857142857,0.813793103448276,"P0_and_P1_reported_as_separate_descriptive_strata; no_paired_cross_representation_test"
"P1","ds004504__EC","AD_FTD_vs_CN","precision_negative",20,0.16047619047619,0.257781857114695,0,0.270833333333333,0,1,"P0_and_P1_reported_as_separate_descriptive_strata; no_paired_cross_representation_test"
"P1","ds004504__EC","AD_FTD_vs_CN","recall_negative",20,0.0172413793103448,0.0237326621245409,0,0.0344827586206897,0,0.0689655172413793,"P0_and_P1_reported_as_separate_descriptive_strata; no_paired_cross_representation_test"
"P1","ds004504__EC","AD_FTD_vs_CN","f1_negative",20,0.030648156134399,0.0423714181253113,0,0.0610795454545454,0,0.129032258064516,"P0_and_P1_reported_as_separate_descriptive_strata; no_paired_cross_representation_test"
"P0","ds004504__EC","AD_vs_CN","accuracy",20,0.546153846153846,0.0397751387556765,0.546153846153846,0.0499999999999999,0.476923076923077,0.630769230769231,"P0_and_P1_reported_as_separate_descriptive_strata; no_paired_cross_representation_test"
"P0","ds004504__EC","AD_vs_CN","macro_f1",20,0.49349844687792,0.0624318417999673,0.499945601136077,0.0943297012569645,0.386111111111111,0.615384615384615,"P0_and_P1_reported_as_separate_descriptive_strata; no_paired_cross_representation_test"
"P0","ds004504__EC","AD_vs_CN","balanced_accuracy",20,0.518869731800766,0.0454935468598517,0.516283524904215,0.0560344827586207,0.440613026819923,0.616379310344828,"P0_and_P1_reported_as_separate_descriptive_strata; no_paired_cross_representation_test"
"P0","ds004504__EC","AD_vs_CN","mcc",20,0.037279416794014,0.104617832434867,0.0360968724163547,0.123874080830386,-0.15746288830397,0.241973307623085,"P0_and_P1_reported_as_separate_descriptive_strata; no_paired_cross_representation_test"
"P0","ds004504__EC","AD_vs_CN","precision_positive",20,0.568220356272026,0.0314128272064439,0.565011820330969,0.0386333534338806,0.518518518518518,0.642857142857143,"P0_and_P1_reported_as_separate_descriptive_strata; no_paired_cross_representation_test"
"P0","ds004504__EC","AD_vs_CN","recall_positive",20,0.772222222222222,0.0437816069806896,0.763888888888889,0.0347222222222223,0.694444444444444,0.861111111111111,"P0_and_P1_reported_as_separate_descriptive_strata; no_paired_cross_representation_test"
"P0","ds004504__EC","AD_vs_CN","f1_positive",20,0.653524099991771,0.0223346073574041,0.654956620679847,0.0370675360445182,0.613636363636364,0.692307692307692,"P0_and_P1_reported_as_separate_descriptive_strata; no_paired_cross_representation_test"
"P0","ds004504__EC","AD_vs_CN","precision_negative",20,0.467449848296362,0.0922146469016634,0.475,0.104941933066933,0.272727272727273,0.608695652173913,"P0_and_P1_reported_as_separate_descriptive_strata; no_paired_cross_representation_test"
"P0","ds004504__EC","AD_vs_CN","recall_negative",20,0.26551724137931,0.109673547981516,0.275862068965517,0.181034482758621,0.103448275862069,0.482758620689655,"P0_and_P1_reported_as_separate_descriptive_strata; no_paired_cross_representation_test"
"P0","ds004504__EC","AD_vs_CN","f1_negative",20,0.333472793764068,0.112190070933588,0.350340136054422,0.183324570507743,0.15,0.538461538461538,"P0_and_P1_reported_as_separate_descriptive_strata; no_paired_cross_representation_test"
"P1","ds004504__EC","AD_vs_CN","accuracy",20,0.563076923076923,0.0357854431936445,0.569230769230769,0.023076923076923,0.492307692307692,0.646153846153846,"P0_and_P1_reported_as_separate_descriptive_strata; no_paired_cross_representation_test"
"P1","ds004504__EC","AD_vs_CN","macro_f1",20,0.519522289558417,0.056335280539764,0.515763742071882,0.0497623784154854,0.411121524523586,0.637575757575758,"P0_and_P1_reported_as_separate_descriptive_strata; no_paired_cross_representation_test"
"P1","ds004504__EC","AD_vs_CN","balanced_accuracy",20,0.539176245210728,0.0414709565580905,0.53544061302682,0.0346024904214559,0.461206896551724,0.636973180076628,"P0_and_P1_reported_as_separate_descriptive_strata; no_paired_cross_representation_test"
"P1","ds004504__EC","AD_vs_CN","mcc",20,0.0852299961064168,0.086873069744702,0.0905386493874154,0.0742754372060382,-0.0938178905150891,0.277969282645598,"P0_and_P1_reported_as_separate_descriptive_strata; no_paired_cross_representation_test"
"P1","ds004504__EC","AD_vs_CN","precision_positive",20,0.583149806384462,0.0327975181569873,0.577350427350427,0.0252157042321413,0.529411764705882,0.666666666666667,"P0_and_P1_reported_as_separate_descriptive_strata; no_paired_cross_representation_test"
"P1","ds004504__EC","AD_vs_CN","recall_positive",20,0.761111111111111,0.0723233659736394,0.75,0.0625000000000001,0.611111111111111,0.944444444444444,"P0_and_P1_reported_as_separate_descriptive_strata; no_paired_cross_representation_test"
"P1","ds004504__EC","AD_vs_CN","f1_positive",20,0.657950502980635,0.0270556163583476,0.658680057388809,0.0362504320955824,0.611764705882353,0.701030927835051,"P0_and_P1_reported_as_separate_descriptive_strata; no_paired_cross_representation_test"
"P1","ds004504__EC","AD_vs_CN","precision_negative",20,0.51088007784232,0.0624631097733483,0.526315789473684,0.0452152014652014,0.357142857142857,0.615384615384615,"P0_and_P1_reported_as_separate_descriptive_strata; no_paired_cross_representation_test"
"P1","ds004504__EC","AD_vs_CN","recall_negative",20,0.317241379310345,0.123369267724126,0.310344827586207,0.120689655172414,0.0689655172413793,0.551724137931034,"P0_and_P1_reported_as_separate_descriptive_strata; no_paired_cross_representation_test"
"P1","ds004504__EC","AD_vs_CN","f1_negative",20,0.381094076136199,0.110509071552837,0.383152173913043,0.103553630754627,0.121212121212121,0.581818181818182,"P0_and_P1_reported_as_separate_descriptive_strata; no_paired_cross_representation_test"
"P0","ds004504__EC","AD_vs_FTD","accuracy",20,0.6,0.02878468406743,0.593220338983051,0.0254237288135594,0.542372881355932,0.644067796610169,"P0_and_P1_reported_as_separate_descriptive_strata; no_paired_cross_representation_test"
"P0","ds004504__EC","AD_vs_FTD","macro_f1",20,0.456545067754362,0.0490795966889919,0.455668405668406,0.0803961157220498,0.351648351648352,0.540600667408231,"P0_and_P1_reported_as_separate_descriptive_strata; no_paired_cross_representation_test"
"P0","ds004504__EC","AD_vs_FTD","balanced_accuracy",20,0.51286231884058,0.0306080706530162,0.515700483091787,0.0330615942028985,0.444444444444444,0.567028985507246,"P0_and_P1_reported_as_separate_descriptive_strata; no_paired_cross_representation_test"
"P0","ds004504__EC","AD_vs_FTD","mcc",20,0.0421284722023005,0.110720091696792,0.0526121859561681,0.101825797493289,-0.215556596894288,0.234349970059352,"P0_and_P1_reported_as_separate_descriptive_strata; no_paired_cross_representation_test"
"P0","ds004504__EC","AD_vs_FTD","precision_positive",20,0.617231633175906,0.0161604108152746,0.618181818181818,0.0178765950824774,0.581818181818182,0.647058823529412,"P0_and_P1_reported_as_separate_descriptive_strata; no_paired_cross_representation_test"
"P0","ds004504__EC","AD_vs_FTD","recall_positive",20,0.908333333333333,0.0533936062930989,0.916666666666667,0.0555555555555556,0.777777777777778,1,"P0_and_P1_reported_as_separate_descriptive_strata; no_paired_cross_representation_test"
"P0","ds004504__EC","AD_vs_FTD","f1_positive",20,0.734382684474896,0.0228981810307875,0.73448275862069,0.0363863287250384,0.691358024691358,0.774193548387097,"P0_and_P1_reported_as_separate_descriptive_strata; no_paired_cross_representation_test"
"P0","ds004504__EC","AD_vs_FTD","precision_negative",20,0.459085497835498,0.207780193731042,0.454545454545455,0.134523809523809,0,1,"P0_and_P1_reported_as_separate_descriptive_strata; no_paired_cross_representation_test"
"P0","ds004504__EC","AD_vs_FTD","recall_negative",20,0.117391304347826,0.0720660327982282,0.0869565217391304,0.0978260869565217,0,0.260869565217391,"P0_and_P1_reported_as_separate_descriptive_strata; no_paired_cross_representation_test"
"P0","ds004504__EC","AD_vs_FTD","f1_negative",20,0.178707451033827,0.0939017878405962,0.154074074074074,0.140215053763441,0,0.324324324324324,"P0_and_P1_reported_as_separate_descriptive_strata; no_paired_cross_representation_test"
"P1","ds004504__EC","AD_vs_FTD","accuracy",20,0.59406779661017,0.0282946398330421,0.601694915254237,0.0338983050847458,0.525423728813559,0.644067796610169,"P0_and_P1_reported_as_separate_descriptive_strata; no_paired_cross_representation_test"
"P1","ds004504__EC","AD_vs_FTD","macro_f1",20,0.470291578362652,0.0461224616386003,0.477293548119518,0.0712710084033613,0.3996743996744,0.532874354561102,"P0_and_P1_reported_as_separate_descriptive_strata; no_paired_cross_representation_test"
"P1","ds004504__EC","AD_vs_FTD","balanced_accuracy",20,0.513888888888889,0.0290152879048499,0.513586956521739,0.0406099033816424,0.454106280193237,0.559178743961353,"P0_and_P1_reported_as_separate_descriptive_strata; no_paired_cross_representation_test"
"P1","ds004504__EC","AD_vs_FTD","mcc",20,0.0382771053098743,0.0848512631250771,0.0516156788630051,0.111094987935152,-0.114942718034766,0.190984159312376,"P0_and_P1_reported_as_separate_descriptive_strata; no_paired_cross_representation_test"
"P1","ds004504__EC","AD_vs_FTD","precision_positive",20,0.617982605825678,0.0162302370004357,0.617601547388781,0.0223180618401208,0.583333333333333,0.641509433962264,"P0_and_P1_reported_as_separate_descriptive_strata; no_paired_cross_representation_test"
"P1","ds004504__EC","AD_vs_FTD","recall_positive",20,0.877777777777778,0.0579876978282049,0.888888888888889,0.0833333333333333,0.777777777777778,0.972222222222222,"P0_and_P1_reported_as_separate_descriptive_strata; no_paired_cross_representation_test"
"P1","ds004504__EC","AD_vs_FTD","f1_positive",20,0.724587210620994,0.0247878660623261,0.725274725274725,0.0283510816542902,0.666666666666667,0.764044943820225,"P0_and_P1_reported_as_separate_descriptive_strata; no_paired_cross_representation_test"
"P1","ds004504__EC","AD_vs_FTD","precision_negative",20,0.435542096792097,0.116656697447249,0.477272727272727,0.127840909090909,0.25,0.666666666666667,"P0_and_P1_reported_as_separate_descriptive_strata; no_paired_cross_representation_test"
"P1","ds004504__EC","AD_vs_FTD","recall_negative",20,0.15,0.0725819021804124,0.173913043478261,0.130434782608696,0.0434782608695652,0.260869565217391,"P0_and_P1_reported_as_separate_descriptive_strata; no_paired_cross_representation_test"
"P1","ds004504__EC","AD_vs_FTD","f1_negative",20,0.21599594610431,0.0910079604703338,0.246679316888046,0.132936507936508,0.0740740740740741,0.342857142857143,"P0_and_P1_reported_as_separate_descriptive_strata; no_paired_cross_representation_test"
"P0","ds004504__EC","CN_vs_FTD","accuracy",20,0.591346153846154,0.0373706634967854,0.586538461538461,0.0625,0.519230769230769,0.653846153846154,"P0_and_P1_reported_as_separate_descriptive_strata; no_paired_cross_representation_test"
"P0","ds004504__EC","CN_vs_FTD","macro_f1",20,0.525982634335978,0.0582704090590912,0.519327731092437,0.0735784372326403,0.413533834586466,0.626794258373206,"P0_and_P1_reported_as_separate_descriptive_strata; no_paired_cross_representation_test"
"P0","ds004504__EC","CN_vs_FTD","balanced_accuracy",20,0.556934032983508,0.041732031378258,0.555097451274363,0.0639055472263867,0.479010494752624,0.631184407796102,"P0_and_P1_reported_as_separate_descriptive_strata; no_paired_cross_representation_test"
"P0","ds004504__EC","CN_vs_FTD","mcc",20,0.139698503292486,0.100478457829655,0.131548503530187,0.180769451917616,-0.0577861529362658,0.287626330187905,"P0_and_P1_reported_as_separate_descriptive_strata; no_paired_cross_representation_test"
"P0","ds004504__EC","CN_vs_FTD","precision_positive",20,0.579778138528139,0.106556638051707,0.564393939393939,0.148809523809524,0.375,0.8,"P0_and_P1_reported_as_separate_descriptive_strata; no_paired_cross_representation_test"
"P0","ds004504__EC","CN_vs_FTD","recall_positive",20,0.258695652173913,0.0919341902330011,0.260869565217391,0.0978260869565218,0.0869565217391304,0.434782608695652,"P0_and_P1_reported_as_separate_descriptive_strata; no_paired_cross_representation_test"
"P0","ds004504__EC","CN_vs_FTD","f1_positive",20,0.351759964756487,0.101430202089726,0.352941176470588,0.10423987776929,0.142857142857143,0.526315789473684,"P0_and_P1_reported_as_separate_descriptive_strata; no_paired_cross_representation_test"
"P0","ds004504__EC","CN_vs_FTD","precision_negative",20,0.593848032500915,0.0275564927257859,0.5905552672548,0.0392975926512512,0.545454545454545,0.648648648648649,"P0_and_P1_reported_as_separate_descriptive_strata; no_paired_cross_representation_test"
"P0","ds004504__EC","CN_vs_FTD","recall_negative",20,0.855172413793103,0.0412581408011117,0.827586206896552,0.0431034482758621,0.827586206896552,0.96551724137931,"P0_and_P1_reported_as_separate_descriptive_strata; no_paired_cross_representation_test"
"P0","ds004504__EC","CN_vs_FTD","f1_negative",20,0.700205303915469,0.0227658094976402,0.694492753623188,0.0323503973933332,0.657534246575343,0.73972602739726,"P0_and_P1_reported_as_separate_descriptive_strata; no_paired_cross_representation_test"
"P1","ds004504__EC","CN_vs_FTD","accuracy",20,0.597115384615385,0.041139086989816,0.596153846153846,0.0480769230769231,0.519230769230769,0.692307692307692,"P0_and_P1_reported_as_separate_descriptive_strata; no_paired_cross_representation_test"
"P1","ds004504__EC","CN_vs_FTD","macro_f1",20,0.533736541129605,0.0545880849027554,0.540878472415521,0.0560382148011933,0.424723424723425,0.638888888888889,"P0_and_P1_reported_as_separate_descriptive_strata; no_paired_cross_representation_test"
"P1","ds004504__EC","CN_vs_FTD","balanced_accuracy",20,0.562781109445277,0.0422898803586964,0.563718140929535,0.045352323838081,0.479010494752624,0.656671664167916,"P0_and_P1_reported_as_separate_descriptive_strata; no_paired_cross_representation_test"
"P1","ds004504__EC","CN_vs_FTD","mcc",20,0.158239857767568,0.109312307757886,0.156662693227186,0.120991686256413,-0.0577861529362658,0.411365519647685,"P0_and_P1_reported_as_separate_descriptive_strata; no_paired_cross_representation_test"
"P1","ds004504__EC","CN_vs_FTD","precision_positive",20,0.604482600732601,0.119621624744644,0.591666666666667,0.137820512820513,0.375,0.888888888888889,"P0_and_P1_reported_as_separate_descriptive_strata; no_paired_cross_representation_test"
"P1","ds004504__EC","CN_vs_FTD","recall_positive",20,0.265217391304348,0.0758331825454244,0.260869565217391,0.0652173913043479,0.0869565217391304,0.347826086956522,"P0_and_P1_reported_as_separate_descriptive_strata; no_paired_cross_representation_test"
"P1","ds004504__EC","CN_vs_FTD","f1_positive",20,0.363560154747585,0.0897419750389817,0.376689189189189,0.0971645752895753,0.148148148148148,0.5,"P0_and_P1_reported_as_separate_descriptive_strata; no_paired_cross_representation_test"
"P1","ds004504__EC","CN_vs_FTD","precision_negative",20,0.596557393600227,0.0257138071403851,0.597619047619048,0.0265731055969735,0.545454545454545,0.651162790697674,"P0_and_P1_reported_as_separate_descriptive_strata; no_paired_cross_representation_test"
"P1","ds004504__EC","CN_vs_FTD","recall_negative",20,0.860344827586207,0.05864203732145,0.862068965517241,0.0862068965517241,0.758620689655172,0.96551724137931,"P0_and_P1_reported_as_separate_descriptive_strata; no_paired_cross_representation_test"
"P1","ds004504__EC","CN_vs_FTD","f1_negative",20,0.703912927511625,0.0318910256520545,0.702762026705689,0.0387830667633697,0.656716417910448,0.777777777777778,"P0_and_P1_reported_as_separate_descriptive_strata; no_paired_cross_representation_test"
"P0","ds006036__EO_or_photomark","AD_FTD_vs_CN","accuracy",20,0.655113636363636,0.0153237321876907,0.653409090909091,0.0227272727272727,0.625,0.681818181818182,"P0_and_P1_reported_as_separate_descriptive_strata; no_paired_cross_representation_test"
"P0","ds006036__EO_or_photomark","AD_FTD_vs_CN","macro_f1",20,0.412299440635585,0.022098106754155,0.411635983064554,0.039154616240267,0.384615384615385,0.459207459207459,"P0_and_P1_reported_as_separate_descriptive_strata; no_paired_cross_representation_test"
"P0","ds006036__EO_or_photomark","AD_FTD_vs_CN","balanced_accuracy",20,0.493381063705435,0.0153538826730793,0.491817650496785,0.0257159555815313,0.466101694915254,0.517533606078317,"P0_and_P1_reported_as_separate_descriptive_strata; no_paired_cross_representation_test"
"P0","ds006036__EO_or_photomark","AD_FTD_vs_CN","mcc",20,-0.0334260888564973,0.0885819362151729,-0.036928646295287,0.162215908776456,-0.152990106080475,0.152921088455748,"P0_and_P1_reported_as_separate_descriptive_strata; no_paired_cross_representation_test"
"P0","ds006036__EO_or_photomark","AD_FTD_vs_CN","precision_positive",20,0.667421653322698,0.00701230876241793,0.666666666666667,0.0116279069767442,0.654761904761905,0.678571428571429,"P0_and_P1_reported_as_separate_descriptive_strata; no_paired_cross_representation_test"
"P0","ds006036__EO_or_photomark","AD_FTD_vs_CN","recall_positive",20,0.967796610169491,0.018155132995383,0.966101694915254,0.0338983050847458,0.932203389830508,1,"P0_and_P1_reported_as_separate_descriptive_strata; no_paired_cross_representation_test"
"P0","ds006036__EO_or_photomark","AD_FTD_vs_CN","f1_positive",20,0.789991110010173,0.0102616245943325,0.788936781609195,0.0167832167832169,0.769230769230769,0.808219178082192,"P0_and_P1_reported_as_separate_descriptive_strata; no_paired_cross_representation_test"
"P0","ds006036__EO_or_photomark","AD_FTD_vs_CN","precision_negative",20,0.233333333333333,0.281755150640198,0.125,0.5,0,1,"P0_and_P1_reported_as_separate_descriptive_strata; no_paired_cross_representation_test"
"P0","ds006036__EO_or_photomark","AD_FTD_vs_CN","recall_negative",20,0.0189655172413793,0.0208553558217,0.0172413793103448,0.0344827586206897,0,0.0689655172413793,"P0_and_P1_reported_as_separate_descriptive_strata; no_paired_cross_representation_test"
"P0","ds006036__EO_or_photomark","AD_FTD_vs_CN","f1_negative",20,0.0346077712609971,0.0376904838790596,0.0303030303030303,0.0645161290322581,0,0.121212121212121,"P0_and_P1_reported_as_separate_descriptive_strata; no_paired_cross_representation_test"
"P1","ds006036__EO_or_photomark","AD_FTD_vs_CN","accuracy",20,0.654545454545455,0.0134960887153764,0.659090909090909,0.0255681818181818,0.636363636363636,0.670454545454545,"P0_and_P1_reported_as_separate_descriptive_strata; no_paired_cross_representation_test"
"P1","ds006036__EO_or_photomark","AD_FTD_vs_CN","macro_f1",20,0.421468829022212,0.0240375486881005,0.427083333333333,0.031922587859713,0.388888888888889,0.476190476190476,"P0_and_P1_reported_as_separate_descriptive_strata; no_paired_cross_representation_test"
"P1","ds006036__EO_or_photomark","AD_FTD_vs_CN","balanced_accuracy",20,0.496025715955582,0.014054222440073,0.500292226767972,0.0254237288135594,0.474576271186441,0.517825832846289,"P0_and_P1_reported_as_separate_descriptive_strata; no_paired_cross_representation_test"
"P1","ds006036__EO_or_photomark","AD_FTD_vs_CN","mcc",20,-0.0214409778200575,0.0704474319825416,0.00151392689742945,0.110940374467195,-0.131711640076362,0.0791328134899008,"P0_and_P1_reported_as_separate_descriptive_strata; no_paired_cross_representation_test"
"P1","ds006036__EO_or_photomark","AD_FTD_vs_CN","precision_positive",20,0.668640693255754,0.00648963395689901,0.670588235294118,0.0117680022415242,0.658823529411765,0.679012345679012,"P0_and_P1_reported_as_separate_descriptive_strata; no_paired_cross_representation_test"
"P1","ds006036__EO_or_photomark","AD_FTD_vs_CN","recall_positive",20,0.961016949152542,0.0199031508004203,0.966101694915254,0.021186440677966,0.932203389830508,1,"P0_and_P1_reported_as_separate_descriptive_strata; no_paired_cross_representation_test"
"P1","ds006036__EO_or_photomark","AD_FTD_vs_CN","f1_positive",20,0.788535416942704,0.00944430375316462,0.791666666666667,0.0174133324818256,0.774647887323944,0.802721088435374,"P0_and_P1_reported_as_separate_descriptive_strata; no_paired_cross_representation_test"
"P1","ds006036__EO_or_photomark","AD_FTD_vs_CN","precision_negative",20,0.254761904761905,0.194821978467393,0.333333333333333,0.407142857142857,0,0.5,"P0_and_P1_reported_as_separate_descriptive_strata; no_paired_cross_representation_test"
"P1","ds006036__EO_or_photomark","AD_FTD_vs_CN","recall_negative",20,0.0310344827586207,0.0271747905397384,0.0344827586206897,0.0344827586206897,0,0.103448275862069,"P0_and_P1_reported_as_separate_descriptive_strata; no_paired_cross_representation_test"
"P1","ds006036__EO_or_photomark","AD_FTD_vs_CN","f1_negative",20,0.0544022411017193,0.0456057333490832,0.0625,0.0645161290322581,0,0.166666666666667,"P0_and_P1_reported_as_separate_descriptive_strata; no_paired_cross_representation_test"
"P0","ds006036__EO_or_photomark","AD_vs_CN","accuracy",20,0.552307692307692,0.0330717442513898,0.546153846153846,0.0615384615384615,0.476923076923077,0.615384615384615,"P0_and_P1_reported_as_separate_descriptive_strata; no_paired_cross_representation_test"
"P0","ds006036__EO_or_photomark","AD_vs_CN","macro_f1",20,0.508243035203928,0.0442168972478063,0.50984477124183,0.0730762243802076,0.438516260162602,0.583440143552935,"P0_and_P1_reported_as_separate_descriptive_strata; no_paired_cross_representation_test"
"P0","ds006036__EO_or_photomark","AD_vs_CN","balanced_accuracy",20,0.527274904214559,0.0351503907861278,0.524904214559387,0.0580699233716475,0.454022988505747,0.592432950191571,"P0_and_P1_reported_as_separate_descriptive_strata; no_paired_cross_representation_test"
"P0","ds006036__EO_or_photomark","AD_vs_CN","mcc",20,0.0610190208332263,0.0779965790194708,0.0548478213132701,0.142481888876748,-0.100499816175797,0.205362847808419,"P0_and_P1_reported_as_separate_descriptive_strata; no_paired_cross_representation_test"
"P0","ds006036__EO_or_photomark","AD_vs_CN","precision_positive",20,0.572982758759207,0.0247161187165592,0.570197044334975,0.0410975802313189,0.521739130434783,0.617021276595745,"P0_and_P1_reported_as_separate_descriptive_strata; no_paired_cross_representation_test"
"P0","ds006036__EO_or_photomark","AD_vs_CN","recall_positive",20,0.759722222222222,0.0613068370176379,0.75,0.0625000000000001,0.666666666666667,0.916666666666667,"P0_and_P1_reported_as_separate_descriptive_strata; no_paired_cross_representation_test"
"P0","ds006036__EO_or_photomark","AD_vs_CN","f1_positive",20,0.652130384354255,0.0284757231187413,0.651424091978051,0.0313725490196077,0.585365853658537,0.702127659574468,"P0_and_P1_reported_as_separate_descriptive_strata; no_paired_cross_representation_test"
"P0","ds006036__EO_or_photomark","AD_vs_CN","precision_negative",20,0.496113858014602,0.0652669984830175,0.489130434782609,0.1125,0.368421052631579,0.611111111111111,"P0_and_P1_reported_as_separate_descriptive_strata; no_paired_cross_representation_test"
"P0","ds006036__EO_or_photomark","AD_vs_CN","recall_negative",20,0.294827586206897,0.08555104419454,0.293103448275862,0.137931034482759,0.137931034482759,0.448275862068966,"P0_and_P1_reported_as_separate_descriptive_strata; no_paired_cross_representation_test"
"P0","ds006036__EO_or_photomark","AD_vs_CN","f1_negative",20,0.364355686053601,0.0807159912909559,0.365277777777778,0.118037825059102,0.222222222222222,0.490566037735849,"P0_and_P1_reported_as_separate_descriptive_strata; no_paired_cross_representation_test"
"P1","ds006036__EO_or_photomark","AD_vs_CN","accuracy",20,0.57,0.0375105092717192,0.576923076923077,0.0499999999999999,0.492307692307692,0.615384615384615,"P0_and_P1_reported_as_separate_descriptive_strata; no_paired_cross_representation_test"
"P1","ds006036__EO_or_photomark","AD_vs_CN","macro_f1",20,0.53614759408177,0.0448255888997861,0.539639938308085,0.0530980684327652,0.450140989489874,0.606060606060606,"P0_and_P1_reported_as_separate_descriptive_strata; no_paired_cross_representation_test"
"P1","ds006036__EO_or_photomark","AD_vs_CN","balanced_accuracy",20,0.548443486590038,0.0393881402597316,0.552681992337165,0.048132183908046,0.467911877394636,0.605842911877395,"P0_and_P1_reported_as_separate_descriptive_strata; no_paired_cross_representation_test"
"P1","ds006036__EO_or_photomark","AD_vs_CN","mcc",20,0.106393142417505,0.0852088146626846,0.121917367280481,0.117531355634161,-0.071291765819503,0.214794445680689,"P0_and_P1_reported_as_separate_descriptive_strata; no_paired_cross_representation_test"
"P1","ds006036__EO_or_photomark","AD_vs_CN","precision_positive",20,0.588887592983956,0.0295848870499285,0.591372912801484,0.036315119813388,0.531914893617021,0.641025641025641,"P0_and_P1_reported_as_separate_descriptive_strata; no_paired_cross_representation_test"
"P1","ds006036__EO_or_photomark","AD_vs_CN","recall_positive",20,0.748611111111111,0.0665172545975425,0.75,0.0902777777777779,0.666666666666667,0.888888888888889,"P0_and_P1_reported_as_separate_descriptive_strata; no_paired_cross_representation_test"
"P1","ds006036__EO_or_photomark","AD_vs_CN","f1_positive",20,0.657773464594679,0.0328671723300147,0.658525688756515,0.0472084752618652,0.6,0.711111111111111,"P0_and_P1_reported_as_separate_descriptive_strata; no_paired_cross_representation_test"
"P1","ds006036__EO_or_photomark","AD_vs_CN","precision_negative",20,0.528720793095793,0.0679431709698768,0.539393939393939,0.0839604236343366,0.388888888888889,0.636363636363636,"P0_and_P1_reported_as_separate_descriptive_strata; no_paired_cross_representation_test"
"P1","ds006036__EO_or_photomark","AD_vs_CN","recall_negative",20,0.348275862068966,0.0901285839768116,0.362068965517241,0.137931034482759,0.206896551724138,0.517241379310345,"P0_and_P1_reported_as_separate_descriptive_strata; no_paired_cross_representation_test"
"P1","ds006036__EO_or_photomark","AD_vs_CN","f1_negative",20,0.414521723568861,0.0760514242641644,0.42430441898527,0.114544221944097,0.27906976744186,0.545454545454545,"P0_and_P1_reported_as_separate_descriptive_strata; no_paired_cross_representation_test"
"P0","ds006036__EO_or_photomark","AD_vs_FTD","accuracy",20,0.606779661016949,0.021011768807047,0.610169491525424,0.0338983050847458,0.576271186440678,0.644067796610169,"P0_and_P1_reported_as_separate_descriptive_strata; no_paired_cross_representation_test"
"P0","ds006036__EO_or_photomark","AD_vs_FTD","macro_f1",20,0.467291776517811,0.0427446863542354,0.474278499278499,0.0640191475160261,0.378947368421053,0.528343023255814,"P0_and_P1_reported_as_separate_descriptive_strata; no_paired_cross_representation_test"
"P0","ds006036__EO_or_photomark","AD_vs_FTD","balanced_accuracy",20,0.520380434782609,0.023658355337993,0.530495169082126,0.0365338164251207,0.480072463768116,0.553140096618358,"P0_and_P1_reported_as_separate_descriptive_strata; no_paired_cross_representation_test"
"P0","ds006036__EO_or_photomark","AD_vs_FTD","mcc",20,0.0642461823641634,0.0779743033649318,0.0838141214162296,0.126369090307517,-0.0773192141033858,0.199155551478418,"P0_and_P1_reported_as_separate_descriptive_strata; no_paired_cross_representation_test"
"P0","ds006036__EO_or_photomark","AD_vs_FTD","precision_positive",20,0.62126693486744,0.0127861507854937,0.626225490196078,0.0201136460479548,0.6,0.64,"P0_and_P1_reported_as_separate_descriptive_strata; no_paired_cross_representation_test"
"P0","ds006036__EO_or_photomark","AD_vs_FTD","recall_positive",20,0.9125,0.0453086663196426,0.916666666666667,0.0555555555555556,0.805555555555556,1,"P0_and_P1_reported_as_separate_descriptive_strata; no_paired_cross_representation_test"
"P0","ds006036__EO_or_photomark","AD_vs_FTD","f1_positive",20,0.738719540410624,0.0171109784781362,0.73448275862069,0.0287823287823288,0.707317073170732,0.769230769230769,"P0_and_P1_reported_as_separate_descriptive_strata; no_paired_cross_representation_test"
"P0","ds006036__EO_or_photomark","AD_vs_FTD","precision_negative",20,0.464188034188034,0.166264051963535,0.5,0.195238095238095,0,0.75,"P0_and_P1_reported_as_separate_descriptive_strata; no_paired_cross_representation_test"
"P0","ds006036__EO_or_photomark","AD_vs_FTD","recall_negative",20,0.128260869565217,0.0653697685945488,0.130434782608696,0.0869565217391304,0,0.260869565217391,"P0_and_P1_reported_as_separate_descriptive_strata; no_paired_cross_representation_test"
"P0","ds006036__EO_or_photomark","AD_vs_FTD","f1_negative",20,0.195864012624997,0.0855350970529466,0.207142857142857,0.118589437999894,0,0.333333333333333,"P0_and_P1_reported_as_separate_descriptive_strata; no_paired_cross_representation_test"
"P1","ds006036__EO_or_photomark","AD_vs_FTD","accuracy",20,0.6,0.0277142444970043,0.601694915254237,0.0254237288135594,0.542372881355932,0.644067796610169,"P0_and_P1_reported_as_separate_descriptive_strata; no_paired_cross_representation_test"
"P1","ds006036__EO_or_photomark","AD_vs_FTD","macro_f1",20,0.469417266819612,0.0446856157698025,0.468935578176183,0.058753111923301,0.365591397849462,0.573493975903614,"P0_and_P1_reported_as_separate_descriptive_strata; no_paired_cross_representation_test"
"P1","ds006036__EO_or_photomark","AD_vs_FTD","balanced_accuracy",20,0.517179951690821,0.0282820464716414,0.517512077294686,0.0295893719806762,0.467995169082126,0.582729468599034,"P0_and_P1_reported_as_separate_descriptive_strata; no_paired_cross_representation_test"
"P1","ds006036__EO_or_photomark","AD_vs_FTD","mcc",20,0.0516069267115127,0.0914618312421771,0.0542136217242693,0.103035116072577,-0.149723591982364,0.200477596403724,"P0_and_P1_reported_as_separate_descriptive_strata; no_paired_cross_representation_test"
"P1","ds006036__EO_or_photomark","AD_vs_FTD","precision_positive",20,0.619692084458336,0.0157864679671468,0.62,0.0163398692810457,0.591836734693878,0.659574468085106,"P0_and_P1_reported_as_separate_descriptive_strata; no_paired_cross_representation_test"
"P1","ds006036__EO_or_photomark","AD_vs_FTD","recall_positive",20,0.893055555555555,0.0599673671275297,0.888888888888889,0.0625,0.722222222222222,0.972222222222222,"P0_and_P1_reported_as_separate_descriptive_strata; no_paired_cross_representation_test"
"P1","ds006036__EO_or_photomark","AD_vs_FTD","f1_positive",20,0.730855430284703,0.0249819970842601,0.733333333333333,0.0261239181104689,0.666666666666667,0.769230769230769,"P0_and_P1_reported_as_separate_descriptive_strata; no_paired_cross_representation_test"
"P1","ds006036__EO_or_photomark","AD_vs_FTD","precision_negative",20,0.459318394024276,0.162182267850304,0.472222222222222,0.117857142857143,0,0.75,"P0_and_P1_reported_as_separate_descriptive_strata; no_paired_cross_representation_test"
"P1","ds006036__EO_or_photomark","AD_vs_FTD","recall_negative",20,0.141304347826087,0.0744762497040039,0.130434782608696,0.0869565217391304,0,0.304347826086957,"P0_and_P1_reported_as_separate_descriptive_strata; no_paired_cross_representation_test"
"P1","ds006036__EO_or_photomark","AD_vs_FTD","f1_negative",20,0.20797910335452,0.0890528798804587,0.203448275862069,0.111239119303635,0,0.4,"P0_and_P1_reported_as_separate_descriptive_strata; no_paired_cross_representation_test"
"P0","ds006036__EO_or_photomark","CN_vs_FTD","accuracy",20,0.600961538461538,0.0431707155607887,0.596153846153846,0.0576923076923077,0.519230769230769,0.653846153846154,"P0_and_P1_reported_as_separate_descriptive_strata; no_paired_cross_representation_test"
"P0","ds006036__EO_or_photomark","CN_vs_FTD","macro_f1",20,0.529328167030661,0.0630365319374021,0.538269693842449,0.0577073296569314,0.384615384615385,0.617647058823529,"P0_and_P1_reported_as_separate_descriptive_strata; no_paired_cross_representation_test"
"P0","ds006036__EO_or_photomark","CN_vs_FTD","balanced_accuracy",20,0.564430284857571,0.0457562163937813,0.561469265367316,0.046664167916042,0.479010494752624,0.626686656671664,"P0_and_P1_reported_as_separate_descriptive_strata; no_paired_cross_representation_test"
"P0","ds006036__EO_or_photomark","CN_vs_FTD","mcc",20,0.166306652861407,0.119331342232496,0.159997844523833,0.153745227388709,-0.0577861529362658,0.309016203754481,"P0_and_P1_reported_as_separate_descriptive_strata; no_paired_cross_representation_test"
"P0","ds006036__EO_or_photomark","CN_vs_FTD","precision_positive",20,0.619045676545677,0.138223953530558,0.630681818181818,0.18035298035298,0.333333333333333,0.833333333333333,"P0_and_P1_reported_as_separate_descriptive_strata; no_paired_cross_representation_test"
"P0","ds006036__EO_or_photomark","CN_vs_FTD","recall_positive",20,0.247826086956522,0.0893269586504385,0.239130434782609,0.0978260869565218,0.0434782608695652,0.391304347826087,"P0_and_P1_reported_as_separate_descriptive_strata; no_paired_cross_representation_test"
"P0","ds006036__EO_or_photomark","CN_vs_FTD","f1_positive",20,0.347654563756928,0.106901613825029,0.365962180200222,0.114263472571863,0.0769230769230769,0.5,"P0_and_P1_reported_as_separate_descriptive_strata; no_paired_cross_representation_test"
"P0","ds006036__EO_or_photomark","CN_vs_FTD","precision_negative",20,0.597070371034724,0.0281883196204311,0.597297297297297,0.0274304499847978,0.545454545454545,0.641025641025641,"P0_and_P1_reported_as_separate_descriptive_strata; no_paired_cross_representation_test"
"P0","ds006036__EO_or_photomark","CN_vs_FTD","recall_negative",20,0.881034482758621,0.0564673355576504,0.896551724137931,0.0775862068965517,0.758620689655172,0.96551724137931,"P0_and_P1_reported_as_separate_descriptive_strata; no_paired_cross_representation_test"
"P0","ds006036__EO_or_photomark","CN_vs_FTD","f1_negative",20,0.711001770304394,0.0310134520410479,0.713307240704501,0.043325172007686,0.647887323943662,0.75,"P0_and_P1_reported_as_separate_descriptive_strata; no_paired_cross_representation_test"
"P1","ds006036__EO_or_photomark","CN_vs_FTD","accuracy",20,0.604807692307692,0.0327042131215779,0.596153846153846,0.0240384615384617,0.538461538461538,0.673076923076923,"P0_and_P1_reported_as_separate_descriptive_strata; no_paired_cross_representation_test"
"P1","ds006036__EO_or_photomark","CN_vs_FTD","macro_f1",20,0.539108334602021,0.0411236804584116,0.53393085787452,0.0490661249217613,0.471498011489174,0.617647058823529,"P0_and_P1_reported_as_separate_descriptive_strata; no_paired_cross_representation_test"
"P1","ds006036__EO_or_photomark","CN_vs_FTD","balanced_accuracy",20,0.569227886056971,0.0335650573123243,0.563718140929535,0.0339205397301349,0.505247376311844,0.634932533733134,"P0_and_P1_reported_as_separate_descriptive_strata; no_paired_cross_representation_test"
"P1","ds006036__EO_or_photomark","CN_vs_FTD","mcc",20,0.180017898790923,0.0866208309729023,0.159997844523833,0.0728935944541942,0.0127628261094926,0.371482411733138,"P0_and_P1_reported_as_separate_descriptive_strata; no_paired_cross_representation_test"
"P1","ds006036__EO_or_photomark","CN_vs_FTD","precision_positive",20,0.636535409035409,0.102732563823129,0.620192307692308,0.121413308913309,0.454545454545455,0.875,"P0_and_P1_reported_as_separate_descriptive_strata; no_paired_cross_representation_test"
"P1","ds006036__EO_or_photomark","CN_vs_FTD","recall_positive",20,0.260869565217391,0.0598475827488422,0.260869565217391,0.0869565217391305,0.173913043478261,0.391304347826087,"P0_and_P1_reported_as_separate_descriptive_strata; no_paired_cross_representation_test"
"P1","ds006036__EO_or_photomark","CN_vs_FTD","f1_positive",20,0.366057219614849,0.066111574355464,0.358288770053476,0.0917042220113852,0.258064516129032,0.5,"P0_and_P1_reported_as_separate_descriptive_strata; no_paired_cross_representation_test"
"P1","ds006036__EO_or_photomark","CN_vs_FTD","precision_negative",20,0.599801097958327,0.021071045890804,0.597619047619048,0.0231972428419935,0.560975609756098,0.641025641025641,"P0_and_P1_reported_as_separate_descriptive_strata; no_paired_cross_representation_test"
"P1","ds006036__EO_or_photomark","CN_vs_FTD","recall_negative",20,0.877586206896552,0.0467679993164138,0.862068965517241,0.0431034482758621,0.793103448275862,0.96551724137931,"P0_and_P1_reported_as_separate_descriptive_strata; no_paired_cross_representation_test"
"P1","ds006036__EO_or_photomark","CN_vs_FTD","f1_negative",20,0.712159449589194,0.0251031815702646,0.709105560032232,0.034379488183836,0.657142857142857,0.767123287671233,"P0_and_P1_reported_as_separate_descriptive_strata; no_paired_cross_representation_test"
