condition,task,repeat_id,n,unrestricted_macro_f1,slowfast_macro_f1,delta_macro_f1,unrestricted_balanced_accuracy,slowfast_balanced_accuracy,delta_balanced_accuracy,unrestricted_mcc,slowfast_mcc,delta_mcc,unrestricted_accuracy,slowfast_accuracy,delta_accuracy
ds004504__EC,AD_FTD_vs_CN,1,88,0.7149889882109082,0.7496952458350263,0.034706257624118164,0.788135593220339,0.7781998831092928,-0.009935710111046214,0.5563083412064929,0.5252442772177995,-0.031064063988693325,0.7159090909090909,0.7613636363636364,0.045454545454545414
ds004504__EC,AD_FTD_vs_CN,2,88,0.6921881072677807,0.7496952458350263,0.05750713856724565,0.7624196376388077,0.7781998831092928,0.015780245470485066,0.5066581038574347,0.5252442772177995,0.018586173360364833,0.6931818181818182,0.7613636363636364,0.06818181818181812
ds004504__EC,AD_FTD_vs_CN,3,88,0.6669711601200574,0.6909678325607529,0.023996672440695477,0.7191700759789597,0.7004675628287551,-0.018702513150204547,0.41596755564804605,0.3870461684256127,-0.02892138722243337,0.6704545454545454,0.7159090909090909,0.045454545454545525
ds004504__EC,AD_FTD_vs_CN,4,88,0.7129061725172909,0.7496952458350263,0.0367890733177354,0.7706019871420222,0.7781998831092928,0.007597895967270563,0.5135812753734542,0.5252442772177995,0.011663001844345322,0.7159090909090909,0.7613636363636364,0.045454545454545414
ds004504__EC,AD_FTD_vs_CN,5,88,0.7259989621172807,0.7496952458350263,0.02369628371774568,0.7966101694915254,0.7781998831092928,-0.018410286382232632,0.5697299895152002,0.5252442772177995,-0.044485712297400615,0.7272727272727273,0.7613636363636364,0.03409090909090906
ds004504__EC,AD_FTD_vs_CN,6,88,0.7039337474120082,0.7496952458350263,0.04576149842301813,0.7796610169491525,0.7781998831092928,-0.0014611338398596851,0.5430610041581776,0.5252442772177995,-0.017816726940378058,0.7045454545454546,0.7613636363636364,0.05681818181818177
ds004504__EC,AD_FTD_vs_CN,7,88,0.7039337474120082,0.7496952458350263,0.04576149842301813,0.7796610169491525,0.7781998831092928,-0.0014611338398596851,0.5430610041581776,0.5252442772177995,-0.017816726940378058,0.7045454545454546,0.7613636363636364,0.05681818181818177
ds004504__EC,AD_FTD_vs_CN,8,88,0.7031655422937209,0.7603485838779956,0.057183041584274785,0.7708942139099941,0.7866744593804793,0.015780245470485177,0.5203346800793995,0.5425173841846873,0.022182704105287776,0.7045454545454546,0.7727272727272727,0.06818181818181812
ds004504__EC,AD_FTD_vs_CN,9,88,0.7237048665620095,0.7496952458350263,0.02599037927301684,0.7790765634132086,0.7781998831092928,-0.0008766803039158555,0.5281387379167956,0.5252442772177995,-0.0028944606989960153,0.7272727272727273,0.7613636363636364,0.03409090909090906
ds004504__EC,AD_FTD_vs_CN,10,88,0.6811594202898552,0.7299107142857142,0.04875129399585898,0.7539450613676213,0.7434248977206313,-0.010520163646990044,0.4931243600976555,0.4675715086366125,-0.02555285146104297,0.6818181818181818,0.75,0.06818181818181823
ds004504__EC,AD_FTD_vs_CN,11,88,0.7031655422937209,0.7603485838779956,0.057183041584274785,0.7708942139099941,0.7866744593804793,0.015780245470485177,0.5203346800793995,0.5425173841846873,0.022182704105287776,0.7045454545454546,0.7727272727272727,0.06818181818181812
ds004504__EC,AD_FTD_vs_CN,12,88,0.7039337474120082,0.7053571428571429,0.0014233954451347008,0.7796610169491525,0.7177089421391,-0.06195207481005249,0.5430610041581776,0.4181761992008119,-0.1248848049573657,0.7045454545454546,0.7272727272727273,0.022727272727272707
ds004504__EC,AD_FTD_vs_CN,13,88,0.6757894736842105,0.7053571428571429,0.02956766917293241,0.7188778492109877,0.7177089421391,-0.0011689070718877703,0.4124924041181153,0.4181761992008119,0.005683795082696619,0.6818181818181818,0.7272727272727273,0.045454545454545525
ds004504__EC,AD_FTD_vs_CN,14,88,0.7369720597790773,0.7603485838779956,0.023376524098918328,0.8050847457627119,0.7866744593804793,-0.018410286382232632,0.5833410938826918,0.5425173841846873,-0.04082370969800453,0.7386363636363636,0.7727272727272727,0.03409090909090906
ds004504__EC,AD_FTD_vs_CN,15,88,0.7031655422937209,0.7496952458350263,0.04652970354130548,0.7708942139099941,0.7781998831092928,0.007305669199298648,0.5203346800793995,0.5252442772177995,0.0049095971384000014,0.7045454545454546,0.7613636363636364,0.05681818181818177
ds004504__EC,AD_FTD_vs_CN,16,88,0.714100064977258,0.7496952458350263,0.03559518085776836,0.7793687901811805,0.7781998831092928,-0.0011689070718877703,0.5341705802220819,0.5252442772177995,-0.008926303004282321,0.7159090909090909,0.7613636363636364,0.045454545454545414
ds004504__EC,AD_FTD_vs_CN,17,88,0.6912280701754385,0.7603485838779956,0.06912051370255712,0.7536528345996494,0.7866744593804793,0.03302162478082993,0.48500006656147177,0.5425173841846873,0.05751731762321555,0.6931818181818182,0.7727272727272727,0.07954545454545447
ds004504__EC,AD_FTD_vs_CN,18,88,0.7237048665620095,0.7496952458350263,0.02599037927301684,0.7790765634132086,0.7781998831092928,-0.0008766803039158555,0.5281387379167956,0.5252442772177995,-0.0028944606989960153,0.7272727272727273,0.7613636363636364,0.03409090909090906
ds004504__EC,AD_FTD_vs_CN,19,88,0.6363636363636365,0.7496952458350263,0.11333160947138987,0.7200467562828755,0.7781998831092928,0.05815312682641727,0.440093512565751,0.5252442772177995,0.08515076465204852,0.6363636363636364,0.7613636363636364,0.125
ds004504__EC,AD_FTD_vs_CN,20,88,0.7006802721088436,0.7496952458350263,0.04901497372618269,0.7533606078316775,0.7781998831092928,0.024839275277615314,0.47947255054854626,0.5252442772177995,0.045771726669253276,0.7045454545454546,0.7613636363636364,0.05681818181818177
ds004504__EC,AD_vs_CN,1,65,0.7490347490347491,0.7841555977229602,0.03512084868821108,0.7777777777777778,0.7887931034482758,0.01101532567049801,0.5983516452371671,0.5742950906086337,-0.0240565546285334,0.7538461538461538,0.7846153846153846,0.03076923076923077
ds004504__EC,AD_vs_CN,2,65,0.7490347490347491,0.7841555977229602,0.03512084868821108,0.7777777777777778,0.7887931034482758,0.01101532567049801,0.5983516452371671,0.5742950906086337,-0.0240565546285334,0.7538461538461538,0.7846153846153846,0.03076923076923077
ds004504__EC,AD_vs_CN,3,65,0.767247553115302,0.7841555977229602,0.016908044607658157,0.7883141762452108,0.7887931034482758,0.0004789272030649716,0.5994565069510172,0.5742950906086337,-0.025161416342383447,0.7692307692307693,0.7846153846153846,0.01538461538461533
ds004504__EC,AD_vs_CN,4,65,0.7509578544061304,0.7998104714522625,0.048852617046132085,0.7744252873563219,0.8060344827586207,0.031609195402298784,0.5765789785535701,0.6091584926989412,0.03257951414537108,0.7538461538461538,0.8,0.04615384615384621
ds004504__EC,AD_vs_CN,5,65,0.782088122605364,0.7841555977229602,0.002067475117596196,0.8055555555555556,0.7887931034482758,-0.01676245210727978,0.641984970885127,0.5742950906086337,-0.06768988027649325,0.7846153846153846,0.7846153846153846,0.0
ds004504__EC,AD_vs_CN,6,65,0.7344388368180725,0.7998104714522625,0.06537163463418993,0.7605363984674329,0.8060344827586207,0.045498084291187735,0.5538761499987251,0.6091584926989412,0.055282342700216036,0.7384615384615385,0.8,0.06153846153846154
ds004504__EC,AD_vs_CN,7,65,0.7841555977229602,0.7841555977229602,0.0,0.7988505747126436,0.7887931034482758,-0.010057471264367845,0.6064784348631227,0.5742950906086337,-0.03218334425448899,0.7846153846153846,0.7846153846153846,0.0
ds004504__EC,AD_vs_CN,8,65,0.799239724400095,0.7998104714522625,0.0005707470521674196,0.8160919540229885,0.8060344827586207,-0.010057471264367845,0.6459422414661738,0.6091584926989412,-0.03678374876723267,0.8,0.8,0.0
ds004504__EC,AD_vs_CN,9,65,0.799239724400095,0.7841555977229602,-0.01508412667713488,0.8160919540229885,0.7887931034482758,-0.027298850574712707,0.6459422414661738,0.5742950906086337,-0.07164715085754014,0.8,0.7846153846153846,-0.015384615384615441
ds004504__EC,AD_vs_CN,10,65,0.782088122605364,0.7998104714522625,0.017722348846898495,0.8055555555555556,0.8060344827586207,0.00047892720306508263,0.641984970885127,0.6091584926989412,-0.03282647818618578,0.7846153846153846,0.8,0.015384615384615441
ds004504__EC,AD_vs_CN,11,65,0.7176640926640926,0.7998104714522625,0.08214637878816988,0.7466475095785441,0.8060344827586207,0.059386973180076574,0.5312949953398984,0.6091584926989412,0.07786349735904274,0.7230769230769231,0.8,0.07692307692307698
ds004504__EC,AD_vs_CN,12,65,0.7509578544061304,0.7841555977229602,0.033197743316829786,0.7744252873563219,0.7887931034482758,0.014367816091953922,0.5765789785535701,0.5742950906086337,-0.0022838879449363914,0.7538461538461538,0.7846153846153846,0.03076923076923077
ds004504__EC,AD_vs_CN,13,65,0.7344388368180725,0.7998104714522625,0.06537163463418993,0.7605363984674329,0.8060344827586207,0.045498084291187735,0.5538761499987251,0.6091584926989412,0.055282342700216036,0.7384615384615385,0.8,0.06153846153846154
ds004504__EC,AD_vs_CN,14,65,0.8142857142857143,0.7841555977229602,-0.030130116562754106,0.8333333333333333,0.7887931034482758,-0.04454022988505746,0.6866911354074366,0.5742950906086337,-0.11239604479880294,0.8153846153846154,0.7846153846153846,-0.03076923076923077
ds004504__EC,AD_vs_CN,15,65,0.738213693437574,0.7841555977229602,0.04594190428538614,0.7504789272030651,0.7887931034482758,0.03831417624521072,0.5053331152447551,0.5742950906086337,0.0689619753638786,0.7384615384615385,0.7846153846153846,0.0461538461538461
ds004504__EC,AD_vs_CN,16,65,0.7833333333333334,0.7841555977229602,0.0008222643896267368,0.8022030651340997,0.7887931034482758,-0.013409961685823868,0.6225604977616271,0.5742950906086337,-0.048265407152993434,0.7846153846153846,0.7846153846153846,0.0
ds004504__EC,AD_vs_CN,17,65,0.7833333333333334,0.7841555977229602,0.0008222643896267368,0.8022030651340997,0.7887931034482758,-0.013409961685823868,0.6225604977616271,0.5742950906086337,-0.048265407152993434,0.7846153846153846,0.7846153846153846,0.0
ds004504__EC,AD_vs_CN,18,65,0.7198275862068966,0.7841555977229602,0.0643280115160636,0.7432950191570882,0.7887931034482758,0.045498084291187624,0.5111729862220132,0.5742950906086337,0.06312210438662047,0.7230769230769231,0.7846153846153846,0.06153846153846154
ds004504__EC,AD_vs_CN,19,65,0.767247553115302,0.7841555977229602,0.016908044607658157,0.7883141762452108,0.7887931034482758,0.0004789272030649716,0.5994565069510172,0.5742950906086337,-0.025161416342383447,0.7692307692307693,0.7846153846153846,0.01538461538461533
ds004504__EC,AD_vs_CN,20,65,0.7982812126999284,0.7841555977229602,-0.014125614976968182,0.8194444444444444,0.7887931034482758,-0.03065134099616862,0.6641818773028711,0.5742950906086337,-0.08988678669423744,0.8,0.7846153846153846,-0.015384615384615441
ds004504__EC,CN_vs_FTD,1,52,0.7511961722488039,0.7636363636363636,0.012440191387559696,0.7481259370314842,0.7616191904047975,0.013493253373313308,0.5440246588125511,0.5296293154951603,-0.014395343317390785,0.7692307692307693,0.7692307692307693,0.0
ds004504__EC,CN_vs_FTD,2,52,0.7026305756767061,0.7105751391465678,0.00794456346986172,0.7008995502248876,0.7143928035982009,0.013493253373313308,0.41018699798182695,0.4259217009643015,0.015734702982474535,0.7115384615384616,0.7115384615384616,0.0
ds004504__EC,CN_vs_FTD,3,52,0.675,0.7271364317841079,0.05213643178410787,0.6746626686656672,0.7271364317841079,0.052473763118440764,0.36985757785414636,0.4542728635682159,0.08441528571406953,0.6923076923076923,0.7307692307692307,0.038461538461538436
ds004504__EC,CN_vs_FTD,4,52,0.7453860640301319,0.7105751391465678,-0.034810924883564076,0.7443778110944528,0.7143928035982009,-0.02998500749625188,0.4913406718443522,0.4259217009643015,-0.06541897088005072,0.75,0.7115384615384616,-0.038461538461538436
ds004504__EC,CN_vs_FTD,5,52,0.7382888114595432,0.7636363636363636,0.025347552176820387,0.7353823088455772,0.7616191904047975,0.026236881559220326,0.4914632180517166,0.5296293154951603,0.038166097443443736,0.75,0.7692307692307693,0.019230769230769273
ds004504__EC,CN_vs_FTD,6,52,0.7204301075268817,0.7636363636363636,0.04320625610948181,0.7181409295352323,0.7616191904047975,0.04347826086956519,0.44998320186528457,0.5296293154951603,0.07964611362987578,0.7307692307692307,0.7692307692307693,0.03846153846153855
ds004504__EC,CN_vs_FTD,7,52,0.7382888114595432,0.7476670399402762,0.009378228480732997,0.7353823088455772,0.7488755622188905,0.013493253373313308,0.4914632180517166,0.4958959143880507,0.0044326963363340854,0.75,0.75,0.0
ds004504__EC,CN_vs_FTD,8,52,0.7819290888295845,0.7636363636363636,-0.018292725193220893,0.7788605697151424,0.7616191904047975,-0.017241379310344862,0.5693640419747747,0.5296293154951603,-0.0397347264796144,0.7884615384615384,0.7692307692307693,-0.019230769230769162
ds004504__EC,CN_vs_FTD,9,52,0.7156250000000001,0.7636363636363636,0.04801136363636349,0.7136431784107946,0.7616191904047975,0.04797601199400292,0.4524008999503507,0.5296293154951603,0.07722841554480964,0.7307692307692307,0.7692307692307693,0.03846153846153855
ds004504__EC,CN_vs_FTD,10,52,0.75625,0.7636363636363636,0.00738636363636358,0.7526236881559221,0.7616191904047975,0.008995502248875464,0.534944222046555,0.5296293154951603,-0.00531490655139466,0.7692307692307693,0.7692307692307693,0.0
ds004504__EC,CN_vs_FTD,11,52,0.8050974512743628,0.7819290888295845,-0.02316836244477838,0.8050974512743628,0.7788605697151424,-0.026236881559220437,0.6101949025487257,0.5693640419747747,-0.04083086057395091,0.8076923076923077,0.7884615384615384,-0.019230769230769273
ds004504__EC,CN_vs_FTD,12,52,0.7422798322531453,0.7088465845464726,-0.033433247706672664,0.739880059970015,0.709895052473763,-0.029985007496251992,0.4897755199783009,0.4182254699658259,-0.071550050012475,0.75,0.7115384615384616,-0.038461538461538436
ds004504__EC,CN_vs_FTD,13,52,0.7636363636363636,0.7303703703703703,-0.03326599326599322,0.7616191904047975,0.7361319340329835,-0.025487256371814038,0.5296293154951603,0.4694569257103907,-0.06017238978476963,0.7692307692307693,0.7307692307692307,-0.03846153846153855
ds004504__EC,CN_vs_FTD,14,52,0.7333333333333334,0.7476670399402762,0.014333706606942775,0.7308845577211394,0.7488755622188905,0.01799100449775115,0.49690865112501836,0.4958959143880507,-0.0010127367369676676,0.75,0.75,0.0
ds004504__EC,CN_vs_FTD,15,52,0.7271364317841079,0.7661169415292353,0.038980509745127345,0.7271364317841079,0.7661169415292354,0.038980509745127456,0.4542728635682159,0.5322338830584707,0.07796101949025486,0.7307692307692307,0.7692307692307693,0.03846153846153855
ds004504__EC,CN_vs_FTD,16,52,0.803030303030303,0.784557438794727,-0.018472864235576036,0.800599700149925,0.7833583208395802,-0.01724137931034475,0.6085425659414306,0.5697140305434514,-0.03882853539797926,0.8076923076923077,0.7884615384615384,-0.019230769230769273
ds004504__EC,CN_vs_FTD,17,52,0.7636363636363636,0.7636363636363636,0.0,0.7616191904047975,0.7616191904047975,0.0,0.5296293154951603,0.5296293154951603,0.0,0.7692307692307693,0.7692307692307693,0.0
ds004504__EC,CN_vs_FTD,18,52,0.6682615629984051,0.7636363636363636,0.09537480063795845,0.6701649175412294,0.7616191904047975,0.09145427286356811,0.3730924397294535,0.5296293154951603,0.15653687576570685,0.6923076923076923,0.7692307692307693,0.07692307692307698
ds004504__EC,CN_vs_FTD,19,52,0.675,0.7636363636363636,0.08863636363636351,0.6746626686656672,0.7616191904047975,0.08695652173913038,0.36985757785414636,0.5296293154951603,0.159771737641014,0.6923076923076923,0.7692307692307693,0.07692307692307698
ds004504__EC,CN_vs_FTD,20,52,0.7785520712349981,0.6918518518518519,-0.0867002193831462,0.7743628185907047,0.697151424287856,-0.07721139430284862,0.5728520312322557,0.39195927448200873,-0.18089275675024696,0.7884615384615384,0.6923076923076923,-0.09615384615384615
ds006036__EO_or_photomark,AD_FTD_vs_CN,1,88,0.6921881072677807,0.7404129793510326,0.04822487208325188,0.7624196376388077,0.7518994739918177,-0.010520163646990044,0.5066581038574347,0.48634664312372905,-0.020311460733705655,0.6931818181818182,0.7613636363636364,0.06818181818181812
ds006036__EO_or_photomark,AD_FTD_vs_CN,2,88,0.7344877344877345,0.7544642857142858,0.019976551226551287,0.787551139684395,0.7691408533021624,-0.018410286382232632,0.5428995470402467,0.5169668180724131,-0.025932728967833607,0.7386363636363636,0.7727272727272727,0.03409090909090906
ds006036__EO_or_photomark,AD_FTD_vs_CN,3,88,0.6583850931677019,0.7544642857142858,0.09607919254658392,0.72822910578609,0.7691408533021624,0.040911747516072405,0.4431877160371334,0.5169668180724131,0.07377910203527965,0.6590909090909091,0.7727272727272727,0.11363636363636365
ds006036__EO_or_photomark,AD_FTD_vs_CN,4,88,0.6574987026466009,0.7114754098360656,0.05397670718946468,0.7194623027469316,0.7174167153711279,-0.002045587375803626,0.4215440612077983,0.4248923658821779,0.0033483046743795764,0.6590909090909091,0.7386363636363636,0.07954545454545459
ds006036__EO_or_photomark,AD_FTD_vs_CN,5,88,0.6693872263246534,0.732290308561495,0.0629030822368416,0.7367036820572764,0.7343658679135009,-0.0023378141437755406,0.4570078665083765,0.4648092255630665,0.0078013590546899825,0.6704545454545454,0.7613636363636364,0.09090909090909094
ds006036__EO_or_photomark,AD_FTD_vs_CN,6,88,0.7020833333333333,0.7404129793510326,0.03832964601769928,0.7621274108708358,0.7518994739918177,-0.010227936879018129,0.49920794450940315,0.48634664312372905,-0.012861301385674095,0.7045454545454546,0.7613636363636364,0.05681818181818177
ds006036__EO_or_photomark,AD_FTD_vs_CN,7,88,0.6899386663186742,0.7404129793510326,0.05047431303235839,0.7448860315604909,0.7518994739918177,0.007013442431326733,0.4647744155107501,0.48634664312372905,0.021572227612978945,0.6931818181818182,0.7613636363636364,0.06818181818181812
ds006036__EO_or_photomark,AD_FTD_vs_CN,8,88,0.634665282823041,0.7404129793510326,0.10574769652799154,0.6937463471654004,0.7518994739918177,0.05815312682641727,0.37214875177199774,0.48634664312372905,0.1141978913517313,0.6363636363636364,0.7613636363636364,0.125
ds006036__EO_or_photomark,AD_FTD_vs_CN,9,88,0.7221052631578947,0.7509903791737408,0.02888511601584609,0.7703097603740503,0.7603740502630041,-0.009935710111046214,0.5094198582233066,0.505608521112786,-0.0038113371105206184,0.7272727272727273,0.7727272727272727,0.045454545454545414
ds006036__EO_or_photomark,AD_FTD_vs_CN,10,88,0.6476817770889837,0.7544642857142858,0.10678250862530214,0.728521332554062,0.7691408533021624,0.04061952074810038,0.4532179730552593,0.5169668180724131,0.06374884501715378,0.6477272727272727,0.7727272727272727,0.125
ds006036__EO_or_photomark,AD_FTD_vs_CN,11,88,0.7237048665620095,0.7404129793510326,0.016708112789023066,0.7790765634132086,0.7518994739918177,-0.027177089421390965,0.5281387379167956,0.48634664312372905,-0.0417920947930665,0.7272727272727273,0.7613636363636364,0.03409090909090906
ds006036__EO_or_photomark,AD_FTD_vs_CN,12,88,0.7259989621172807,0.7404129793510326,0.014414017233751908,0.7966101694915254,0.7518994739918177,-0.04471069549970774,0.5697299895152002,0.48634664312372905,-0.0833833463914711,0.7272727272727273,0.7613636363636364,0.03409090909090906
ds006036__EO_or_photomark,AD_FTD_vs_CN,13,88,0.7113997113997115,0.7471264367816093,0.035726725381897806,0.7618351841028639,0.7516072472238458,-0.010227936879018129,0.49434755502851724,0.49517632452586663,0.0008287694973493909,0.7159090909090909,0.7727272727272727,0.05681818181818177
ds006036__EO_or_photomark,AD_FTD_vs_CN,14,88,0.7129061725172909,0.7404129793510326,0.027506806833741626,0.7706019871420222,0.7518994739918177,-0.018702513150204547,0.5135812753734542,0.48634664312372905,-0.027234632249725166,0.7159090909090909,0.7613636363636364,0.045454545454545414
ds006036__EO_or_photomark,AD_FTD_vs_CN,15,88,0.7328052805280527,0.6965517241379311,-0.03625355639012162,0.7787843366452367,0.7001753360607832,-0.07860900058445353,0.5247105651535952,0.39395561242766397,-0.13075495272593118,0.7386363636363636,0.7272727272727273,-0.011363636363636354
ds006036__EO_or_photomark,AD_FTD_vs_CN,16,88,0.6912280701754385,0.7544642857142858,0.06323621553884728,0.7536528345996494,0.7691408533021624,0.01548801870251304,0.48500006656147177,0.5169668180724131,0.031966751510941305,0.6931818181818182,0.7727272727272727,0.07954545454545447
ds006036__EO_or_photomark,AD_FTD_vs_CN,17,88,0.6912280701754385,0.7544642857142858,0.06323621553884728,0.7536528345996494,0.7691408533021624,0.01548801870251304,0.48500006656147177,0.5169668180724131,0.031966751510941305,0.6931818181818182,0.7727272727272727,0.07954545454545447
ds006036__EO_or_photomark,AD_FTD_vs_CN,18,88,0.6465863453815262,0.7544642857142858,0.10787794033275966,0.7109877264757452,0.7691408533021624,0.05815312682641727,0.4073576291593183,0.5169668180724131,0.10960918891309479,0.6477272727272727,0.7727272727272727,0.125
ds006036__EO_or_photomark,AD_FTD_vs_CN,19,88,0.6912280701754385,0.7509903791737408,0.05976230899830226,0.7536528345996494,0.7603740502630041,0.006721215663354707,0.48500006656147177,0.505608521112786,0.020608454551314215,0.6931818181818182,0.7727272727272727,0.07954545454545447
ds006036__EO_or_photomark,AD_FTD_vs_CN,20,88,0.65625,0.7544642857142858,0.09821428571428581,0.7106954997077732,0.7691408533021624,0.05844535359438918,0.40125855963353363,0.5169668180724131,0.11570825843887944,0.6590909090909091,0.7727272727272727,0.11363636363636365
ds006036__EO_or_photomark,AD_vs_CN,1,65,0.7490347490347491,0.7006060606060606,-0.04842868842868853,0.7777777777777778,0.6992337164750958,-0.07854406130268199,0.5983516452371671,0.4043189565754151,-0.194032688661752,0.7538461538461538,0.7076923076923077,-0.0461538461538461
ds006036__EO_or_photomark,AD_vs_CN,2,65,0.7683535281539557,0.767247553115302,-0.0011059750386537281,0.7849616858237547,0.7681992337164751,-0.016762452107279557,0.5823267176854143,0.5348637047238359,-0.0474630129615784,0.7692307692307693,0.7692307692307693,0.0
ds006036__EO_or_photomark,AD_vs_CN,3,65,0.7841555977229602,0.767247553115302,-0.016908044607658157,0.7988505747126436,0.7681992337164751,-0.030651340996168508,0.6064784348631227,0.5348637047238359,-0.07161473013928676,0.7846153846153846,0.7692307692307693,-0.01538461538461533
ds006036__EO_or_photomark,AD_vs_CN,4,65,0.7362138935306757,0.767247553115302,0.03103365958462634,0.757183908045977,0.7681992337164751,0.011015325670498122,0.5347311365991632,0.5348637047238359,0.00013256812467277168,0.7384615384615385,0.7692307692307693,0.03076923076923077
ds006036__EO_or_photomark,AD_vs_CN,5,65,0.6862934362934363,0.767247553115302,0.08095411682186571,0.7155172413793103,0.7681992337164751,0.05268199233716486,0.46423834544262965,0.5348637047238359,0.07062535928120628,0.6923076923076923,0.7692307692307693,0.07692307692307698
ds006036__EO_or_photomark,AD_vs_CN,6,65,0.7214285714285715,0.6612062546537603,-0.06022231677481127,0.7399425287356323,0.6613984674329503,-0.07854406130268199,0.49429922247000824,0.33910491408822535,-0.15519430838178289,0.7230769230769231,0.676923076923077,-0.0461538461538461
ds006036__EO_or_photomark,AD_vs_CN,7,65,0.7374673319078167,0.7509578544061304,0.013490522498313728,0.7538314176245211,0.7509578544061303,-0.002873563218390829,0.5187111939046547,0.5019157088122606,-0.016795485092394147,0.7384615384615385,0.7538461538461538,0.01538461538461533
ds006036__EO_or_photomark,AD_vs_CN,8,65,0.7692307692307692,0.767247553115302,-0.0019832161154671457,0.7782567049808429,0.7681992337164751,-0.010057471264367734,0.5565134099616859,0.5348637047238359,-0.021649705237849926,0.7692307692307693,0.7692307692307693,0.0
ds006036__EO_or_photomark,AD_vs_CN,9,65,0.7149122807017543,0.7509578544061304,0.03604557370437611,0.75,0.7509578544061303,0.0009578544061302763,0.5554373396683665,0.5019157088122606,-0.05352163085610595,0.7230769230769231,0.7538461538461538,0.03076923076923077
ds006036__EO_or_photomark,AD_vs_CN,10,65,0.7523809523809524,0.7509578544061304,-0.0014230979748219852,0.7710727969348659,0.7509578544061303,-0.02011494252873558,0.5584298601158177,0.5019157088122606,-0.05651415130355719,0.7538461538461538,0.7538461538461538,0.0
ds006036__EO_or_photomark,AD_vs_CN,11,65,0.7509578544061304,0.7006060606060606,-0.05035179380006982,0.7744252873563219,0.6992337164750958,-0.07519157088122608,0.5765789785535701,0.4043189565754151,-0.172260021978155,0.7538461538461538,0.7076923076923077,-0.0461538461538461
ds006036__EO_or_photomark,AD_vs_CN,12,65,0.7176640926640926,0.767247553115302,0.04958346045120943,0.7466475095785441,0.7681992337164751,0.02155172413793105,0.5312949953398984,0.5348637047238359,0.003568709383937496,0.7230769230769231,0.7692307692307693,0.04615384615384621
ds006036__EO_or_photomark,AD_vs_CN,13,65,0.7490347490347491,0.767247553115302,0.018212804080552925,0.7777777777777778,0.7681992337164751,-0.009578544061302652,0.5983516452371671,0.5348637047238359,-0.06348794051333118,0.7538461538461538,0.7692307692307693,0.015384615384615441
ds006036__EO_or_photomark,AD_vs_CN,14,65,0.7509578544061304,0.7176640926640927,-0.033293761742037686,0.7744252873563219,0.7164750957854407,-0.057950191570881215,0.5765789785535701,0.4367314877449891,-0.139847490808581,0.7538461538461538,0.7230769230769231,-0.03076923076923077
ds006036__EO_or_photomark,AD_vs_CN,15,65,0.6886973180076628,0.767247553115302,0.07855023510763925,0.7121647509578544,0.7681992337164751,0.056034482758620774,0.4457669938904565,0.5348637047238359,0.08909671083337944,0.6923076923076923,0.7692307692307693,0.07692307692307698
ds006036__EO_or_photomark,AD_vs_CN,16,65,0.7833333333333334,0.7344388368180725,-0.0488944965152609,0.8022030651340997,0.7337164750957854,-0.06848659003831425,0.6225604977616271,0.46923423991105967,-0.15332625785056747,0.7846153846153846,0.7384615384615385,-0.0461538461538461
ds006036__EO_or_photomark,AD_vs_CN,17,65,0.7509578544061304,0.7149122807017545,-0.03604557370437589,0.7744252873563219,0.7131226053639848,-0.06130268199233713,0.5765789785535701,0.43552166280673843,-0.14105731574683167,0.7538461538461538,0.7230769230769231,-0.03076923076923077
ds006036__EO_or_photomark,AD_vs_CN,18,65,0.6375757575757575,0.7509578544061304,0.11338209683037292,0.6704980842911877,0.7509578544061303,0.08045977011494254,0.37268681831858175,0.5019157088122606,0.1292288904936788,0.6461538461538462,0.7538461538461538,0.10769230769230764
ds006036__EO_or_photomark,AD_vs_CN,19,65,0.8153409090909092,0.7509578544061304,-0.06438305468477878,0.8266283524904214,0.7509578544061303,-0.07567049808429116,0.6557740811871776,0.5019157088122606,-0.15385837237491706,0.8153846153846154,0.7538461538461538,-0.06153846153846154
ds006036__EO_or_photomark,AD_vs_CN,20,65,0.7490347490347491,0.7509578544061304,0.0019231053713812951,0.7777777777777778,0.7509578544061303,-0.026819923371647514,0.5983516452371671,0.5019157088122606,-0.09643593642490655,0.7538461538461538,0.7538461538461538,0.0
ds006036__EO_or_photomark,CN_vs_FTD,1,52,0.6853569987898347,0.7114317425083241,0.02607474371848939,0.6874062968515742,0.7188905547226387,0.03148425787106457,0.4196829012986555,0.436149418678647,0.016466517379991497,0.7115384615384616,0.7115384615384616,0.0
ds006036__EO_or_photomark,CN_vs_FTD,2,52,0.6941176470588236,0.7678571428571428,0.07373949579831918,0.7001499250374813,0.7706146926536732,0.07046476761619191,0.48681065303350424,0.5380125402585747,0.051201887225070464,0.7307692307692307,0.7692307692307693,0.03846153846153855
ds006036__EO_or_photomark,CN_vs_FTD,3,52,0.6434045986284792,0.6923076923076923,0.04890309367921308,0.6484257871064467,0.7016491754122939,0.053223388305847164,0.3323888578285351,0.4032983508245877,0.07090949299605259,0.6730769230769231,0.6923076923076923,0.019230769230769162
ds006036__EO_or_photomark,CN_vs_FTD,4,52,0.7026143790849673,0.6700261291526689,-0.03258824993229836,0.704647676161919,0.6709145427286357,-0.033733133433283324,0.4694569257103907,0.34055502554360106,-0.12890190016678965,0.7307692307692307,0.6730769230769231,-0.0576923076923076
ds006036__EO_or_photomark,CN_vs_FTD,5,52,0.6941176470588236,0.7678571428571428,0.07373949579831918,0.7001499250374813,0.7706146926536732,0.07046476761619191,0.48681065303350424,0.5380125402585747,0.051201887225070464,0.7307692307692307,0.7692307692307693,0.03846153846153855
ds006036__EO_or_photomark,CN_vs_FTD,6,52,0.6504201680672269,0.7678571428571428,0.11743697478991588,0.6611694152923538,0.7706146926536732,0.10944527736131937,0.3920010876487019,0.5380125402585747,0.1460114526098728,0.6923076923076923,0.7692307692307693,0.07692307692307698
ds006036__EO_or_photomark,CN_vs_FTD,7,52,0.6941176470588236,0.7678571428571428,0.07373949579831918,0.7001499250374813,0.7706146926536732,0.07046476761619191,0.48681065303350424,0.5380125402585747,0.051201887225070464,0.7307692307692307,0.7692307692307693,0.03846153846153855
ds006036__EO_or_photomark,CN_vs_FTD,8,52,0.7450980392156863,0.7678571428571428,0.022759103641456502,0.7436281859070465,0.7706146926536732,0.026986506746626726,0.5588772925123698,0.5380125402585747,-0.020864752253795138,0.7692307692307693,0.7692307692307693,0.0
ds006036__EO_or_photomark,CN_vs_FTD,9,52,0.5783183952198037,0.7114317425083241,0.13311334728852042,0.6004497751124438,0.7188905547226387,0.11844077961019495,0.25317291159795896,0.436149418678647,0.18297650708068802,0.6346153846153846,0.7115384615384616,0.07692307692307698
ds006036__EO_or_photomark,CN_vs_FTD,10,52,0.7097288676236045,0.6923076923076923,-0.017421175315912252,0.7091454272863569,0.7016491754122939,-0.007496251874062998,0.4585585492710023,0.4032983508245877,-0.05526019844641461,0.7307692307692307,0.6923076923076923,-0.038461538461538436
ds006036__EO_or_photomark,CN_vs_FTD,11,52,0.6941176470588236,0.749165120593692,0.055047473534868385,0.7001499250374813,0.7533733133433284,0.05322338830584705,0.48681065303350424,0.5033620102305381,0.016551357197033822,0.7307692307692307,0.75,0.019230769230769273
ds006036__EO_or_photomark,CN_vs_FTD,12,52,0.6853569987898347,0.749165120593692,0.06380812180385731,0.6874062968515742,0.7533733133433284,0.06596701649175418,0.4196829012986555,0.5033620102305381,0.08367910893188257,0.7115384615384616,0.75,0.038461538461538436
ds006036__EO_or_photomark,CN_vs_FTD,13,52,0.7200828157349897,0.749165120593692,0.029082304858702335,0.7218890554722639,0.7533733133433284,0.03148425787106446,0.5231282523586277,0.5033620102305381,-0.01976624212808964,0.75,0.75,0.0
ds006036__EO_or_photomark,CN_vs_FTD,14,52,0.6853569987898347,0.749165120593692,0.06380812180385731,0.6874062968515742,0.7533733133433284,0.06596701649175418,0.4196829012986555,0.5033620102305381,0.08367910893188257,0.7115384615384616,0.75,0.038461538461538436
ds006036__EO_or_photomark,CN_vs_FTD,15,52,0.7511961722488039,0.749165120593692,-0.0020310516551118596,0.7481259370314842,0.7533733133433284,0.005247376311844132,0.5440246588125511,0.5033620102305381,-0.04066264858201307,0.7692307692307693,0.75,-0.019230769230769273
ds006036__EO_or_photomark,CN_vs_FTD,16,52,0.7743589743589744,0.7678571428571428,-0.00650183150183159,0.7698650674662668,0.7706146926536732,0.0007496251874063997,0.5808023194967747,0.5380125402585747,-0.04278977923820004,0.7884615384615384,0.7692307692307693,-0.019230769230769162
ds006036__EO_or_photomark,CN_vs_FTD,17,52,0.7156250000000001,0.7678571428571428,0.05223214285714273,0.7136431784107946,0.7706146926536732,0.05697151424287861,0.4524008999503507,0.5380125402585747,0.08561164030822399,0.7307692307692307,0.7692307692307693,0.03846153846153855
ds006036__EO_or_photomark,CN_vs_FTD,18,52,0.7156250000000001,0.749165120593692,0.033540120593691936,0.7136431784107946,0.7533733133433284,0.039730134932533745,0.4524008999503507,0.5033620102305381,0.05096111028018735,0.7307692307692307,0.75,0.019230769230769273
ds006036__EO_or_photomark,CN_vs_FTD,19,52,0.7273093989511898,0.7114317425083241,-0.015877656442865762,0.7263868065967016,0.7188905547226387,-0.007496251874062887,0.5069769447687759,0.436149418678647,-0.07082752609012888,0.75,0.7115384615384616,-0.038461538461538436
ds006036__EO_or_photomark,CN_vs_FTD,20,52,0.6770186335403726,0.7303703703703703,0.05335173682999772,0.6829085457271364,0.7361319340329835,0.05322338830584705,0.43122734316049044,0.4694569257103907,0.038229582549900276,0.7115384615384616,0.7307692307692307,0.019230769230769162
