condition,task,variant,repeats,unrestricted_mean_macro_f1,variant_mean_macro_f1,mean_delta_macro_f1,sd_repeat_delta_macro_f1,bootstrap_delta_macro_f1_q025,bootstrap_delta_macro_f1_q975,unrestricted_mean_balanced_accuracy,variant_mean_balanced_accuracy,mean_delta_balanced_accuracy,sd_repeat_delta_balanced_accuracy,bootstrap_delta_balanced_accuracy_q025,bootstrap_delta_balanced_accuracy_q975,unrestricted_mean_mcc,variant_mean_mcc,mean_delta_mcc,sd_repeat_delta_mcc,bootstrap_delta_mcc_q025,bootstrap_delta_mcc_q975
ds004504__EC,AD_FTD_vs_CN,R2_anterior_posterior_only,20,0.7009026994926423,0.6987021642198304,-0.0022005352728118764,0.023310305635488318,-0.01538235547170156,0.011398831900680318,0.7665546464056108,0.7679427235534775,0.0013880771478667286,0.022925003941380688,-0.009643848626534198,0.013705800701344261,0.5118202181071633,0.5165057136247889,0.004685495517625796,0.0426288068518845,-0.014111367248980962,0.025386473859950194
ds004504__EC,AD_FTD_vs_CN,R2_slow_fast_only,20,0.7009026994926423,0.7434665059046524,0.042563806412010394,0.02305997133455043,-0.03303163044365291,0.11430538396152817,0.7665546464056108,0.768220338983051,0.0016656925774400978,0.024034530837005828,-0.07031377849210985,0.06763917299824665,0.5118202181071633,0.5081985469408098,-0.0036216711663535654,0.04373429753254264,-0.13757158893778418,0.11931424507680496
ds004504__EC,AD_FTD_vs_CN,R2_theta_alpha_only,20,0.7009026994926423,0.7458810068277464,0.044978307335104335,0.023370224147554845,-0.02933099456023167,0.12275802757798851,0.7665546464056108,0.7716832261835186,0.0051285797779076605,0.02393171589353013,-0.06568125365283463,0.07621127995324352,0.5118202181071633,0.5141918615980944,0.0023716434909311023,0.04421255618205225,-0.1280113676147114,0.13143570200397742
ds004504__EC,AD_FTD_vs_CN,R2_without_anterior_posterior,20,0.7009026994926423,0.718284087667051,0.01738138817440892,0.046357994258421034,-0.053478195404601775,0.08950620184537243,0.7665546464056108,0.7425628287551139,-0.0239918176504968,0.04098275412803036,-0.09554427235534774,0.044319111630625345,0.5118202181071633,0.4604488156097781,-0.0513714024973851,0.07698887592740915,-0.17934237451786703,0.07134687208977611
ds004504__EC,AD_FTD_vs_CN,R2_without_frontal_theta_occipital_alpha,20,0.7009026994926423,0.6974699446425069,-0.0034327548501352167,0.016384160519918447,-0.013727116345616486,0.00610473693251413,0.7665546464056108,0.7622589129164232,-0.004295733489187592,0.015323357115013394,-0.01323823787258912,0.004251899473991816,0.5118202181071633,0.5032417566883869,-0.008578461418776277,0.028922472438342155,-0.024992821339523012,0.006969606451163728
ds004504__EC,AD_FTD_vs_CN,R2_without_slow_fast,20,0.7009026994926423,0.6073517768971483,-0.09355092259549383,0.03789143811150468,-0.15235944781498334,-0.042966472215180795,0.7665546464056108,0.7062974868497955,-0.0602571595558153,0.033026129692928036,-0.10584782291057859,-0.02049824663939217,0.5118202181071633,0.43056132359068344,-0.08125889451647975,0.05899925240579592,-0.15593647797710533,-0.015178946706139288
ds004504__EC,AD_FTD_vs_CN,R2_without_theta_alpha,20,0.7009026994926423,0.6073517768971483,-0.09355092259549383,0.03789143811150468,-0.14963082410680564,-0.04321251101302536,0.7665546464056108,0.7062974868497955,-0.0602571595558153,0.033026129692928036,-0.10318673290473404,-0.019767314436002343,0.5118202181071633,0.43056132359068344,-0.08125889451647975,0.05899925240579592,-0.1529605314750111,-0.013700687097621393
ds004504__EC,AD_vs_CN,R2_anterior_posterior_only,20,0.7652554122221629,0.7785580988858013,0.013302686663638158,0.02770357107911833,-8.234951301006013e-05,0.027300806738808202,0.7870929118773947,0.7997365900383141,0.012643678160919552,0.024779029841062495,0.0008578783524904123,0.025287954980842887,0.5991327263043457,0.6233011503847047,0.02416842408035903,0.04642333038003439,0.002755417541725721,0.04640455224091265
ds004504__EC,AD_vs_CN,R2_slow_fast_only,20,0.7652554122221629,0.7888520598417511,0.023596647619587914,0.03127967816020457,-0.06350424759559402,0.1075706469191816,0.7870929118773947,0.7939655172413793,0.006872605363984608,0.029218598377323917,-0.07933728448275865,0.08410620210727965,0.5991327263043457,0.5847541112357257,-0.01437861506861966,0.055641597453763424,-0.18071923193075817,0.13439737273511107
ds004504__EC,AD_vs_CN,R2_theta_alpha_only,20,0.7652554122221629,0.7888520598417511,0.023596647619587914,0.03127967816020457,-0.05958426953853574,0.1061880777623683,0.7870929118773947,0.7939655172413793,0.006872605363984608,0.029218598377323917,-0.07373144157088127,0.08353568007662826,0.5991327263043457,0.5847541112357257,-0.01437861506861966,0.055641597453763424,-0.1656878638782793,0.13289177821243603
ds004504__EC,AD_vs_CN,R2_without_anterior_posterior,20,0.7652554122221629,0.7208778516956372,-0.04437756052652566,0.058705912595745445,-0.12265293156024408,0.03931211864819434,0.7870929118773947,0.7240181992337165,-0.06307471264367817,0.0555005734073661,-0.13739343869731804,0.015987188697317915,0.5991327263043457,0.44823403627998265,-0.1508986900243629,0.1070613601630039,-0.29532367255992886,-0.0006949714284118281
ds004504__EC,AD_vs_CN,R2_without_frontal_theta_occipital_alpha,20,0.7652554122221629,0.7663772105291157,0.0011217983069527425,0.014293679294011565,-0.008198185782413185,0.012884491997925443,0.7870929118773947,0.7872844827586207,0.00019157088122605525,0.012799571486257233,-0.007974137931034474,0.01008201628352491,0.5991327263043457,0.5974299067715662,-0.001702819532779304,0.02342004124808931,-0.016839262449852496,0.016031713374295323
ds004504__EC,AD_vs_CN,R2_without_slow_fast,20,0.7652554122221629,0.7024308074861615,-0.06282460473600135,0.03949168776354679,-0.1294042173427868,0.00019673614358667232,0.7870929118773947,0.737045019157088,-0.05004789272030652,0.03505065928527108,-0.1071892959770115,0.004483955938697282,0.5991327263043457,0.524524266447093,-0.07460845985725269,0.06617980892428575,-0.17734868207891155,0.025362910039645668
ds004504__EC,AD_vs_CN,R2_without_theta_alpha,20,0.7652554122221629,0.7024308074861615,-0.06282460473600135,0.03949168776354679,-0.12430080754161063,0.0020840527036248757,0.7870929118773947,0.737045019157088,-0.05004789272030652,0.03505065928527108,-0.10048192049808428,0.007616139846743302,0.5991327263043457,0.524524266447093,-0.07460845985725269,0.06617980892428575,-0.16787193196077047,0.030175671669894395
ds004504__EC,CN_vs_FTD,R2_anterior_posterior_only,20,0.739249417220629,0.738591238378397,-0.0006581788422318768,0.042311664328497284,-0.03529905798682189,0.03577661110690562,0.7374062968515742,0.7367316341829085,-0.0006746626686656654,0.04099731679063274,-0.03092297601199399,0.033246814092953526,0.4919891945700571,0.5117923965055836,0.01980320193552646,0.08015802524651737,-0.045215191930505765,0.09204261182032633
ds004504__EC,CN_vs_FTD,R2_slow_fast_only,20,0.739249417220629,0.7490010169303656,0.009751599709736608,0.04403022934955758,-0.06276241809088158,0.08008684145799962,0.7374062968515742,0.7489880059970013,0.011581709145427254,0.04170012747880222,-0.061718515742128936,0.08045914542728623,0.4919891945700571,0.5007762779732143,0.008787083403157151,0.08158113112264727,-0.13182184643829026,0.1400316753699682
ds004504__EC,CN_vs_FTD,R2_theta_alpha_only,20,0.739249417220629,0.7215337090282782,-0.017715708192350754,0.04180157655944198,-0.08760950170719271,0.050688280344591836,0.7374062968515742,0.723350824587706,-0.014055472263868074,0.0398040423597153,-0.0842634932533733,0.05551068215892057,0.4919891945700571,0.4462239758276397,-0.0457652187424174,0.07954356867063755,-0.18105403290179325,0.08668124423189993
ds004504__EC,CN_vs_FTD,R2_without_anterior_posterior,20,0.739249417220629,0.6759804739289876,-0.06326894329164123,0.056322304625394,-0.12265404053880687,-0.006104695175486724,0.7374062968515742,0.6762743628185905,-0.06113193403298352,0.05501907808644473,-0.11844640179910045,-0.006179722638680706,0.4919891945700571,0.35939441294812147,-0.13259478162193578,0.11257447648170452,-0.24455451096223912,-0.026976825280750346
ds004504__EC,CN_vs_FTD,R2_without_frontal_theta_occipital_alpha,20,0.739249417220629,0.7413462391411889,0.002096821920560088,0.012566656776387877,-0.005157919165882212,0.009747581894498132,0.7374062968515742,0.7396176911544228,0.0022113943028485737,0.012151950126414382,-0.0045033733133433345,0.009151049475262336,0.4919891945700571,0.49386825703687115,0.0018790624668139715,0.02292144870818076,-0.0111050281950536,0.015152765168381016
ds004504__EC,CN_vs_FTD,R2_without_slow_fast,20,0.739249417220629,0.7006089348943094,-0.03864048232631958,0.05018121715005502,-0.1124632409028078,0.03388134255718542,0.7374062968515742,0.7058095952023987,-0.031596701649175406,0.04595795778899477,-0.0917213268365817,0.03606915292353818,0.4919891945700571,0.49771084401062843,0.005721649440571181,0.08528135830478306,-0.120691580300991,0.14376053205208902
ds004504__EC,CN_vs_FTD,R2_without_theta_alpha,20,0.739249417220629,0.7006089348943094,-0.03864048232631958,0.05018121715005502,-0.11338263039259154,0.03025801244722654,0.7374062968515742,0.7058095952023987,-0.031596701649175406,0.04595795778899477,-0.09394302848575714,0.03299006746626684,0.4919891945700571,0.49771084401062843,0.005721649440571181,0.08528135830478306,-0.12821018087499644,0.136340480101029
ds006036__EO_or_photomark,AD_FTD_vs_CN,R2_anterior_posterior_only,20,0.6895878367824292,0.6782249645218118,-0.011362872260617524,0.03486762326002964,-0.027097165434565886,0.004363800386357636,0.750175336060783,0.7465517241379311,-0.003623611922852149,0.03082876136081605,-0.017650862068965524,0.010886908240794822,0.4782095374593268,0.4766374521601449,-0.0015720852991818856,0.05503350995235538,-0.025527930689155254,0.024275836172300645
ds006036__EO_or_photomark,AD_FTD_vs_CN,R2_slow_fast_only,20,0.6895878367824292,0.7426782746560908,0.0530904378736613,0.03740087698604521,-0.04269637695440129,0.14457087908256758,0.750175336060783,0.7535797779076562,0.0034044418468731465,0.03545157242925554,-0.08922888661601405,0.09132269140853305,0.4782095374593268,0.49066223994986713,0.012452702490540288,0.06310356135221763,-0.160838391367142,0.17207975871417128
ds006036__EO_or_photomark,AD_FTD_vs_CN,R2_theta_alpha_only,20,0.6895878367824292,0.7445133316461395,0.054925494863710046,0.03779706280301916,-0.03807617086911141,0.1461471745320972,0.750175336060783,0.7561805961426066,0.0060052600818234604,0.03582214080450057,-0.08615027761542961,0.09001461133839857,0.4782095374593268,0.4947815302718639,0.01657199281253711,0.06397613484007479,-0.157499889771544,0.1763425775219981
ds006036__EO_or_photomark,AD_FTD_vs_CN,R2_without_anterior_posterior,20,0.6895878367824292,0.643714024776681,-0.04587381200574833,0.06789435991742569,-0.12364496046787964,0.03057184244879836,0.750175336060783,0.670864991233197,-0.07931034482758623,0.05568171411095804,-0.1594111630625365,-0.004909044418468728,0.4782095374593268,0.3246326145615691,-0.1535769228977577,0.10570024138210009,-0.30211228285632435,-0.017459630255550977
ds006036__EO_or_photomark,AD_FTD_vs_CN,R2_without_frontal_theta_occipital_alpha,20,0.6895878367824292,0.683211822552037,-0.006376014230392135,0.01534391859470829,-0.013543207240358502,0.00011309253718148532,0.750175336060783,0.743322618351841,-0.006852717708942152,0.0177654635791723,-0.015511396843950904,0.000423728813559332,0.4782095374593268,0.46541037898132487,-0.012799158478001846,0.03410481196343164,-0.030201126382450115,0.0012199532498898672
ds006036__EO_or_photomark,AD_FTD_vs_CN,R2_without_slow_fast,20,0.6895878367824292,0.5894448410502792,-0.10014299573215024,0.04379449624533434,-0.1506111917157574,-0.048716655496994395,0.750175336060783,0.6935856224430158,-0.05658971361776738,0.03872049945846072,-0.09921464056107542,-0.005916130917592067,0.4782095374593268,0.4115253021879012,-0.06668423527142568,0.0693524695790355,-0.14593059374812106,0.02419170210658101
ds006036__EO_or_photomark,AD_FTD_vs_CN,R2_without_theta_alpha,20,0.6895878367824292,0.5937006436749438,-0.09588719310748552,0.043145463947127635,-0.1428511965401434,-0.04339103515248552,0.750175336060783,0.6965517241379312,-0.05362361192285213,0.037761104968145866,-0.09560052600818236,-0.00263442431326715,0.4782095374593268,0.4159797790200953,-0.062229758439231495,0.06749383833156312,-0.1392125694294215,0.032708520599261943
ds006036__EO_or_photomark,AD_vs_CN,R2_anterior_posterior_only,20,0.7406512791172641,0.7328474731427406,-0.0078038059745237694,0.03714363047989285,-0.021506601451547574,0.004797737201256267,0.7632183908045979,0.7583093869731801,-0.004909003831417608,0.03304830580885734,-0.01671755268199233,0.007207854406130265,0.5512020459290409,0.5481871725402855,-0.0030148733887552237,0.06245156428036308,-0.025674878068033553,0.020975811594321575
ds006036__EO_or_photomark,AD_vs_CN,R2_slow_fast_only,20,0.7406512791172641,0.7436580568704502,0.003006777753185691,0.050461409562177706,-0.10361383045761313,0.1082727035029029,0.7632183908045979,0.7437260536398467,-0.019492337164750927,0.047819337811753466,-0.11945701628352492,0.07826149425287358,0.5512020459290409,0.4889817054183048,-0.06222034051073612,0.09112632556598697,-0.25569787159487867,0.1289971096829003
ds006036__EO_or_photomark,AD_vs_CN,R2_theta_alpha_only,20,0.7406512791172641,0.743542175635607,0.0028908965183426726,0.04991269276579579,-0.10370501540974207,0.10974517975299629,0.7632183908045979,0.7435584291187738,-0.019659961685823724,0.04745094569172196,-0.12194384578544064,0.07812619731800759,0.5512020459290409,0.488894683099768,-0.06230736282927292,0.09073660971051713,-0.2529298378260472,0.1260142860118883
ds006036__EO_or_photomark,AD_vs_CN,R2_without_anterior_posterior,20,0.7406512791172641,0.7017654092630303,-0.038885869854233965,0.052807017238581194,-0.13603312330719555,0.05819788266371872,0.7632183908045979,0.7033524904214559,-0.05986590038314175,0.048279342868012345,-0.1509285201149426,0.029415110153256648,0.5512020459290409,0.40872361746729,-0.1424784284617508,0.09568293068953777,-0.31731191545750775,0.028680539298071753
ds006036__EO_or_photomark,AD_vs_CN,R2_without_frontal_theta_occipital_alpha,20,0.7406512791172641,0.7419375884473852,0.0012863093301209104,0.01324967319531082,-0.010053512511861533,0.011629680307958674,0.7632183908045979,0.7627394636015327,-0.0004789272030651326,0.01275762600832632,-0.012212643678160906,0.009414511494252863,0.5512020459290409,0.5465386564297978,-0.004663389499242993,0.027010989627652814,-0.029637248015235297,0.015289226912818714
ds006036__EO_or_photomark,AD_vs_CN,R2_without_slow_fast,20,0.7406512791172641,0.6536749054014175,-0.08697637371584663,0.034208530651922885,-0.1479236185781152,-0.030011311310505096,0.7632183908045979,0.7012452107279693,-0.06197318007662835,0.030655436810436018,-0.10998682950191571,-0.014031369731800775,0.5512020459290409,0.47444886141546017,-0.07675318451358068,0.061232009364598265,-0.16364723021967897,0.006308151806645275
ds006036__EO_or_photomark,AD_vs_CN,R2_without_theta_alpha,20,0.7406512791172641,0.6536856448481212,-0.08696563426914293,0.033282984845127754,-0.15089610038223983,-0.028641916323521734,0.7632183908045979,0.7012452107279694,-0.06197318007662835,0.02990390807282654,-0.10943965517241383,-0.013378831417624545,0.5512020459290409,0.47452938486319535,-0.07667266106584546,0.059789038590849414,-0.16125025635783585,0.008326837469893215
ds006036__EO_or_photomark,CN_vs_FTD,R2_anterior_posterior_only,20,0.6971671013639449,0.7187896346737356,0.02162253330979062,0.053502090472673916,-0.025233293980177294,0.06627366347085403,0.7003373313343327,0.718440779610195,0.01810344827586206,0.047334464051674636,-0.024328148425787087,0.05865910794602696,0.4580854129548431,0.48352383658426534,0.025438423629422297,0.1073770753376571,-0.061344339517231304,0.1126307145634714
ds006036__EO_or_photomark,CN_vs_FTD,R2_slow_fast_only,20,0.6971671013639449,0.7394648917612772,0.04229779039733254,0.04353640847262374,-0.08836562175755888,0.17358679122657078,0.7003373313343327,0.7440779610194903,0.043740629685157455,0.038833246616030846,-0.08399175412293854,0.1633545727136431,0.4580854129548431,0.4855658376066181,0.027480424651774794,0.07522705376448938,-0.20629643301655207,0.2510614154574737
ds006036__EO_or_photomark,CN_vs_FTD,R2_theta_alpha_only,20,0.6971671013639449,0.7585111317254171,0.061344030361472554,0.0402975249199354,-0.06781412982685454,0.18559495349864535,0.7003373313343327,0.7619940029985007,0.06165667166416795,0.035055129632703436,-0.0633423913043478,0.17687499999999992,0.4580854129548431,0.5206872752445564,0.06260186228971319,0.07210262354078535,-0.17694922445850492,0.28782916404051573
ds006036__EO_or_photomark,CN_vs_FTD,R2_without_anterior_posterior,20,0.6971671013639449,0.6319261514280663,-0.06524094993587856,0.07293698656556599,-0.14384883215863525,0.019589901950656553,0.7003373313343327,0.6435907046476762,-0.056746626686656684,0.06175780491075124,-0.12590142428785608,0.01602136431784098,0.4580854129548431,0.3303710558658911,-0.127714357088952,0.12582123623646346,-0.2762141826383576,0.021818145601296645
ds006036__EO_or_photomark,CN_vs_FTD,R2_without_frontal_theta_occipital_alpha,20,0.6971671013639449,0.6838155336889786,-0.013351567674966092,0.020349160171135305,-0.03163238068768957,0.004278463411467512,0.7003373313343327,0.6880059970014992,-0.012331334332833599,0.018236694979062093,-0.028599137931034493,0.0028485757121439197,0.4580854129548431,0.4280909122234112,-0.029994500731431995,0.042913328066757475,-0.06476424548950992,0.0020094324372586965
ds006036__EO_or_photomark,CN_vs_FTD,R2_without_slow_fast,20,0.6971671013639449,0.6336047377218458,-0.06356236364209915,0.05046284110989257,-0.14527208367855024,0.009654313775029117,0.7003373313343327,0.6557346326836582,-0.04460269865067466,0.04110797529620338,-0.10847263868065965,0.015223950524737608,0.4580854129548431,0.4265977972199771,-0.031487615734866095,0.08245139655038494,-0.16647739090972877,0.08997768949872542
ds006036__EO_or_photomark,CN_vs_FTD,R2_without_theta_alpha,20,0.6971671013639449,0.6336047377218458,-0.06356236364209915,0.05046284110989257,-0.13993180345577602,0.0027797072168660587,0.7003373313343327,0.6557346326836582,-0.04460269865067466,0.04110797529620338,-0.10186375562218886,0.010952023988005983,0.4580854129548431,0.4265977972199771,-0.031487615734866095,0.08245139655038494,-0.154568315814723,0.0827828577899732
